-- phpMyAdmin SQL Dump
-- version 5.2.0
-- https://www.phpmyadmin.net/
--
-- Máy chủ: 127.0.0.1
-- Thời gian đã tạo: Th3 03, 2023 lúc 03:11 PM
-- Phiên bản máy phục vụ: 10.4.24-MariaDB
-- Phiên bản PHP: 8.0.19

SET SQL_MODE = "NO_AUTO_VALUE_ON_ZERO";
START TRANSACTION;
SET time_zone = "+00:00";


/*!40101 SET @OLD_CHARACTER_SET_CLIENT=@@CHARACTER_SET_CLIENT */;
/*!40101 SET @OLD_CHARACTER_SET_RESULTS=@@CHARACTER_SET_RESULTS */;
/*!40101 SET @OLD_COLLATION_CONNECTION=@@COLLATION_CONNECTION */;
/*!40101 SET NAMES utf8mb4 */;

--
-- Cơ sở dữ liệu: `ecommerce`
--

-- --------------------------------------------------------

--
-- Cấu trúc bảng cho bảng `attributes`
--

CREATE TABLE `attributes` (
  `id` bigint(20) UNSIGNED NOT NULL,
  `name` varchar(255) COLLATE utf8_unicode_ci NOT NULL,
  `value` varchar(255) COLLATE utf8_unicode_ci NOT NULL,
  `status` tinyint(4) NOT NULL DEFAULT 0,
  `created_at` timestamp NULL DEFAULT NULL,
  `updated_at` timestamp NULL DEFAULT NULL
) ENGINE=InnoDB DEFAULT CHARSET=utf8 COLLATE=utf8_unicode_ci;

--
-- Đang đổ dữ liệu cho bảng `attributes`
--

INSERT INTO `attributes` (`id`, `name`, `value`, `status`, `created_at`, `updated_at`) VALUES
(2, 'color', '#ea2027', 1, '2022-12-18 02:27:02', '2023-01-24 13:32:23'),
(4, 'dimension', '35', 1, '2022-12-18 03:59:51', '2023-01-24 13:38:29'),
(5, 'dimension', '10cm', 1, '2022-12-18 04:03:44', '2023-01-25 07:34:51'),
(6, 'size', 'S', 1, '2022-12-18 04:31:52', '2023-01-24 13:35:17'),
(7, 'memory', '1 GB', 1, '2022-12-18 05:07:15', '2023-01-24 13:33:05'),
(9, 'volume', '500ml', 1, '2022-12-18 05:22:48', '2023-01-24 13:40:38'),
(10, 'volume', '1L', 1, '2022-12-19 01:37:29', '2023-01-24 13:40:34'),
(11, 'color', '#ef5777', 1, '2022-12-31 22:44:37', '2023-01-24 13:31:54'),
(12, 'color', '#fa8231', 1, '2023-01-24 13:27:49', '2023-01-24 13:27:49'),
(13, 'color', '#fed330', 1, '2023-01-24 13:28:06', '2023-01-24 13:28:06'),
(14, 'color', '#20bf6b', 1, '2023-01-24 13:28:30', '2023-01-24 13:28:30'),
(15, 'color', '#0fb9b1', 1, '2023-01-24 13:28:40', '2023-01-24 13:28:40'),
(16, 'color', '#2d98da', 1, '2023-01-24 13:28:47', '2023-01-24 13:28:47'),
(17, 'color', '#8854d0', 1, '2023-01-24 13:29:10', '2023-01-24 13:29:10'),
(18, 'color', '#000000', 1, '2023-01-24 13:29:30', '2023-01-24 13:29:30'),
(19, 'color', '#a5b1c2', 1, '2023-01-24 13:29:40', '2023-01-24 13:29:40'),
(20, 'color', '#ededed', 1, '2023-01-24 13:29:47', '2023-01-24 13:29:47'),
(22, 'memory', '2 GB', 1, '2023-01-24 13:33:50', '2023-01-24 13:33:50'),
(23, 'memory', '4 GB', 1, '2023-01-24 13:33:54', '2023-01-24 13:33:54'),
(24, 'memory', '8 GB', 1, '2023-01-24 13:33:58', '2023-01-24 13:33:58'),
(25, 'memory', '16 GB', 1, '2023-01-24 13:34:01', '2023-01-24 13:34:01'),
(26, 'memory', '32 GB', 1, '2023-01-24 13:34:05', '2023-01-24 13:34:05'),
(27, 'memory', '64 GB', 1, '2023-01-24 13:34:10', '2023-01-24 13:34:10'),
(28, 'memory', '128 GB', 1, '2023-01-24 13:34:15', '2023-01-24 13:34:15'),
(29, 'memory', '256 GB', 1, '2023-01-24 13:34:20', '2023-01-24 13:34:20'),
(30, 'memory', '512 GB', 1, '2023-01-24 13:34:24', '2023-01-24 13:34:24'),
(31, 'memory', '1 TB', 1, '2023-01-24 13:34:42', '2023-01-24 13:34:42'),
(32, 'size', 'M', 1, '2023-01-24 13:35:21', '2023-01-24 13:35:21'),
(33, 'size', 'L', 1, '2023-01-24 13:35:25', '2023-01-24 13:35:25'),
(34, 'size', 'XL', 1, '2023-01-24 13:35:29', '2023-01-24 13:36:11'),
(35, 'size', 'XXL', 1, '2023-01-24 13:35:33', '2023-01-24 13:36:16'),
(37, 'dimension', '15cm', 1, '2023-01-24 13:38:20', '2023-01-25 07:34:57'),
(38, 'dimension', '20cm', 1, '2023-01-24 13:38:43', '2023-01-25 07:35:03'),
(39, 'dimension', '30cm', 1, '2023-01-24 13:38:48', '2023-01-25 07:35:09'),
(40, 'dimension', '50cm', 1, '2023-01-24 13:38:51', '2023-01-25 07:35:20'),
(41, 'dimension', '1m', 1, '2023-01-24 13:38:56', '2023-01-25 07:35:27'),
(42, 'dimension', '1.5m', 1, '2023-01-24 13:39:00', '2023-01-25 07:36:07'),
(43, 'dimension', '2m', 1, '2023-01-24 13:39:03', '2023-01-25 07:36:02'),
(44, 'dimension', '5m', 1, '2023-01-24 13:39:07', '2023-01-25 07:35:56'),
(45, 'dimension', '10m', 1, '2023-01-24 13:39:11', '2023-01-25 07:35:51'),
(46, 'volume', '1.5L', 1, '2023-01-24 13:40:43', '2023-01-24 13:40:43'),
(47, 'volume', '5L', 1, '2023-01-24 13:40:48', '2023-01-24 13:40:48'),
(48, 'volume', '10L', 1, '2023-01-24 13:40:52', '2023-01-24 13:40:52'),
(49, 'volume', '100g', 1, '2023-01-24 13:41:02', '2023-01-24 13:41:02'),
(50, 'volume', '200g', 1, '2023-01-24 13:41:07', '2023-01-24 13:41:07'),
(51, 'volume', '500g', 1, '2023-01-24 13:41:12', '2023-01-24 13:41:12'),
(52, 'volume', '1kg', 1, '2023-01-24 13:41:18', '2023-01-24 13:41:18'),
(53, 'volume', '1.5kg', 1, '2023-01-24 13:41:25', '2023-01-24 13:41:25'),
(54, 'volume', '1m &#178;', 1, '2023-01-24 13:41:56', '2023-01-24 13:41:56'),
(55, 'volume', '2m &#178;', 1, '2023-01-24 13:42:06', '2023-01-24 13:42:06'),
(56, 'color', '#c23616', 1, '2023-01-24 14:45:51', '2023-01-24 14:45:51'),
(57, 'size', '36', 1, '2023-01-25 07:34:08', '2023-01-25 07:34:08'),
(58, 'size', '37', 1, '2023-01-25 07:34:12', '2023-01-25 07:34:12'),
(59, 'size', '38', 1, '2023-01-25 07:34:16', '2023-01-25 07:34:16'),
(60, 'size', '39', 1, '2023-01-25 07:34:19', '2023-01-25 07:34:19'),
(61, 'size', '40', 1, '2023-01-25 07:34:22', '2023-01-25 07:34:22'),
(62, 'size', '41', 1, '2023-01-25 07:34:25', '2023-01-25 07:34:25'),
(63, 'size', '42', 1, '2023-01-25 07:34:28', '2023-01-25 07:34:28'),
(64, 'dimension', '5\'\'', 1, '2023-01-25 13:02:37', '2023-01-25 13:02:37'),
(65, 'dimension', '6.7\'\'', 1, '2023-01-25 13:04:34', '2023-01-25 13:04:34'),
(66, 'dimension', '8.7\'\'', 1, '2023-01-25 13:04:40', '2023-01-25 13:04:40'),
(67, 'dimension', '10\'\'', 1, '2023-01-25 13:04:45', '2023-01-25 13:04:45'),
(68, 'dimension', '13\'\'', 1, '2023-01-25 13:04:53', '2023-01-25 13:04:53'),
(69, 'dimension', '14\'\'', 1, '2023-01-25 13:04:58', '2023-01-25 13:04:58'),
(70, 'dimension', '15.6\'\'', 1, '2023-01-25 13:05:05', '2023-01-25 13:05:05');

-- --------------------------------------------------------

--
-- Cấu trúc bảng cho bảng `brands`
--

CREATE TABLE `brands` (
  `id` bigint(20) UNSIGNED NOT NULL,
  `name` varchar(255) COLLATE utf8_unicode_ci NOT NULL,
  `slug` varchar(255) COLLATE utf8_unicode_ci NOT NULL,
  `status` tinyint(4) NOT NULL DEFAULT 0,
  `created_at` timestamp NULL DEFAULT NULL,
  `updated_at` timestamp NULL DEFAULT NULL
) ENGINE=InnoDB DEFAULT CHARSET=utf8 COLLATE=utf8_unicode_ci;

--
-- Đang đổ dữ liệu cho bảng `brands`
--

INSERT INTO `brands` (`id`, `name`, `slug`, `status`, `created_at`, `updated_at`) VALUES
(1, 'Local Brand', 'localbrand', 1, '2022-11-12 11:27:06', '2023-01-24 14:25:39'),
(2, 'Fearow', 'fearow', 1, '2022-12-10 04:07:19', '2023-01-24 14:25:50'),
(3, 'BITI\'S', 'bitis', 1, '2023-01-24 14:26:08', '2023-01-24 14:26:08'),
(4, 'Thiều Hoa', 'thieuhoa', 1, '2023-01-24 14:26:16', '2023-01-24 14:26:16'),
(5, 'Kydopal', 'kydopal', 1, '2023-01-24 14:26:24', '2023-01-24 14:26:24'),
(6, 'Casio', 'casio', 1, '2023-01-24 14:26:30', '2023-01-24 14:26:30'),
(7, 'OEM', 'oem', 1, '2023-01-24 14:26:35', '2023-01-24 14:26:35'),
(8, 'Apple', 'apple', 1, '2023-01-24 14:27:00', '2023-01-24 14:27:00'),
(9, 'Samsung', 'samsung', 1, '2023-01-24 14:27:05', '2023-01-24 14:27:05'),
(10, 'Huawei', 'huawei', 1, '2023-01-24 14:27:10', '2023-01-24 14:27:10'),
(11, 'Tuya', 'tuya', 1, '2023-01-24 14:27:17', '2023-01-24 14:27:17'),
(12, 'Deli', 'deli', 1, '2023-01-24 14:27:24', '2023-01-24 14:27:24'),
(13, 'DHC', 'dhc', 1, '2023-01-24 14:27:32', '2023-01-24 14:27:32'),
(14, 'Puritan\'s Pride', 'puritanspride', 1, '2023-01-24 14:27:45', '2023-01-24 14:27:45'),
(15, 'Focallure', 'focallure', 1, '2023-01-24 14:27:57', '2023-01-24 14:27:57'),
(16, 'Cocoon', 'cocoon', 1, '2023-01-24 14:28:51', '2023-01-24 14:28:51'),
(17, 'Nestlé', 'nestle', 1, '2023-01-24 14:29:01', '2023-01-24 14:29:01'),
(18, 'Alpenliebe', 'alpenliebe', 1, '2023-01-24 14:29:05', '2023-01-24 14:29:05'),
(19, 'Lock&Lock', 'locklock', 1, '2023-01-24 14:29:17', '2023-01-24 14:29:17'),
(20, 'Green Cook', 'greencook', 1, '2023-01-24 14:29:26', '2023-01-24 14:29:26'),
(21, 'Fahasa', 'fahasa', 1, '2023-01-24 14:29:36', '2023-01-24 14:29:36'),
(22, 'Adidas', 'adidas', 1, '2023-01-24 14:29:43', '2023-01-24 14:29:43'),
(23, 'Bamozo', 'bamozo', 1, '2023-01-24 14:29:48', '2023-01-24 14:29:48');

-- --------------------------------------------------------

--
-- Cấu trúc bảng cho bảng `carts`
--

CREATE TABLE `carts` (
  `id` bigint(20) UNSIGNED NOT NULL,
  `user_id` bigint(20) UNSIGNED NOT NULL,
  `product_id` bigint(20) UNSIGNED NOT NULL,
  `qty` int(11) NOT NULL,
  `chosen_attribute` longtext CHARACTER SET utf8mb4 COLLATE utf8mb4_bin NOT NULL CHECK (json_valid(`chosen_attribute`)),
  `created_at` timestamp NULL DEFAULT NULL,
  `updated_at` timestamp NULL DEFAULT NULL
) ENGINE=InnoDB DEFAULT CHARSET=utf8 COLLATE=utf8_unicode_ci;

--
-- Đang đổ dữ liệu cho bảng `carts`
--

INSERT INTO `carts` (`id`, `user_id`, `product_id`, `qty`, `chosen_attribute`, `created_at`, `updated_at`) VALUES
(102, 8, 9, 8, '[\"16\",\"40\"]', '2023-01-28 08:32:05', '2023-02-10 07:52:02'),
(103, 8, 3, 2, '[\"14\"]', '2023-01-28 08:32:14', '2023-01-28 09:40:49'),
(117, 11, 47, 5, '[]', '2023-02-10 07:37:15', '2023-02-10 07:37:51'),
(120, 11, 32, 1, '[\"18\"]', '2023-02-25 09:13:33', '2023-02-25 09:13:33');

-- --------------------------------------------------------

--
-- Cấu trúc bảng cho bảng `categories`
--

CREATE TABLE `categories` (
  `id` bigint(20) UNSIGNED NOT NULL,
  `name` varchar(255) COLLATE utf8_unicode_ci NOT NULL,
  `slug` varchar(255) COLLATE utf8_unicode_ci NOT NULL,
  `image` varchar(255) COLLATE utf8_unicode_ci DEFAULT NULL,
  `description` longtext COLLATE utf8_unicode_ci DEFAULT NULL,
  `status` tinyint(4) NOT NULL DEFAULT 0,
  `popular` tinyint(4) NOT NULL DEFAULT 0,
  `created_at` timestamp NULL DEFAULT NULL,
  `updated_at` timestamp NULL DEFAULT NULL
) ENGINE=InnoDB DEFAULT CHARSET=utf8 COLLATE=utf8_unicode_ci;

--
-- Đang đổ dữ liệu cho bảng `categories`
--

INSERT INTO `categories` (`id`, `name`, `slug`, `image`, `description`, `status`, `popular`, `created_at`, `updated_at`) VALUES
(1, 'Điện tử & phụ kiện', 'dientu', '20230124204530.jpg', 'Bao gồm các sản phẩm như Smart, tablet, laptop, Tivi, tai nghe, usb,...', 1, 0, '2022-11-12 11:18:04', '2023-01-25 08:38:30'),
(2, 'Trang sức & phụ kiện', 'trangsucvaphukien', '20230218174753.jpeg', 'Bao gồm các sản phẩm như vòng, dây chuyền, đồng hồ, kính,...', 1, 0, '2022-11-12 11:18:04', '2023-02-18 10:47:53'),
(5, 'Nhà cửa', 'nhacua', '20230124205523.jpg', 'Bao gồm các sản phẩm như nồi, chảo, bình nước giữ nhiệt,...', 1, 0, '2022-11-12 11:18:05', '2023-01-24 14:22:37'),
(6, 'Bách hóa', 'bachhoa', '20230124205410.jpg', 'Bao gồm các sản phẩm như bánh, kẹo, thực phẩm, sữa,...', 1, 0, '2022-11-12 11:18:05', '2023-01-24 13:54:10'),
(8, 'Sắc đẹp', 'sacdep', '20230124205231.jpg', 'Bao gồm các sản phẩm như mỹ phẩm, trang điểm, chăm sóc da, tóc,..', 1, 0, '2022-11-12 11:18:05', '2023-01-24 13:58:29'),
(9, 'Sức khỏe', 'suckhoe', '20230124205122.jpg', 'Bao gồm các sản phẩm như thuốc, thực phẩm chức năng', 1, 0, '2022-11-12 11:18:05', '2023-01-24 13:51:22'),
(10, 'Thiết bị gia dụng', 'thietbigiadung', '20230124204741.jpg', 'Các thiết bị điện, thiết bị tiện dụng, sửa chữa,…)', 1, 0, '2022-11-12 11:18:05', '2023-01-24 13:47:41'),
(11, 'Nhà sách', 'nhasach', '20230124205554.jpg', 'Bao gồm các sản phẩm như sách, truyện tranh, tiểu thuyết,...', 1, 1, '2022-12-03 04:44:51', '2023-01-24 13:55:54'),
(12, 'Thời trang', 'thoitrang', '20230121212730.jpg', 'Bao gồm các sản phẩm như quần áo giày dép', 1, 0, '2023-01-21 14:27:30', '2023-01-24 13:53:38'),
(13, 'Thể thao', 'thethao', '20230124211900.jpg', 'Bao gồm các sản phẩm như những đồ chuyển dụng cho thể thao, dã ngoại,...', 1, 0, '2023-01-21 15:17:14', '2023-01-24 14:22:29');

-- --------------------------------------------------------

--
-- Cấu trúc bảng cho bảng `ch_favorites`
--

CREATE TABLE `ch_favorites` (
  `id` bigint(20) NOT NULL,
  `user_id` bigint(20) NOT NULL,
  `favorite_id` bigint(20) NOT NULL,
  `created_at` timestamp NULL DEFAULT NULL,
  `updated_at` timestamp NULL DEFAULT NULL
) ENGINE=InnoDB DEFAULT CHARSET=utf8 COLLATE=utf8_unicode_ci;

--
-- Đang đổ dữ liệu cho bảng `ch_favorites`
--

INSERT INTO `ch_favorites` (`id`, `user_id`, `favorite_id`, `created_at`, `updated_at`) VALUES
(77973307, 11, 3, '2023-01-27 14:40:50', '2023-01-27 14:40:50');

-- --------------------------------------------------------

--
-- Cấu trúc bảng cho bảng `ch_messages`
--

CREATE TABLE `ch_messages` (
  `id` bigint(20) NOT NULL,
  `type` varchar(255) COLLATE utf8_unicode_ci NOT NULL,
  `from_id` bigint(20) NOT NULL,
  `to_id` bigint(20) NOT NULL,
  `body` varchar(5000) COLLATE utf8_unicode_ci DEFAULT NULL,
  `attachment` varchar(255) COLLATE utf8_unicode_ci DEFAULT NULL,
  `seen` tinyint(1) NOT NULL DEFAULT 0,
  `created_at` timestamp NULL DEFAULT NULL,
  `updated_at` timestamp NULL DEFAULT NULL
) ENGINE=InnoDB DEFAULT CHARSET=utf8 COLLATE=utf8_unicode_ci;

--
-- Đang đổ dữ liệu cho bảng `ch_messages`
--

INSERT INTO `ch_messages` (`id`, `type`, `from_id`, `to_id`, `body`, `attachment`, `seen`, `created_at`, `updated_at`) VALUES
(1788375839, 'user', 2, 10, 'Hello', NULL, 0, '2023-01-27 14:43:18', '2023-01-27 14:43:18'),
(1818328532, 'user', 11, 7, '...', NULL, 0, '2023-01-27 14:40:27', '2023-01-27 14:40:27'),
(1856064522, 'user', 11, 2, 'xin ch&agrave;o sản phẩm n&agrave;y c&ograve;n h&agrave;ng kh&ocirc;ng ạ?', NULL, 1, '2023-02-25 09:24:31', '2023-02-25 09:25:01'),
(1882313451, 'user', 11, 3, 'hi shop', NULL, 1, '2023-01-27 14:39:59', '2023-01-28 08:06:49'),
(1902470332, 'user', 6, 11, 'hi hi hi', NULL, 0, '2023-02-23 14:47:36', '2023-02-23 14:47:36'),
(1940410902, 'user', 2, 11, 'hi', NULL, 1, '2023-02-23 14:45:10', '2023-02-25 09:24:13'),
(1964095790, 'user', 11, 2, '...', NULL, 1, '2023-01-27 14:38:53', '2023-01-27 14:42:42'),
(2010482559, 'user', 6, 11, 'Hi', NULL, 0, '2023-02-23 14:47:32', '2023-02-23 14:47:32'),
(2020946764, 'user', 2, 9, 'hi', NULL, 0, '2023-01-29 07:28:07', '2023-01-29 07:28:07'),
(2045532595, 'user', 2, 11, 'ch&agrave;o bạn sản phẩm n&agrave;y c&ograve;n h&agrave;ng ạ', NULL, 1, '2023-02-25 09:25:23', '2023-02-25 09:25:26'),
(2052648962, 'user', 2, 11, 'Hiii', NULL, 1, '2023-01-28 08:03:49', '2023-01-28 10:48:51'),
(2097272626, 'user', 11, 9, '...', NULL, 0, '2023-01-27 14:40:40', '2023-01-27 14:40:40'),
(2123278520, 'user', 3, 11, 'xin ch&agrave;o qu&yacute; kh&aacute;ch ạ', NULL, 0, '2023-01-28 08:12:10', '2023-01-28 08:12:10'),
(2220937916, 'user', 6, 11, 'Hello', '{\"new_name\":\"f72dc49c-b297-4e4f-8f97-70141ac44982.png\",\"old_name\":\"Hello.png\"}', 0, '2023-02-23 14:47:50', '2023-02-23 14:47:50'),
(2248765340, 'user', 11, 7, 'hi shop', NULL, 0, '2023-01-27 14:40:29', '2023-01-27 14:40:29'),
(2259448789, 'user', 11, 2, 'Hi', NULL, 1, '2023-01-27 14:38:43', '2023-01-27 14:42:42'),
(2265925128, 'user', 11, 2, 'Alo', '{\"new_name\":\"0492b06b-e887-4cae-a207-d99825f69d23.png\",\"old_name\":\"StarStaringStarling-DANE-EN-R-1E.png\"}', 1, '2023-01-27 14:39:18', '2023-01-27 14:42:42'),
(2287480902, 'user', 2, 8, 'hi', NULL, 0, '2023-02-23 14:45:02', '2023-02-23 14:45:02'),
(2345579984, 'user', 2, 11, 'xin ch&agrave;o qu&yacute; kh&aacute;ch', NULL, 1, '2023-01-28 08:03:52', '2023-01-28 10:48:51'),
(2372078715, 'user', 11, 9, 'Hi', NULL, 0, '2023-01-27 14:40:38', '2023-01-27 14:40:38'),
(2385506808, 'user', 11, 2, '', '{\"new_name\":\"b06eba23-028a-46f3-9995-74a3f7ec0be6.jpg\",\"old_name\":\"20230124205231.jpg\"}', 1, '2023-02-25 09:24:48', '2023-02-25 09:25:01'),
(2392127045, 'user', 11, 1, 'Hi', NULL, 0, '2023-01-27 14:39:46', '2023-01-27 14:39:46'),
(2408894853, 'user', 11, 4, '...', NULL, 0, '2023-01-27 14:40:07', '2023-01-27 14:40:07'),
(2415389729, 'user', 11, 4, 'hi shop', NULL, 0, '2023-01-27 14:40:05', '2023-01-27 14:40:05'),
(2424255751, 'user', 11, 2, 'Shop oi', NULL, 1, '2023-01-27 14:38:48', '2023-01-27 14:42:42'),
(2426112053, 'user', 2, 3, 'Hello', NULL, 0, '2023-01-27 14:42:24', '2023-01-27 14:42:24'),
(2639877248, 'user', 2, 4, 'Hello', NULL, 0, '2023-01-27 14:42:34', '2023-01-27 14:42:34');

-- --------------------------------------------------------

--
-- Cấu trúc bảng cho bảng `failed_jobs`
--

CREATE TABLE `failed_jobs` (
  `id` bigint(20) UNSIGNED NOT NULL,
  `uuid` varchar(255) COLLATE utf8_unicode_ci NOT NULL,
  `connection` text COLLATE utf8_unicode_ci NOT NULL,
  `queue` text COLLATE utf8_unicode_ci NOT NULL,
  `payload` longtext COLLATE utf8_unicode_ci NOT NULL,
  `exception` longtext COLLATE utf8_unicode_ci NOT NULL,
  `failed_at` timestamp NOT NULL DEFAULT current_timestamp()
) ENGINE=InnoDB DEFAULT CHARSET=utf8 COLLATE=utf8_unicode_ci;

-- --------------------------------------------------------

--
-- Cấu trúc bảng cho bảng `migrations`
--

CREATE TABLE `migrations` (
  `id` int(10) UNSIGNED NOT NULL,
  `migration` varchar(255) COLLATE utf8_unicode_ci NOT NULL,
  `batch` int(11) NOT NULL
) ENGINE=InnoDB DEFAULT CHARSET=utf8 COLLATE=utf8_unicode_ci;

--
-- Đang đổ dữ liệu cho bảng `migrations`
--

INSERT INTO `migrations` (`id`, `migration`, `batch`) VALUES
(1, '2014_10_12_000000_create_users_table', 1),
(2, '2014_10_12_100000_create_password_resets_table', 1),
(3, '2019_08_19_000000_create_failed_jobs_table', 1),
(4, '2019_12_14_000001_create_personal_access_tokens_table', 1),
(5, '2022_11_04_082519_create_categories_table', 1),
(6, '2022_11_11_083421_create_sellers_table', 1),
(7, '2022_11_11_125714_create_brands_table', 1),
(8, '2022_11_11_135638_create_products_table', 1),
(9, '2022_11_12_085637_create_product_images_table', 1),
(10, '2022_11_20_133019_create_profile_users_table', 1),
(11, '2022_12_18_141404_create_attributes_table', 1),
(12, '2022_12_23_085144_create_carts_table', 1),
(13, '2022_12_25_094033_create_orders_table', 1),
(14, '2022_12_26_100404_create_order_items_table', 1),
(15, '2022_12_31_999999_add_active_status_to_users', 1),
(16, '2022_12_31_999999_add_avatar_to_users', 1),
(17, '2022_12_31_999999_add_dark_mode_to_users', 1),
(18, '2022_12_31_999999_add_messenger_color_to_users', 1),
(19, '2022_12_31_999999_create_favorites_table', 1),
(20, '2022_12_31_999999_create_messages_table', 1),
(21, '2023_01_11_133404_create_ratings_table', 1),
(22, '2023_01_14_151934_create_ontologies_table', 1);

-- --------------------------------------------------------

--
-- Cấu trúc bảng cho bảng `ontologies`
--

CREATE TABLE `ontologies` (
  `id` bigint(20) UNSIGNED NOT NULL,
  `ask` varchar(255) COLLATE utf8_unicode_ci NOT NULL,
  `answer` longtext COLLATE utf8_unicode_ci NOT NULL,
  `created_at` timestamp NULL DEFAULT NULL,
  `updated_at` timestamp NULL DEFAULT NULL
) ENGINE=InnoDB DEFAULT CHARSET=utf8 COLLATE=utf8_unicode_ci;

--
-- Đang đổ dữ liệu cho bảng `ontologies`
--

INSERT INTO `ontologies` (`id`, `ask`, `answer`, `created_at`, `updated_at`) VALUES
(1, 'bán gì', '[\"Đây là sàn thương mại điện tử, nơi các nhà bán hàng bán các sản phẩm đa dạng khác nhau như là: điện thoại, quần áo,...\"]', NULL, NULL),
(2, 'Mua hàng, đặt hàng', '[\"Khi cần mua hàng, bạn nhấn vào biểu tượng giỏ hàng → Chọn sản phẩm cần mua → Ấn thanh toán → Điền các thông tin về địa chỉ giao hàng và chọn phương thức thanh toán → Ấn đặt hàng. \"]', NULL, NULL),
(3, 'Chăm sóc, hỗ trợ', '[\"Nếu có bất kỳ vấn đề gì cần trao đổi quý khách có thể liên hệ hotline 0937 435 006. Chân thành cảm ơn quý khách!\"]', NULL, NULL),
(4, 'Đánh giá, bình luận', '[\"Bạn có thể đánh giá sao và bình luận về sản phẩm bạn đã mua bằng cách ấn vào sản phẩm muốn đánh giá → chọn mục review → Nhập đánh giá và ấn nút gửi.\"]', NULL, NULL),
(5, 'Nâng cấp thành nhà bán hàng, muốn bán hàng', '[\"Để đăng ký nhà bán hàng, bạn nhấp vào tên của tài khoản → Đăng ký bán hàng  Nhập các thông tin đăng ký → ấn nút gửi.\"]', NULL, NULL),
(6, 'Thanh toán sản phẩm', '[\"Có 2 hình thức thanh toán là: Thanh toán khi nhận hàng (COD) và Thanh toán online.\"]', NULL, NULL),
(7, 'tiền mặt, COD, thanh toán khi nhận hàng', '[\"Cửa hàng có hỗ trợ hình thức thanh toán khi nhận hàng\"]', NULL, NULL),
(8, 'online, thẻ, ngân hàng', '[\"Bạn có thể thanh toán bằng thẻ của các ngân hàng như Agribank, Vietcombank, Vietinbank, ACB, VISA/MASTER, SacomBank, Techcombank,…\"]', NULL, NULL),
(9, 'Tạo tài khoản, đăng ký', '[\"Khi cần đăng ký tài khoản, bạn nhấn vào biểu tượng đăng ký và điền các thông tin để đăng ký tài khoản → Cửa hàng sẽ gửi mail đến địa chỉ bạn đã đăng ký, khi bạn ấn xác nhận sẽ đăng ký tài khoản thành công.\"]', NULL, NULL),
(10, 'đăng nhập', '[\"Bạn nhấn vào biểu tượng đăng nhập → Điền Email và password để đăng nhập. Bạn cũng có thể đăng nhập bằng tài khoản Facebook hoặc Google.\"]', NULL, NULL),
(11, 'quên mật khẩu', '[\"Bạn nhấn vào biểu tượng đăng nhập → Chọn quên mật khẩu → Điền Email để lấy lại mật khẩu → Cửa hàng sẽ gửi mail đến địa để bạn ấn xác nhận và đặt lại mật khẩu mới.\"]', NULL, NULL),
(12, 'đổi mật khẩu', '[\"Để đổi mật khẩu, bạn nhấp vào tên của tài khoản → Thông tin tài khoản → Đổi mật khẩu.\"]', NULL, NULL),
(13, 'tình trạng đơn hàng', '[\"Sau khi mua hàng, bạn có thể theo dõi tình trạng đơn hàng bằng cách nhấn vào biểu tượng giỏ hàng → Chọn tab tình trạng đơn hàng\"]', NULL, NULL),
(14, 'tìm kiếm', '[\"Bạn nhập từ khóa tìm kiếm trên thanh tìm kiếm.Ngoài ra quý khách có thể tìm kiếm theo loại sản phẩm.\"]', NULL, NULL),
(15, 'thêm sản phẩm', '[\"Bạn chọn sản phẩm cần thêm và ấn vào chi tiết sản phẩm → Chọn số lượng (và các thông tin khách,..) → Chọn thêm vào giỏ hàng.\"]', NULL, NULL),
(16, 'cập nhật sản phẩm, sửa sản phẩm, chỉnh sản phẩm', '[\"Bạn nhấn vào biểu tượng giỏ hàng → Chọn sản phẩm cần chỉnh số lượng → Chỉnh số lượng.\"]', NULL, NULL),
(17, 'xóa sản phẩm', '[\"Bạn nhấn vào biểu tượng giỏ hàng → Chọn sản phẩm cần xóa → Ấn nút xóa.\"]', NULL, NULL),
(18, 'loại sản phẩm, loại hàng', '[\"Cửa hàng bao gồm các loại hàng như quần áo, thiết bị điện tử, mỹ phẩm, đồ gia dụng, bách hóa,… Chọn loại sản phẩm cần xem để xem tất cả các sản phẩm thuộc loại sản phẩm đó\"]', NULL, NULL),
(19, 'nhắn tin, trò chuyện, trao đổi', '[\"Bạn chọn biểu tượng tin nhắn → Chọn người cần nhắn và nhắn tin.\"]', NULL, NULL),
(20, 'cập nhật thông tin, sửa sản thông tin, chỉnh thông tin, cập nhật tài khoản, sửa sản tài khoản, chỉnh tài khoản', '[\"Để cập nhật thông tin tài khoản, bạn nhấp vào tên của tài khoản → Thông tin tài khoản → Chọn thông tin cần cập nhật → Ấn xác nhận.\"]', NULL, NULL);

-- --------------------------------------------------------

--
-- Cấu trúc bảng cho bảng `orders`
--

CREATE TABLE `orders` (
  `id` bigint(20) UNSIGNED NOT NULL,
  `bill_id` varchar(255) COLLATE utf8_unicode_ci NOT NULL,
  `user_id` bigint(20) UNSIGNED NOT NULL,
  `name` varchar(255) COLLATE utf8_unicode_ci NOT NULL,
  `email` varchar(255) COLLATE utf8_unicode_ci NOT NULL,
  `phone` varchar(255) COLLATE utf8_unicode_ci NOT NULL,
  `address` varchar(255) COLLATE utf8_unicode_ci NOT NULL,
  `city` varchar(255) COLLATE utf8_unicode_ci NOT NULL,
  `ward` varchar(255) COLLATE utf8_unicode_ci NOT NULL,
  `message` varchar(255) COLLATE utf8_unicode_ci DEFAULT NULL,
  `price` bigint(20) NOT NULL,
  `payed` tinyint(4) NOT NULL DEFAULT 0,
  `created_at` timestamp NULL DEFAULT NULL,
  `updated_at` timestamp NULL DEFAULT NULL
) ENGINE=InnoDB DEFAULT CHARSET=utf8 COLLATE=utf8_unicode_ci;

--
-- Đang đổ dữ liệu cho bảng `orders`
--

INSERT INTO `orders` (`id`, `bill_id`, `user_id`, `name`, `email`, `phone`, `address`, `city`, `ward`, `message`, `price`, `payed`, `created_at`, `updated_at`) VALUES
(1, '202301268552332698', 8, 'Nguyễn Thị Thu Hà', 'thuha@gmail.com', '0123456789', '192 Nguyễn Trãi', 'Thành phố Hồ Chí Minh', 'Quận 5', NULL, 44480000, 0, '2023-01-26 10:10:05', '2023-01-26 10:10:05'),
(7, '202301268552334248', 8, 'Nguyễn Thị Thu Hà', 'thuha@gmail.com', '0123456789', '192 Nguyễn Trãi', 'Thành phố Hồ Chí Minh', 'Quận 5', NULL, 71129000, 0, '2023-01-26 11:05:07', '2023-01-26 11:05:07'),
(8, '202301268552332768', 8, 'Nguyễn Thị Thu Hà', 'thuha@gmail.com', '0123456789', '192 Nguyễn Trãi', 'Thành phố Hồ Chí Minh', 'Quận 5', 'Giao buổi chiều nha.', 13998500, 0, '2023-01-26 13:50:23', '2023-01-26 13:50:23'),
(9, '202301268552334778', 8, 'Nguyễn Thị Thu Hà', 'thuha@gmail.com', '0937435006', '192 Nguyễn Trãi', 'Thành phố Hồ Chí Minh', 'Quận 5', NULL, 1063000, 0, '2023-01-26 13:57:24', '2023-01-26 13:57:24'),
(10, '202301268552334738', 8, 'Nguyễn Thị Thu Hà', 'thuha@gmail.com', '0123456789', 'Nguyễn Trãi Q.1 TP.HCM', 'Thành phố Hồ Chí Minh', 'Quận 5', NULL, 1284000, 0, '2023-01-26 14:00:05', '2023-01-26 14:00:05'),
(11, '202301262060038778', 8, 'Nguyễn Thị Thu Hà', 'thuha@gmail.com', '0937435006', '192 Nguyễn Trãi', 'Thành phố Hồ Chí Minh', 'Quận 5', 'abc', 793000, 0, '2023-01-26 14:03:43', '2023-01-26 14:03:43'),
(12, '202301261408217418', 8, 'Nguyễn Thị Thu Hà', 'thuha@gmail.com', '0937435006', '192 Nguyễn Trãi', 'Thành phố Hồ Chí Minh', 'Quận 5', NULL, 1750000, 0, '2023-01-26 15:05:11', '2023-01-26 15:05:11'),
(13, '2023012614445494868', 8, 'Nguyễn Thị Thu Hà', 'thuha@gmail.com', '0937435006', '192 Nguyễn Trãi', 'Thành phố Hồ Chí Minh', 'Quận 5', NULL, 1903000, 0, '2023-01-26 15:06:01', '2023-01-26 15:06:01'),
(14, '2023012612472656258', 8, 'Nguyễn Thị Thu Hà', 'thuha@gmail.com', '0937435006', '192 Nguyễn Trãi', 'Thành phố Hồ Chí Minh', 'Quận 5', NULL, 6479000, 0, '2023-01-26 15:07:00', '2023-01-26 15:07:00'),
(15, '202301263934371568', 8, 'Nguyễn Thị Thu Hà', 'thuha@gmail.com', '0123456789', '192 Nguyễn Trãi', 'Thành phố Hồ Chí Minh', 'Quận 5', NULL, 722000, 0, '2023-01-26 15:35:08', '2023-01-26 15:35:08'),
(16, '202301269902790998', 8, 'Nguyễn Thị Thu Hà', 'thuha@gmail.com', '0123456789', '192 Nguyễn Trãi', 'Thành phố Hồ Chí Minh', 'Quận 5', NULL, 111000, 0, '2023-01-26 15:35:49', '2023-01-26 15:35:49'),
(17, '20230126214460988', 8, 'Nguyễn Thị Thu Hà', 'thuha@gmail.com', '0123456789', '192 Nguyễn Trãi', 'Thành phố Hồ Chí Minh', 'Quận 5', NULL, 106000, 0, '2023-01-26 15:36:51', '2023-01-26 15:36:51'),
(18, '2023012619467132628', 8, 'Nguyễn Thị Thu Hà', 'thuha@gmail.com', '0937435006', '192 Nguyễn Trãi', 'Thành phố Hồ Chí Minh', 'Quận 5', 'a', 917000, 0, '2023-01-26 15:42:24', '2023-01-26 15:42:24'),
(19, '202301264462595298', 8, 'Nguyễn Thị Thu Hà', 'thuha@gmail.com', '0123456789', '192 Nguyễn Trãi', 'Thành phố Hồ Chí Minh', 'Quận 5', NULL, 400000, 0, '2023-01-26 15:43:09', '2023-01-26 15:43:09'),
(20, '2023012613134519168', 8, 'Nguyễn Thị Thu Hà', 'thuha@gmail.com', '0937435006', '192 Nguyễn Trãi', 'Thành phố Hồ Chí Minh', 'Quận 5', NULL, 142000, 0, '2023-01-26 15:43:59', '2023-01-26 15:43:59'),
(21, '202301263771545028', 8, 'Nguyễn Thị Thu Hà', 'thuha@gmail.com', '0937435006', '192 Nguyễn Trãi', 'Thành phố Hồ Chí Minh', 'Quận 5', NULL, 2125000, 0, '2023-01-26 15:45:59', '2023-01-26 15:45:59'),
(22, '202301265606538128', 8, 'Nguyễn Thị Thu Hà', 'thuha@gmail.com', '0123456789', '192 Nguyễn Trãi', 'Thành phố Hồ Chí Minh', 'Quận 5', NULL, 633000, 0, '2023-01-26 15:47:03', '2023-01-26 15:47:03'),
(23, '202301264778018578', 8, 'Nguyễn Thị Thu Hà', 'thuha@gmail.com', '0937435006', '192 Nguyễn Trãi', 'Thành phố Hồ Chí Minh', 'Quận 5', 'abc', 756000, 0, '2023-01-26 15:48:09', '2023-01-26 15:48:09'),
(24, '202301264042810298', 8, 'Nguyễn Thị Thu Hà', 'thuha@gmail.com', '0123456789', '192 Nguyễn Trãi', 'Thành phố Hồ Chí Minh', 'Quận 5', NULL, 1058000, 0, '2023-01-26 15:53:05', '2023-01-26 15:53:05'),
(25, '202301265722258288', 8, 'Nguyễn Thị Thu Hà', 'thuha@gmail.com', '0123456789', '192 Nguyễn Trãi', 'Thành phố Hồ Chí Minh', 'Quận 5', 'abc', 1183000, 0, '2023-01-26 15:53:47', '2023-01-26 15:53:47'),
(26, '2023012614959310958', 8, 'Nguyễn Thị Thu Hà', 'thuha@gmail.com', '0123456789', '192 Nguyễn Trãi', 'Thành phố Hồ Chí Minh', 'Quận 5', 'avb', 653000, 0, '2023-01-26 15:54:38', '2023-01-26 15:54:38'),
(27, '2023012619309968438', 8, 'Nguyễn Thị Thu Hà', 'thuha@gmail.com', '0937435006', '192 Nguyễn Trãi', 'Thành phố Hồ Chí Minh', 'Quận 5', NULL, 290000, 0, '2023-01-26 15:58:46', '2023-01-26 15:58:46'),
(28, '2023012618359143768', 8, 'Nguyễn Thị Thu Hà', 'thuha@gmail.com', '0937435006', '192 Nguyễn Trãi', 'Thành phố Hồ Chí Minh', 'Quận 5', NULL, 351000, 0, '2023-01-26 15:59:31', '2023-01-26 15:59:31'),
(29, '202301261603350908', 8, 'Nguyễn Thị Thu Hà', 'thuha@gmail.com', '0123456789', '192 Nguyễn Trãi', 'Thành phố Hồ Chí Minh', 'Quận 5', 'abc', 307000, 0, '2023-01-26 16:00:27', '2023-01-26 16:00:27'),
(30, '2023012620607815998', 8, 'Nguyễn Thị Thu Hà', 'thuha@gmail.com', '0937435006', '192 Nguyễn Trãi', 'Thành phố Hồ Chí Minh', 'Quận 5', NULL, 592000, 0, '2023-01-26 16:01:49', '2023-01-26 16:01:49'),
(31, '202301269200064548', 8, 'Nguyễn Thị Thu Hà', 'thuha@gmail.com', '0937435006', '192 Nguyễn Trãi', 'Thành phố Hồ Chí Minh', 'Quận 5', 'acc', 567000, 0, '2023-01-26 16:02:49', '2023-01-26 16:02:49'),
(32, '2023012615650913108', 8, 'Nguyễn Thị Thu Hà', 'thuha@gmail.com', '0937435006', '192 Nguyễn Trãi', 'Thành phố Hồ Chí Minh', 'Quận 5', NULL, 1672000, 0, '2023-01-26 16:03:45', '2023-01-26 16:03:45'),
(33, '2023012619519060168', 8, 'Nguyễn Thị Thu Hà', 'thuha@gmail.com', '0123456789', '192 Nguyễn Trãi', 'Thành phố Hồ Chí Minh', 'Quận 5', 'acd', 1324999, 0, '2023-01-26 16:05:04', '2023-01-26 16:05:04'),
(34, '202301263336885668', 8, 'Nguyễn Thị Thu Hà', 'thuha@gmail.com', '0937435006', '192 Nguyễn Trãi', 'Thành phố Hồ Chí Minh', 'Quận 5', 'acd', 1027000, 0, '2023-01-26 16:06:14', '2023-01-26 16:06:14'),
(35, '2023012613691985638', 8, 'Nguyễn Thị Thu Hà', 'thuha@gmail.com', '0937435006', '192 Nguyễn Trãi', 'Thành phố Hồ Chí Minh', 'Quận 5', 'avc', 1598000, 0, '2023-01-26 16:08:46', '2023-01-26 16:08:46'),
(36, '20230128172941470211', 11, 'Nguyễn Nghiêm Mặc', 'nguyenduy01645@gmail.com', '0988999888', '283 Lê Văn lương', 'Thành phố Hồ Chí Minh', 'Huyện Nhà Bè', NULL, 14834000, 0, '2023-01-28 08:56:37', '2023-01-28 08:56:37'),
(37, '20230128169905812411', 11, 'Nguyễn Nghiêm Mặc', 'nguyenduy01645@gmail.com', '0918938852', '283 Lê Văn lương', 'Thành phố Hồ Chí Minh', 'Thành phố Châu Đốc', NULL, 423000, 0, '2023-01-28 09:32:41', '2023-01-28 09:32:41'),
(38, '20230128113884478211', 11, 'Nguyễn Nghiêm Mặc', 'nguyenduy01645@gmail.com', '0988999888', '283', 'An Giang', 'Thành phố Bạc Liêu', NULL, 1110000, 0, '2023-01-28 09:34:58', '2023-01-28 09:34:58'),
(39, '20230211142381588011', 11, 'Nguyễn Duy', 'nguyenduy01645@gmail.com', '0918938888', '283 Lê Văn lương', 'Hồ Chí Minh', 'Huyện Nhà Bè', NULL, 69000, 1, '2023-02-11 14:29:08', '2023-02-11 14:29:39'),
(40, '202302255944348911', 11, 'Thanh Duy', 'nguyenduy01645@gmail.com', '0918938888', '283 Lê Văn lương', 'Bạc Liêu', 'Huyện Giá Rai', NULL, 920000, 1, '2023-02-25 09:15:44', '2023-02-25 09:16:34');

-- --------------------------------------------------------

--
-- Cấu trúc bảng cho bảng `order_items`
--

CREATE TABLE `order_items` (
  `id` bigint(20) UNSIGNED NOT NULL,
  `order_id` bigint(20) UNSIGNED NOT NULL,
  `product_id` bigint(20) UNSIGNED NOT NULL,
  `qty` int(11) NOT NULL,
  `chosen_attribute` longtext CHARACTER SET utf8mb4 COLLATE utf8mb4_bin DEFAULT NULL CHECK (json_valid(`chosen_attribute`)),
  `process_status` tinyint(4) NOT NULL DEFAULT 0,
  `created_at` timestamp NULL DEFAULT NULL,
  `updated_at` timestamp NULL DEFAULT NULL,
  `del_flag` tinyint(4) NOT NULL DEFAULT 0
) ENGINE=InnoDB DEFAULT CHARSET=utf8 COLLATE=utf8_unicode_ci;

--
-- Đang đổ dữ liệu cho bảng `order_items`
--

INSERT INTO `order_items` (`id`, `order_id`, `product_id`, `qty`, `chosen_attribute`, `process_status`, `created_at`, `updated_at`, `del_flag`) VALUES
(1, 1, 31, 1, '[\"19\",\"30\"]', 3, '2023-01-26 10:10:06', '2023-01-26 10:36:39', 0),
(2, 1, 32, 1, '[\"18\"]', 3, '2023-01-26 10:10:06', '2023-01-26 11:15:27', 0),
(3, 1, 33, 1, '[]', 3, '2023-01-26 10:10:06', '2023-01-26 11:15:29', 0),
(4, 1, 34, 1, '[\"27\"]', 3, '2023-01-26 10:10:06', '2023-01-26 11:15:31', 0),
(5, 7, 36, 1, '[\"29\"]', 3, '2023-01-26 11:05:07', '2023-01-26 11:42:31', 0),
(6, 7, 38, 1, '[\"19\",\"28\"]', 3, '2023-01-26 11:05:07', '2023-01-26 11:42:38', 0),
(7, 7, 37, 1, '[\"20\",\"29\"]', 3, '2023-01-26 11:05:07', '2023-01-26 11:42:39', 0),
(8, 8, 39, 1, '[\"17\"]', 3, '2023-01-26 13:50:23', '2023-01-26 14:26:54', 0),
(9, 8, 40, 1, '[\"18\"]', 3, '2023-01-26 13:50:23', '2023-01-26 14:26:55', 0),
(10, 8, 41, 1, '[\"20\"]', 3, '2023-01-26 13:50:23', '2023-01-26 14:26:58', 0),
(11, 9, 11, 1, '[]', 3, '2023-01-26 13:57:24', '2023-01-26 15:00:32', 0),
(12, 9, 12, 1, '[]', 3, '2023-01-26 13:57:24', '2023-01-26 15:00:30', 0),
(13, 9, 13, 1, '[]', 3, '2023-01-26 13:57:25', '2023-01-26 15:00:29', 0),
(14, 9, 14, 1, '[\"18\"]', 3, '2023-01-26 13:57:25', '2023-01-26 15:00:27', 0),
(15, 10, 15, 1, '[\"18\"]', 3, '2023-01-26 14:00:05', '2023-01-26 15:00:42', 0),
(16, 10, 16, 1, '[\"56\"]', 3, '2023-01-26 14:00:05', '2023-01-26 15:00:41', 0),
(17, 10, 17, 1, '[\"18\"]', 3, '2023-01-26 14:00:05', '2023-01-26 15:00:39', 0),
(18, 11, 18, 1, '[\"16\"]', 3, '2023-01-26 14:03:43', '2023-01-26 15:00:44', 0),
(19, 11, 19, 1, '[\"18\"]', 3, '2023-01-26 14:03:43', '2023-01-26 15:00:45', 0),
(20, 11, 20, 1, '[\"18\"]', 3, '2023-01-26 14:03:44', '2023-01-26 15:00:47', 0),
(21, 12, 82, 1, '[\"18\"]', 3, '2023-01-26 15:05:11', '2023-01-26 15:26:34', 0),
(22, 12, 83, 1, '[\"11\"]', 3, '2023-01-26 15:05:12', '2023-01-26 15:26:33', 0),
(23, 12, 84, 1, '[]', 3, '2023-01-26 15:05:12', '2023-01-26 15:26:31', 0),
(24, 12, 85, 1, '[\"14\"]', 3, '2023-01-26 15:05:12', '2023-01-26 15:26:30', 0),
(25, 13, 86, 1, '[\"18\"]', 3, '2023-01-26 15:06:01', '2023-01-26 15:26:39', 0),
(26, 13, 87, 1, '[\"20\"]', 3, '2023-01-26 15:06:01', '2023-01-26 15:26:38', 0),
(27, 13, 88, 1, '[\"16\"]', 3, '2023-01-26 15:06:01', '2023-01-26 15:26:36', 0),
(28, 14, 89, 1, '[\"20\"]', 3, '2023-01-26 15:07:00', '2023-01-26 15:26:44', 0),
(29, 14, 90, 1, '[\"20\"]', 3, '2023-01-26 15:07:00', '2023-01-26 15:26:43', 0),
(30, 14, 91, 1, '[\"15\"]', 3, '2023-01-26 15:07:00', '2023-01-26 15:26:41', 0),
(31, 15, 72, 1, '[]', 3, '2023-01-26 15:35:08', '2023-01-26 16:26:02', 0),
(32, 15, 73, 1, '[]', 3, '2023-01-26 15:35:08', '2023-01-26 16:26:01', 0),
(33, 15, 74, 1, '[]', 3, '2023-01-26 15:35:08', '2023-01-26 16:25:58', 0),
(34, 15, 75, 1, '[]', 3, '2023-01-26 15:35:08', '2023-01-26 16:25:57', 0),
(35, 16, 76, 1, '[]', 3, '2023-01-26 15:35:49', '2023-01-26 16:26:07', 0),
(36, 16, 77, 1, '[]', 3, '2023-01-26 15:35:49', '2023-01-26 16:26:06', 0),
(37, 16, 78, 1, '[]', 3, '2023-01-26 15:35:50', '2023-01-26 16:26:04', 0),
(38, 17, 79, 1, '[]', 3, '2023-01-26 15:36:51', '2023-01-26 16:26:21', 0),
(39, 17, 80, 1, '[]', 3, '2023-01-26 15:36:52', '2023-01-26 16:26:20', 0),
(40, 17, 81, 1, '[]', 3, '2023-01-26 15:36:52', '2023-01-26 16:26:19', 0),
(41, 18, 62, 1, '[\"9\"]', 3, '2023-01-26 15:42:24', '2023-01-26 16:26:29', 0),
(42, 18, 63, 1, '[]', 3, '2023-01-26 15:42:24', '2023-01-26 16:26:27', 0),
(43, 18, 64, 1, '[]', 3, '2023-01-26 15:42:24', '2023-01-26 16:26:26', 0),
(44, 18, 65, 1, '[]', 3, '2023-01-26 15:42:24', '2023-01-26 16:26:24', 0),
(45, 19, 66, 1, '[\"9\"]', 3, '2023-01-26 15:43:09', '2023-01-26 16:26:39', 0),
(46, 19, 67, 1, '[]', 3, '2023-01-26 15:43:09', '2023-01-26 16:26:38', 0),
(47, 19, 68, 1, '[]', 3, '2023-01-26 15:43:09', '2023-01-26 16:26:37', 0),
(48, 20, 69, 1, '[]', 3, '2023-01-26 15:43:59', '2023-01-26 16:26:45', 0),
(49, 20, 70, 1, '[]', 3, '2023-01-26 15:43:59', '2023-01-26 16:26:43', 0),
(50, 20, 71, 1, '[]', 3, '2023-01-26 15:43:59', '2023-01-26 16:26:42', 0),
(51, 21, 52, 1, '[\"9\"]', 3, '2023-01-26 15:45:59', '2023-01-26 16:26:53', 0),
(52, 21, 53, 1, '[\"9\"]', 3, '2023-01-26 15:45:59', '2023-01-26 16:26:51', 0),
(53, 21, 54, 1, '[\"10\"]', 3, '2023-01-26 15:45:59', '2023-01-26 16:26:50', 0),
(54, 21, 55, 1, '[\"9\"]', 3, '2023-01-26 15:46:00', '2023-01-26 16:26:48', 0),
(55, 22, 56, 1, '[\"9\"]', 3, '2023-01-26 15:47:03', '2023-01-26 16:27:03', 0),
(56, 22, 57, 1, '[]', 3, '2023-01-26 15:47:03', '2023-01-26 16:27:02', 0),
(57, 22, 58, 1, '[]', 3, '2023-01-26 15:47:03', '2023-01-26 16:27:00', 0),
(58, 23, 59, 1, '[]', 3, '2023-01-26 15:48:09', '2023-01-26 16:27:08', 0),
(59, 23, 60, 1, '[]', 3, '2023-01-26 15:48:10', '2023-01-26 16:27:07', 0),
(60, 23, 61, 1, '[]', 3, '2023-01-26 15:48:10', '2023-01-26 16:27:06', 0),
(61, 24, 44, 1, '[\"20\"]', 3, '2023-01-26 15:53:05', '2023-01-26 16:27:17', 0),
(62, 24, 45, 1, '[\"20\"]', 3, '2023-01-26 15:53:06', '2023-01-26 16:27:15', 0),
(63, 24, 43, 1, '[\"20\"]', 3, '2023-01-26 15:53:06', '2023-01-26 16:27:13', 0),
(64, 24, 42, 1, '[\"18\"]', 3, '2023-01-26 15:53:06', '2023-01-26 16:27:11', 0),
(65, 25, 46, 1, '[\"20\"]', 3, '2023-01-26 15:53:47', '2023-01-26 16:27:22', 0),
(66, 25, 47, 1, '[]', 3, '2023-01-26 15:53:47', '2023-01-26 16:27:21', 0),
(67, 25, 48, 1, '[]', 3, '2023-01-26 15:53:47', '2023-01-26 16:27:20', 0),
(68, 26, 49, 1, '[]', 3, '2023-01-26 15:54:38', '2023-01-26 16:27:27', 0),
(69, 26, 50, 1, '[]', 3, '2023-01-26 15:54:38', '2023-01-26 16:27:26', 0),
(70, 26, 51, 1, '[]', 3, '2023-01-26 15:54:38', '2023-01-26 16:27:25', 0),
(71, 27, 92, 1, '[]', 3, '2023-01-26 15:58:46', '2023-01-26 16:27:41', 0),
(72, 27, 93, 1, '[]', 3, '2023-01-26 15:58:46', '2023-01-26 16:27:40', 0),
(73, 27, 94, 1, '[]', 3, '2023-01-26 15:58:46', '2023-01-26 16:27:38', 0),
(74, 27, 95, 1, '[]', 3, '2023-01-26 15:58:46', '2023-01-26 16:27:37', 0),
(75, 28, 96, 1, '[]', 3, '2023-01-26 15:59:31', '2023-01-26 16:27:45', 0),
(76, 28, 97, 1, '[]', 3, '2023-01-26 15:59:31', '2023-01-26 16:27:44', 0),
(77, 28, 98, 1, '[]', 3, '2023-01-26 15:59:31', '2023-01-26 16:27:43', 0),
(78, 29, 99, 1, '[]', 3, '2023-01-26 16:00:27', '2023-01-26 16:27:50', 0),
(79, 29, 100, 1, '[]', 3, '2023-01-26 16:00:27', '2023-01-26 16:27:49', 0),
(80, 29, 101, 1, '[]', 3, '2023-02-23 16:00:27', '2023-01-26 16:27:47', 0),
(81, 30, 1, 1, '[\"56\",\"6\"]', 3, '2023-02-22 16:01:49', '2023-01-26 16:27:56', 0),
(82, 30, 2, 1, '[\"19\",\"32\"]', 3, '2023-02-22 16:01:49', '2023-01-26 16:27:54', 0),
(83, 30, 3, 1, '[\"18\"]', 3, '2023-02-19 16:01:49', '2023-01-26 16:27:53', 0),
(84, 30, 4, 1, '[\"16\",\"32\"]', 3, '2023-02-09 12:53:54', '2023-01-26 16:27:52', 0),
(85, 31, 5, 1, '[\"18\",\"32\"]', 3, '2023-02-10 16:02:49', '2023-01-26 16:28:11', 0),
(86, 31, 6, 1, '[\"14\",\"32\"]', 3, '2023-02-07 16:02:49', '2023-01-26 16:28:10', 0),
(87, 31, 7, 1, '[\"16\",\"6\"]', 3, '2023-02-06 12:54:08', '2023-01-26 16:28:09', 0),
(88, 32, 8, 1, '[\"20\"]', 3, '2023-02-24 16:03:45', '2023-01-26 16:28:17', 0),
(89, 32, 9, 1, '[\"16\",\"40\"]', 3, '2023-02-24 09:03:45', '2023-01-26 16:28:15', 0),
(90, 32, 10, 1, '[\"11\",\"39\"]', 3, '2023-02-21 09:03:45', '2023-01-26 16:28:13', 0),
(91, 33, 21, 1, '[\"11\"]', 3, '2023-02-23 16:05:04', '2023-01-26 16:28:25', 0),
(92, 33, 22, 1, '[\"19\"]', 3, '2023-02-15 09:05:04', '2023-01-26 16:28:24', 0),
(93, 33, 23, 1, '[\"16\"]', 3, '2023-02-13 16:05:04', '2023-01-26 16:28:23', 0),
(94, 33, 24, 1, '[\"11\"]', 3, '2023-02-20 09:05:04', '2023-01-26 16:28:22', 0),
(95, 34, 25, 1, '[\"19\"]', 3, '2023-02-19 09:05:04', '2023-01-26 16:28:32', 0),
(96, 34, 26, 1, '[\"20\"]', 3, '2023-02-14 09:06:14', '2023-01-26 16:28:30', 0),
(97, 34, 27, 1, '[\"16\"]', 3, '2023-02-17 09:06:14', '2023-01-26 16:28:28', 0),
(98, 35, 28, 1, '[\"2\"]', 3, '2023-02-21 09:06:14', '2023-01-26 16:28:37', 0),
(99, 35, 29, 1, '[\"16\"]', 3, '2023-02-18 12:53:12', '2023-01-26 16:28:35', 0),
(100, 35, 30, 1, '[\"20\"]', 3, '2023-02-19 16:08:47', '2023-01-26 16:28:34', 0),
(101, 36, 73, 1, '[]', 3, '2023-01-28 08:56:38', '2023-01-28 09:20:27', 0),
(102, 36, 79, 1, '[]', 3, '2023-01-28 08:56:38', '2023-01-28 09:24:16', 0),
(103, 36, 32, 1, '[\"18\"]', 3, '2023-01-28 08:56:38', '2023-01-28 08:58:07', 0),
(105, 37, 6, 1, '[\"14\",\"33\"]', 3, '2023-01-28 09:32:42', '2023-02-25 09:19:26', 0),
(106, 37, 70, 1, '[]', 0, '2023-01-28 09:32:42', '2023-01-28 09:32:42', 0),
(107, 38, 6, 1, '[\"56\",\"32\"]', 0, '2023-01-28 09:34:59', '2023-01-28 09:34:59', 0),
(108, 38, 3, 1, '[\"16\"]', 0, '2023-01-28 09:34:59', '2023-01-28 09:34:59', 0),
(110, 38, 65, 1, '[]', 0, '2023-01-28 09:34:59', '2023-01-28 09:34:59', 0),
(111, 39, 67, 1, '[]', 3, '2023-02-11 14:29:08', '2023-02-11 14:31:19', 0),
(112, 40, 9, 1, '[\"16\",\"40\"]', 1, '2023-02-25 09:15:45', '2023-02-25 09:18:27', 0);

-- --------------------------------------------------------

--
-- Cấu trúc bảng cho bảng `password_resets`
--

CREATE TABLE `password_resets` (
  `email` varchar(255) COLLATE utf8_unicode_ci NOT NULL,
  `token` varchar(255) COLLATE utf8_unicode_ci NOT NULL,
  `created_at` timestamp NULL DEFAULT NULL
) ENGINE=InnoDB DEFAULT CHARSET=utf8 COLLATE=utf8_unicode_ci;

--
-- Đang đổ dữ liệu cho bảng `password_resets`
--

INSERT INTO `password_resets` (`email`, `token`, `created_at`) VALUES
('webnangcaodth@gmail.com', '$2y$10$Fwl4iwEgNGqcU5jHfkDCD.8m613lckOCSZ2ppPpsbj69qU.gTVUMm', '2023-02-25 07:14:03');

-- --------------------------------------------------------

--
-- Cấu trúc bảng cho bảng `personal_access_tokens`
--

CREATE TABLE `personal_access_tokens` (
  `id` bigint(20) UNSIGNED NOT NULL,
  `tokenable_type` varchar(255) COLLATE utf8_unicode_ci NOT NULL,
  `tokenable_id` bigint(20) UNSIGNED NOT NULL,
  `name` varchar(255) COLLATE utf8_unicode_ci NOT NULL,
  `token` varchar(64) COLLATE utf8_unicode_ci NOT NULL,
  `abilities` text COLLATE utf8_unicode_ci DEFAULT NULL,
  `last_used_at` timestamp NULL DEFAULT NULL,
  `created_at` timestamp NULL DEFAULT NULL,
  `updated_at` timestamp NULL DEFAULT NULL
) ENGINE=InnoDB DEFAULT CHARSET=utf8 COLLATE=utf8_unicode_ci;

-- --------------------------------------------------------

--
-- Cấu trúc bảng cho bảng `products`
--

CREATE TABLE `products` (
  `id` bigint(20) UNSIGNED NOT NULL,
  `name` varchar(255) COLLATE utf8_unicode_ci NOT NULL,
  `tittle` varchar(255) COLLATE utf8_unicode_ci NOT NULL,
  `category_id` bigint(20) UNSIGNED NOT NULL,
  `seller_id` bigint(20) UNSIGNED NOT NULL,
  `brand` varchar(255) COLLATE utf8_unicode_ci NOT NULL,
  `description` longtext COLLATE utf8_unicode_ci DEFAULT NULL,
  `original_price` bigint(20) NOT NULL,
  `selling_price` bigint(20) NOT NULL,
  `qty` int(11) NOT NULL,
  `attributes` longtext CHARACTER SET utf8mb4 COLLATE utf8mb4_bin DEFAULT NULL CHECK (json_valid(`attributes`)),
  `status` tinyint(4) NOT NULL,
  `trending` tinyint(4) NOT NULL,
  `other_attribute` varchar(255) COLLATE utf8_unicode_ci DEFAULT NULL,
  `average_star` int(11) DEFAULT 0,
  `sold` bigint(20) DEFAULT 0,
  `created_at` timestamp NULL DEFAULT NULL,
  `updated_at` timestamp NULL DEFAULT NULL,
  `del_flag` tinyint(4) NOT NULL DEFAULT 0
) ENGINE=InnoDB DEFAULT CHARSET=utf8 COLLATE=utf8_unicode_ci;

--
-- Đang đổ dữ liệu cho bảng `products`
--

INSERT INTO `products` (`id`, `name`, `tittle`, `category_id`, `seller_id`, `brand`, `description`, `original_price`, `selling_price`, `qty`, `attributes`, `status`, `trending`, `other_attribute`, `average_star`, `sold`, `created_at`, `updated_at`, `del_flag`) VALUES
(1, 'Áo thun unisex Fearow Multifont', 'Áo thun unisex Fearow Multifont', 12, 1, 'Fearow', '<table style=\"border-collapse:collapse;width:99.9636%;height:179.2px;border-width:2px;border-spacing:5px;border-color:#BA372A;\" border=\"1\"><colgroup><col style=\"width:50.0273%;\" /><col style=\"width:50.0273%;\" /></colgroup>\r\n<tbody>\r\n<tr style=\"height:22.4px;\">\r\n<td style=\"height:22.4px;text-align:center;border-width:2px;padding:5px;border-color:rgb(186,55,42);\"><span style=\"font-size:12pt;\"><strong>Thương hiệu</strong></span></td>\r\n<td style=\"height:22.4px;text-align:center;border-width:2px;padding:5px;border-color:rgb(186,55,42);\"><span style=\"font-size:12pt;\">FEAROW</span></td>\r\n</tr>\r\n<tr style=\"height:22.4px;\">\r\n<td style=\"height:22.4px;text-align:center;border-width:2px;padding:5px;border-color:rgb(186,55,42);\"><span style=\"font-size:12pt;\"><strong>Xuất xứ</strong></span></td>\r\n<td style=\"height:22.4px;text-align:center;border-width:2px;padding:5px;border-color:rgb(186,55,42);\"><span style=\"font-size:12pt;\">Việt Nam</span></td>\r\n</tr>\r\n<tr style=\"height:22.4px;\">\r\n<td style=\"height:22.4px;text-align:center;border-width:2px;padding:5px;border-color:rgb(186,55,42);\"><span style=\"font-size:12pt;\"><strong>Chiều dài tay áo</strong></span></td>\r\n<td style=\"height:22.4px;text-align:center;border-width:2px;padding:5px;border-color:rgb(186,55,42);\"><span style=\"font-size:12pt;\">Dài 3/4</span></td>\r\n</tr>\r\n<tr style=\"height:22.4px;\">\r\n<td style=\"height:22.4px;text-align:center;border-width:2px;padding:5px;border-color:rgb(186,55,42);\"><span style=\"font-size:12pt;\"><strong>Cổ áo</strong></span></td>\r\n<td style=\"height:22.4px;text-align:center;border-width:2px;padding:5px;border-color:rgb(186,55,42);\"><span style=\"font-size:12pt;\">Cổ tròn</span></td>\r\n</tr>\r\n<tr style=\"height:22.4px;\">\r\n<td style=\"height:22.4px;text-align:center;border-width:2px;padding:5px;border-color:rgb(186,55,42);\"><span style=\"font-size:12pt;\"><strong>Mẫu</strong></span></td>\r\n<td style=\"height:22.4px;text-align:center;border-width:2px;padding:5px;border-color:rgb(186,55,42);\"><span style=\"font-size:12pt;\">In</span></td>\r\n</tr>\r\n<tr style=\"height:22.4px;\">\r\n<td style=\"height:22.4px;text-align:center;border-width:2px;padding:5px;border-color:rgb(186,55,42);\"><span style=\"font-size:12pt;\"><strong>Mùa</strong></span></td>\r\n<td style=\"height:22.4px;text-align:center;border-width:2px;padding:5px;border-color:rgb(186,55,42);\"><span style=\"font-size:12pt;\">Mùa hè</span></td>\r\n</tr>\r\n<tr style=\"height:22.4px;\">\r\n<td style=\"height:22.4px;text-align:center;border-width:2px;padding:5px;border-color:rgb(186,55,42);\"><span style=\"font-size:12pt;\"><strong>Chất liệu</strong></span></td>\r\n<td style=\"height:22.4px;text-align:center;border-width:2px;padding:5px;border-color:rgb(186,55,42);\"><span style=\"font-size:12pt;\">CVC</span></td>\r\n</tr>\r\n<tr style=\"height:22.4px;\">\r\n<td style=\"height:22.4px;text-align:center;border-width:2px;padding:5px;border-color:rgb(186,55,42);\"><span style=\"font-size:12pt;\"><strong>Kho hàng</strong></span></td>\r\n<td style=\"height:22.4px;text-align:center;border-width:2px;padding:5px;border-color:rgb(186,55,42);\"><span style=\"font-size:12pt;\">954</span></td>\r\n</tr>\r\n</tbody>\r\n</table>\r\n<p style=\"line-height:2;\"> </p>\r\n<p style=\"line-height:2;\"><span style=\"font-size:12pt;\">Gồm 3 size: S / M / L</span></p>\r\n<p style=\"line-height:2;\"><span style=\"font-size:12pt;\">Thông số áo: S : Dài 69 Rộng 52.5 | M : Dài 73 Rộng 55 | L: Dài : 76.5 Rộng: 57.5</span></p>\r\n<p style=\"line-height:2;\"><span style=\"font-size:12pt;\">Chất liệu vải :Chief Value of Cotton (CVC)</span></p>\r\n<p style=\"line-height:2;\"><span style=\"font-size:12pt;\">Vải CVC là loại vải được dệt từ sợi hỗn hợp của 2 thành phần polyester với cotton (sợi bông), trong đó tỷ lệ thành phần cotton chiếm từ 50% trở lên. Sợi vải mềm mại, thoải mái và mát mẻ lại có độ bền tốt. Công nghệ in: In lụa cao cấp, bảo quản tốt khi giặt máy , không bong tróc phai màu</span></p>\r\n<p style=\"line-height:2;\"><span style=\"font-size:12pt;\">--</span></p>\r\n<p style=\"line-height:2;\"><span style=\"font-size:12pt;\">Web: <a href=\"https://fearow.com\">https://fearow.com</a></span></p>\r\n<p style=\"line-height:2;\"><span style=\"font-size:12pt;\">Instagram: <a href=\"https://www.instagram.com/fearow.sg/\">https://www.instagram.com/fearow.sg/</a></span></p>\r\n<p style=\"line-height:2;\"><span style=\"font-size:12pt;\">Facebook: <a href=\"https://www.facebook.com/fearow\">https://www.facebook.com/fearow</a></span></p>', 140000, 132000, 81, '[\"56\",\"6\",\"32\",\"33\"]', 1, 1, NULL, 4, 3, '2023-01-01 11:55:30', '2023-01-27 11:38:40', 0),
(2, 'Áo thun Unisex form rộng 100% Cotton BGS027', 'Áo thun Unisex form rộng 100% Cotton BGS027', 12, 1, 'Local Brand', '<table style=\"border-collapse:collapse;width:99.9636%;border-width:2px;border-spacing:5px;border-color:#BA372A;\" border=\"1\"><colgroup><col style=\"width:50.0273%;\" /><col style=\"width:50.0273%;\" /></colgroup>\r\n<tbody>\r\n<tr>\r\n<td style=\"text-align:center;line-height:1.5;border-width:2px;padding:5px;border-color:rgb(186,55,42);\"><span style=\"font-size:12pt;\"><strong>Xuất xứ</strong></span></td>\r\n<td style=\"text-align:center;line-height:1.5;border-width:2px;padding:5px;border-color:rgb(186,55,42);\"><span style=\"font-size:12pt;\">Việt Nam</span></td>\r\n</tr>\r\n<tr>\r\n<td style=\"text-align:center;line-height:1.5;border-width:2px;padding:5px;border-color:rgb(186,55,42);\"><span style=\"font-size:12pt;\"><strong>Cổ áo</strong></span></td>\r\n<td style=\"text-align:center;line-height:1.5;border-width:2px;padding:5px;border-color:rgb(186,55,42);\"><span style=\"font-size:12pt;\">Cổ tròn</span></td>\r\n</tr>\r\n<tr>\r\n<td style=\"text-align:center;line-height:1.5;border-width:2px;padding:5px;border-color:rgb(186,55,42);\"><span style=\"font-size:12pt;\"><strong>Chất liệu</strong></span></td>\r\n<td style=\"text-align:center;line-height:1.5;border-width:2px;padding:5px;border-color:rgb(186,55,42);\"><span style=\"font-size:12pt;\">Cotton</span></td>\r\n</tr>\r\n<tr>\r\n<td style=\"text-align:center;line-height:1.5;border-width:2px;padding:5px;border-color:rgb(186,55,42);\"><span style=\"font-size:12pt;\"><strong>Mẫu</strong></span></td>\r\n<td style=\"text-align:center;line-height:1.5;border-width:2px;padding:5px;border-color:rgb(186,55,42);\"><span style=\"font-size:12pt;\">In</span></td>\r\n</tr>\r\n<tr>\r\n<td style=\"text-align:center;line-height:1.5;border-width:2px;padding:5px;border-color:rgb(186,55,42);\"><span style=\"font-size:12pt;\"><strong>Phong cách</strong></span></td>\r\n<td style=\"text-align:center;line-height:1.5;border-width:2px;padding:5px;border-color:rgb(186,55,42);\"><span style=\"font-size:12pt;\">Đường phố</span></td>\r\n</tr>\r\n<tr>\r\n<td style=\"text-align:center;line-height:1.5;border-width:2px;padding:5px;border-color:rgb(186,55,42);\"><span style=\"font-size:12pt;\"><strong>Cropped Top</strong></span></td>\r\n<td style=\"text-align:center;line-height:1.5;border-width:2px;padding:5px;border-color:rgb(186,55,42);\"><span style=\"font-size:12pt;\">Không</span></td>\r\n</tr>\r\n<tr>\r\n<td style=\"text-align:center;line-height:1.5;border-width:2px;padding:5px;border-color:rgb(186,55,42);\"><span style=\"font-size:12pt;\"><strong>Kho hàng</strong></span></td>\r\n<td style=\"text-align:center;line-height:1.5;border-width:2px;padding:5px;border-color:rgb(186,55,42);\"><span style=\"font-size:12pt;\">278</span></td>\r\n</tr>\r\n<tr>\r\n<td style=\"text-align:center;line-height:1.5;border-width:2px;padding:5px;border-color:rgb(186,55,42);\"><span style=\"font-size:12pt;\"><strong>Gửi từ</strong></span></td>\r\n<td style=\"text-align:center;line-height:1.5;border-width:2px;padding:5px;border-color:rgb(186,55,42);\"><span style=\"font-size:12pt;\"> Quận 1, TP. Hồ Chí Minh</span></td>\r\n</tr>\r\n</tbody>\r\n</table>\r\n<p style=\"line-height:2;\"><span style=\"background-color:rgb(236,240,241);\">---<br />Mô tả:</span></p>\r\n<p style=\"line-height:2;\">+Chất liệu: 100% cotton, dày, mịn, thấm hút mồ hôi tốt, mặc cực mát vào mùa hè, không xù lông, mềm mại cho làn da, cầm mát tay.</p>\r\n<p style=\"line-height:2;\">+Kĩ thuật may: Kĩ thuật may cao cấp, may bo cổ móc xích đảm bảo độ bền tối đa.</p>\r\n<p style=\"line-height:2;\">+Tem cổ là tem in pet trực tiếp trên thân sau của áo. </p>\r\n<p style=\"line-height:2;\">+In: công nghệ in pet cao cấp cùng với chữ nỗi ở mặt trước đảm bảo giặt không bong tróc.</p>\r\n<p style=\"line-height:2;\">+Size: M L XL. +Màu: Trắng / Đen.</p>\r\n<p style=\"line-height:2;\">Shop CAM KẾT đặt lợi ích của khách hàng lên hàng đầu với các chính sách có lợi nhất cho khách hàng:</p>\r\n<p style=\"line-height:2;\">✔ Sản phẩm 100% giống mô tả.</p>\r\n<p style=\"line-height:2;\">✔1 đổi 1 trong vòng 7 ngày nếu sản phẩm lỗi và hoàn tiền 100%. </p>\r\n<p style=\"line-height:2;\">✔ Đổi size nếu không mặc vừa với điều kiện còn mác.</p>\r\n<p style=\"line-height:2;\">✔Giao hàng trên toàn quốc từ 3 đến 7 ngày.</p>\r\n<p style=\"line-height:2;\">✔ Khách được kiểm hàng trước khi nhận.</p>\r\n<p style=\"line-height:2;\">✔ Thông tin phản hồi của bạn là vô cùng hữu ích đối với chúng tôi.</p>\r\n<p style=\"line-height:2;\">✔Đặc Biệt luôn có nhiều chương trình ưu đãi VIP dành cho khách hàng thân thiết.</p>', 329000, 299000, 197, '[\"18\",\"19\",\"20\",\"32\",\"33\",\"34\"]', 1, 0, NULL, 4, 3, '2022-12-31 17:00:00', '2023-01-27 09:08:47', 0),
(3, 'Áo Nỉ Nam Chất Liệu Nỉ Bông Dày Dặn Chuẩn From', 'Áo Nỉ Nam Chất Liệu Nỉ Bông Dày Dặn Chuẩn From', 12, 1, 'Fearow', '<p style=\"line-height:2;text-align:justify;\">Áo Nỉ Nam Chất Liệu Nỉ Bông Dày Dặn Màu Sắc Thanh Lịch Chuẩn From Có Size Lớn</p>\r\n<p style=\"line-height:2;text-align:justify;\">Xuất xứ Việt Nam</p>\r\n<p style=\"line-height:2;text-align:justify;\">Phong cách Hàn Quốc</p>\r\n<p style=\"line-height:2;text-align:justify;\">Áo nỉ nam chất liệu vải nỉ da cá dày dặn, mềm mịn không xù lông, không nhăn, không bai mặc là ấm</p>\r\n<p style=\"line-height:2;text-align:justify;\">Chất nỉ cao cấp, không nhăn, không bai</p>\r\n<p style=\"line-height:2;text-align:justify;\">Đường may tinh tế, chỉnh chu, nút đơm khéo léo, chắc chắn</p>\r\n<p style=\"line-height:2;text-align:justify;\">Màu sắc đa dạng, trẻ trung</p>\r\n<p style=\"line-height:2;text-align:justify;\">Form body Hàn Quốc mang lại phong cách lịch lãm, sang trọng</p>\r\n<p style=\"line-height:2;text-align:justify;\">Cổ áo được cách điệu theo dáng cổ tròn , độc đáo</p>\r\n<p style=\"line-height:2;text-align:justify;\">Giá cả hợp lí, chất lượng sản phẩm tốt</p>\r\n<p style=\"line-height:2;text-align:justify;\">Áo nỉ là gợi ý tuyệt vời cho nam giới trong những ngày thời tiết se lạnh. Thiết kế phối bo tay áo và bo gấu đơn giản, tinh tế mang đến phong cách trẻ trung và thanh lịch. Chất liệu nỉ cao cấp dày dặn, mềm mịn, không xù, co giãn nhẹ. Nhờ đặc tính nổi trội, khả năng giữ ấm tốt, tính tiện lợi và thoải mái, áo nỉ chắc chắn sẽ làm vừa lòng các chàng. Kết hợp áo nỉ cùng áo sơ mi trắng đơn giản đều giúp bạn trở nên nổi bật và phong cách với gu thời trang tinh tế. Với 7 màu: đen, xanh lam nhạt, xám nhạt, ghi đậm, trắng, xanh rêu, xanh coban, các chàng thoải mái lựa chọn những gam màu phù hợp với sở thích.</p>\r\n<p style=\"line-height:2;text-align:justify;\">Phù hợp với bạn nam có cân nặng từ 45/90kg</p>\r\n<p style=\"line-height:2;text-align:justify;\">Size M 45/55kg</p>\r\n<p style=\"line-height:2;text-align:justify;\">L 56/64kg</p>\r\n<p style=\"line-height:2;text-align:justify;\">Xl 65/72kg</p>\r\n<p style=\"line-height:2;text-align:justify;\">XXL 73/82kg</p>\r\n<p style=\"line-height:2;text-align:justify;\">CAM KẾT SẢN PHẨM ĐĂNG BÁN GIỐNG NHƯ HÌNH ẢNH 100%</p>\r\n<p style=\"line-height:2;text-align:justify;\">Đổi trả hoàn tiền 100% nếu do lỗi của nhà sản xuất</p>\r\n<p style=\"line-height:2;text-align:justify;\">SỰ HÀI LÒNG CỦA KHÁCH LÀ NIỀM VUI CỦA SHOP KHÁCH ĐÁNH GIÁ 5* ĐỂ NHẬN ĐƯỢC ƯU ĐÃI LẦN SAU Ạ</p>\r\n<p style=\"line-height:2;text-align:justify;\">Cảm ơn bạn đã ghé thăm shop chúc bạn có những giây phút mua sắm tại Shopee thật vui vẻ ạ!</p>', 128000, 79000, 286, '[\"14\",\"16\",\"18\",\"20\"]', 1, 0, NULL, 4, 3, '2023-01-24 15:16:13', '2023-01-28 09:34:59', 0),
(4, 'Quần Short Đùi nam nữ bigsize thun cotton xốp co giãn', 'Quần Short Đùi nam nữ bigsize thun cotton xốp co giãn', 12, 1, 'Local Brand', '<p style=\"line-height:2;text-align:justify;\">Quần Đùi Nam Bigsize Vải Thun Xốp Nhiều Màu Thời Trang Thiết Kế Thể Thao Với Phong Cách Hiện Đại Thời Thượng 40-100kg.</p>\r\n<p style=\"line-height:2;text-align:justify;\"> Thời trang của Sói Store mang đến cho khách hàng đặc biệt là nam giới những thiết kế mang phong cách lịch lãm và trẻ trung nhất. Những thiết kế áo sơ mi, áo thun, quần jogger... của Sói Store đa dạng về mặt hàng và mẫu mã, chú trọng vào form dáng và lựa chọn chất liệu vải tự nhiên cao cấp, tỉ mỉ từng đường may nhằm mang đến sự thoải mái, tự tin, cuốn hút cho phái mạnh.</p>\r\n<p style=\"line-height:2;text-align:justify;\">THÔNG TIN SẢN PHẨM</p>\r\n<p style=\"line-height:2;text-align:justify;\">Xuất xứ: Việt Nam</p>\r\n<p style=\"line-height:2;text-align:justify;\">Chất liệu: Vải thun xốp</p>\r\n<p style=\"line-height:2;text-align:justify;\">Màu sắc: Đen, Trắng, Xanh lá, Xanh biển </p>\r\n<p style=\"line-height:2;text-align:justify;\">Kiểu dáng: Thể thao, Có túi</p>\r\n<p style=\"line-height:2;text-align:justify;\">THIẾT KẾ</p>\r\n<ul style=\"text-align:justify;\">\r\n<li>Quần Đùi Nam Bigsize Vải Thun Xốp Nhiều Màu Thời Trang Thiết Kế Thể Thao Với Phong Cách Hiện Đại Thời Thượng 40-100kg được thiết kế với form quần rộng rãi và thoải mái, chất lượng tốt với giá cả cạnh tranh. Quần đùi mang đến sự thoải mái và tiện dụng cho người mặc và phù hợp sử dụng hàng ngày.</li>\r\n<li>Lưng quần được may dằn thun to có dây rút, nhiều đường may chắc chắn.</li>\r\n<li>Chất vải thun xốp có độ co giãn thoáng mát cao, không dày, tạo nên sự thoải mái cho người mặc.</li>\r\n<li>Đường may tỉ mỉ, đẹp đến từng chi tiết.</li>\r\n<li>Form quần rộng rãi, dễ mặc và dễ phối đồ, mang đến phong cách khỏe khoắn, trẻ trung trong mọi hoạt động, có thể mặc đi chơi, đi dạo, tập thể thao, đi học...</li>\r\n</ul>\r\n<p style=\"line-height:2;text-align:justify;\">HƯỚNG DẪN CHỌN SIZE</p>\r\n<ul style=\"text-align:justify;\">\r\n<li>Size M dưới 55kg</li>\r\n<li> Size L dưới 70kg</li>\r\n<li> Size XL dưới 85kg</li>\r\n<li> Size XXL dưới 100kg</li>\r\n</ul>\r\n<p style=\"line-height:2;text-align:justify;\">HƯỚNG DẪN SỬ DỤNG VÀ BẢO QUẢN</p>\r\n<ul style=\"text-align:justify;\">\r\n<li>Hạn chế giặt chung với đồ trắng trong lần giặt đầu tiên.</li>\r\n<li>Lộn trái quần khi giặt. </li>\r\n<li>Tránh phơi quần dưới ánh nắng trực tiếp.</li>\r\n</ul>\r\n<p style=\"line-height:2;text-align:justify;\">CHÚ Ý</p>\r\n<ul style=\"text-align:justify;\">\r\n<li>Bảng size chỉ mang tính chất tham khảo, tùy vào quý khách muốn mặc ôm vào chân hay mặc rộng rãi thoải mái, Shop sẽ tư vấn size phù hợp cho bạn.</li>\r\n<li>Trong trường hợp còn điều gì khiến bạn chưa hài lòng, vui lòng quay video hoặc chụp ảnh lại gói hàng cùng với sản phẩm nhận được, sau đó gửi hình và mô tả vấn đề của bạn thông qua INBOX cho SHOP nhé. Chúng tôi chắc chắn sẽ tìm ra cách giải quyết hợp lí nhất để bạn có trải nghiệm mua sắm tốt nhất tại cửa hàng.</li>\r\n</ul>\r\n<p style=\"line-height:2;text-align:justify;\">CAM KẾT</p>\r\n<ul style=\"text-align:justify;\">\r\n<li>Sản phẩm 100% giống mô tả. Hình ảnh sản phẩm là ảnh thật do shop tự chụp và giữ bản quyền hình ảnh.</li>\r\n<li>Đảm bảo vải chất lượng 100%. </li>\r\n<li>Hoàn tiền hoặc đổi hàng ngay lập tức nếu sản phẩm bị lỗi do sơ suất của nhà sản xuất </li>\r\n<li>Hàng có sẵn, giao hàng ngay khi nhận được đơn. Quần được kiểm tra kĩ càng, cẩn thận và tư vấn nhiệt tình trước khi gói hàng </li>\r\n<li>Cam kết được đổi trả hàng trong vòng 3 ngày (sản phẩm còn nguyên tem mác và chưa sử dụng).</li>\r\n</ul>\r\n<p style=\"line-height:2;text-align:justify;\">Cảm ơn quý khách đã tin tưởng và lựa chọn sản phẩm của chúng tôi. Chúng tôi cam kết sẽ mang đến những sản phẩm tuyệt vời cho bạn. Sau khi sử dụng sản phẩm, Quý khách vui lòng để lại nhận xét đánh giá. Nếu có bất kỳ thắc mắc về sản phẩm, vui lòng liên hệ ngay với chúng tôi trong phần shopee chat. Chúng tôi luôn ở đây và sẵn sàng giải đáp cho bạn!</p>\r\n<p style=\"line-height:2;text-align:justify;\">#quan #short #quanduixop #thethao #quanduitron #dotap #bigsize #re #thoitrang #unisex #cogian #quannam #quannu #unisex #sizeto #formrong #giamgia #khuyenmai</p>', 112000, 82000, 97, '[\"14\",\"16\",\"18\",\"20\",\"32\",\"33\",\"34\",\"35\"]', 1, 0, NULL, 4, 3, '2023-01-24 15:23:05', '2023-01-27 08:54:43', 0),
(5, 'Quần Ổng Rộng Dáng Suông Nam Nữ Unisex - Quần Jogger', 'Quần Ổng Rộng Dáng Suông Nam Nữ Unisex - Quần Jogger', 12, 1, 'Fearow', '<p style=\"line-height:2;text-align:justify;\">Quần Ổng Rộng Dáng Suông Nam Nữ Unisex - Quần Jogger phong cách Hàn Quốc ulzzang in họa tiết</p>\r\n<p style=\"line-height:2;text-align:justify;\">DinhHoa85 CAM KẾT</p>\r\n<p style=\"line-height:2;text-align:justify;\">+ Chất vải UMI THỂ THAO mềm mịn, không xù lông.</p>\r\n<p style=\"line-height:2;text-align:justify;\">+ Chất lượng và Mẫu mã Sản phẩm giống với hình ảnh.</p>\r\n<p style=\"line-height:2;text-align:justify;\">+ Đường may kỹ đẹp.</p>\r\n<p style=\"line-height:2;text-align:justify;\">+ Quần ống rộng Nam Nữ Couple đều mặc được.</p>\r\n<p style=\"line-height:2;text-align:justify;\">+ Hàng lấy tận xưởng, không trung gian.</p>\r\n<p style=\"line-height:2;text-align:justify;\">+ Vải đẹp, không co rút, mềm mịn, mặc siêu mát.</p>\r\n<p style=\"line-height:2;text-align:justify;\">BẢNG SIZE</p>\r\n<p style=\"line-height:2;text-align:justify;\">Size M: từ 40 - 50kg, Cao 1m50 - 1m59 / dài 87cm, eo 54-95, đùi 50</p>\r\n<p style=\"line-height:2;text-align:justify;\">Size L: từ 51 - 63kg , Cao 1m60 - 1m70 / dài 91cm, eo 58-95, đùi 52</p>\r\n<p style=\"line-height:2;text-align:justify;\">Size XL: từ 64 - 80kg, Cao 1m71 – 1m80 / dài 95 cm, eo 62-95, đùi 54</p>\r\n<p style=\"line-height:2;text-align:justify;\">--------------------------------------------</p>\r\n<p style=\"line-height:2;text-align:justify;\">Quần Ổng Rộng Dáng Suông Nam Nữ Unisex - Quần Jogger Thể Thao 4 Sọc Có Dây Rút Gấu Quần #quanongrong #quanthunongrong #quanongrongnu #quanrachgoinu #quanlungcao #quancapcao #quanongrongnu #quannuongrong #quanongronglungcao #quancapcao #quanongrongdaykhoa #quanongrongdayrut #quanongrongthatgau pants #jeans #Denim shorts #shorts #Slim dress #South Korea #Loose #large size #casual trousers #Harem pants #British pants #Straight pants #Plus size clothing #BF style #European and American style #American Series #Cool #Handsome #Fashion,quan #quanduinam #quanduijean #shortnam #shortjean #jeanshort #shortjeannam #quanshort #quanshortnam #quanshortjean #quanshortjeannam #shortngojean #shortjeansnam #quanshortjeans #quanngan #quanjeanshort #quandui ,#unisex #aothuntaylo #aothunnu #aothunnam #áothunlocalbrand #aogiare #aophongunisex #aoformrong #aoteen #aothuncotton #aothun #thoitrangnu #thoitrangnam #quanshort #shortjean #shortnu #quanjean #jean</p>', 130000, 85000, 188, '[\"18\",\"32\",\"33\",\"34\"]', 1, 0, NULL, 4, 3, '2022-12-31 17:00:00', '2023-01-27 08:55:09', 0),
(6, 'Quần dài cho nữ chất liệu cotton thoáng mát Thiều Hoa', 'Quần dài cho nữ chất liệu cotton thoáng mát Thiều Hoa', 12, 1, 'Thiều Hoa', '<p class=\"irIKAp\" style=\"text-align:justify;\">- Thương hiệu: Thiều Hoa</p>\r\n<p class=\"irIKAp\" style=\"text-align:justify;\">- Xuất xứ: Việt Nam</p>\r\n<p class=\"irIKAp\" style=\"text-align:justify;\">- Tên tổ chức chịu trách nhiệm sản xuất: Công ty cổ phần thời trang TH</p>\r\n<p class=\"irIKAp\" style=\"text-align:justify;\">- Địa chỉ : 80 Đường số 13, phường Cát Lái, TP Thủ Đức, Phường Cát Lái, Quận 2, Hồ Chí Minh</p>\r\n<p class=\"irIKAp\" style=\"text-align:justify;\">- Mã sản phẩm: QD2T0501</p>\r\n<p class=\"irIKAp\" style=\"text-align:justify;\">- Chất liệu: Cotton</p>\r\n<p class=\"irIKAp\" style=\"text-align:justify;\">- Màu sắc: Đen, Xanh Rêu, Cam</p>\r\n<p class=\"irIKAp\" style=\"text-align:justify;\">Quần dài cho nữ trung niên tặng mẹ, chất liệu cotton cao cấp mềm mịn, thoáng mát Thiều Hoa T0501</p>\r\n<p class=\"irIKAp\" style=\"text-align:justify;\">• Vải có độ bền cao, thích nghi với nhiều điều kiện thời tiết; đặc biệt là thời tiết nóng ẩm mưa nhiều tại Việt Nam.</p>\r\n<p class=\"irIKAp\" style=\"text-align:justify;\">• Hút nước tốt, hút ẩm mạnh nên rất dễ thấm mồ hôi; giảm nhiệt tốt đem lại sự thoải mái dễ chịu cho người mặc.</p>\r\n<p class=\"irIKAp\" style=\"text-align:justify;\">• Rất bền màu không bị phai ra quần áo khi giặt.</p>\r\n<p class=\"irIKAp\" style=\"text-align:justify;\">• Vải mềm, hợp vệ sinh không gây ảnh hưởng hoặc kích ứng da.</p>\r\n<p class=\"irIKAp\" style=\"text-align:justify;\">• Dễ giặt giũ, bảo quản: Vải thun có độ phổ biến cao một phần vì nó rất dễ bảo quản và vệ sinh sau khi sử dụng. Bạn có thể thoải mái giặt bằng máy hay bằng tay mà không cần phải ngần ngại suy nghĩ. Nếu trên chất liệu vết gấp hay nếp nhăn sau mỗi lần giặt, thì việc ủi bay nếp nhăn đó cũng chẳng phải là vấn đề.</p>\r\n<p class=\"irIKAp\" style=\"text-align:justify;\">• Sản phẩm cao cấp, độ bền cao và sang trọng đến từ từng đường kim mũi chỉ.</p>\r\n<p class=\"irIKAp\" style=\"text-align:justify;\">THÔNG SỐ QUẦN:</p>\r\n<p class=\"irIKAp\" style=\"text-align:justify;\">• SIZE M: Cân nặng 48-55kg – Chiều cao 1m55-1m57 – Eo 70-72cm – Mông 92-94cm</p>\r\n<p class=\"irIKAp\" style=\"text-align:justify;\">• SIZE L: Cân nặng 55-60kg – Chiều cao 1m58-1m60 – Eo 74-76cm – Mông 96-98cm</p>\r\n<p class=\"irIKAp\" style=\"text-align:justify;\">• SIZE XL: Cân nặng 60-65kg – Chiều cao 1m61-1m63 – Eo 78-80cm – Mông 100-102cm</p>\r\n<p class=\"irIKAp\" style=\"text-align:justify;\">-----</p>\r\n<p class=\"irIKAp\" style=\"text-align:justify;\">#thoitrangtrungnien #quanaotrungnien #dotrungnien #aokieutrungnien #quanaochome #quatangme #aokhoac #aokhoacdu #aokhoackaki #aophunutrungnien #aohoa #aolua #aovoankieu #aonutrungnien #aochome #aosomivoan #aosominu #aosomikieu #aohoatiet #aochonguoimap #aosomi #thieuhoa #aothieuhoa #aokhoacchongnang #áobigsize #áokiểutrungniên #áotrungniên #áokiểu #vaykieu #vay #vayquan #vayden #vaycongso #quanongrong #quantay #quandilam</p>', 420000, 357000, 163, '[\"14\",\"18\",\"56\",\"32\",\"33\",\"34\",\"35\"]', 1, 1, NULL, 4, 4, '2023-01-01 11:54:04', '2023-02-25 09:22:08', 0),
(7, 'Quần Ống Rộng Chun Lưng Co Giãn Dáng Suông Dài', 'Quần Ống Rộng Chun Lưng Co Giãn Dáng Suông Dài', 12, 1, 'Fearow', '<p style=\"text-align:justify;\">XIN KÍNH CHÀO QUÝ KHÁCH - CHÚC QUÝ KHÁCH MUA SẮM VUI VẺ</p>\r\n<p style=\"text-align:justify;\">Tên sản phẩm : Quần Ống Rộng Chun Lưng Co Giãn Dáng Suông Dài Phong Cách Ullzang</p>\r\n<p style=\"text-align:justify;\">THÔNG TIN SẢN PHẨM : Quần Ống Rộng Chun Lưng Co Giãn Dáng Suông Dài Phong Cách Ullzang</p>\r\n<p style=\"text-align:justify;\">Tên và địa chỉ của tổ chức/cá nhân chịu trách nhiệm về sản phẩm: Xưởng May Ngọc Phú 86 </p>\r\n<p style=\"text-align:justify;\">Xuất xứ của sản phẩm: Việt Nam Quần Ống Rộng Chun Lưng với thiết kế lạ mắt ôm eo tạo cảm giác thon gọn eo, có chun dãn giúp lên form và dễ mặc hơn, những bạn có vòng eo hơn lớn vẫn có thể mặc thoải mái mà không khó chịu</p>\r\n<p style=\"text-align:justify;\">+Kiểu dáng: Phía trước cạp khuy kéo khóa, phía sau cạp chun co giãn ,có túi 2 bên vô cùng tiện lợi </p>\r\n<p style=\"text-align:justify;\">+Màu sắc : Đen,Trắng, Nâu, Be, Xanh +Giặt máy thoải mái mà không bị nhăn</p>\r\n<p style=\"text-align:justify;\">Bảng size : Size : S M L XL S : 40-45kg M : 45-50kg L : 50-58kg XL : 58-65kg =&gt;&gt; Lưu ý: </p>\r\n<p style=\"text-align:justify;\">+ Khách đặt hàng online sẽ nhận được hàng sau khoảng 1-3 ngày làm việc tùy theo khoảng cách và đơn vị vận chuyển. + Mọi thắc mắc, góp ý về sản phẩm, giao hàng vui lòng liên hệ với Hotline để được hỗ trợ trực tiếp và nhanh nhất.</p>\r\n<p style=\"text-align:justify;\">+ Đối với các mặt hàng đổi trả bảo hành, vui lòng liên hệ và cung cấp hình ảnh cũng như chi tiết lỗi để chuyên viên bên shop đánh giá, khắc phục đảm bảo quyền lợi cho quý khách</p>\r\n<p style=\"text-align:justify;\">Cam kết sản phẩm đúng như hình ảnh</p>\r\n<p style=\"text-align:justify;\">Hoàn tiền 100% nếu khách phát hiện hàng lỗi </p>\r\n<p style=\"text-align:justify;\">SỈ IBOX trực tiếp cho shop để được giá sỉ RẺ nhất nha</p>\r\n<p style=\"text-align:justify;\">KHÁCH NHẬN HÀNG VUI LÒNG QUAY VIDEO KHUI HÀNG CÓ VẤN ĐỀ GÌ INBOX TRỰC TIẾP CHO WEAR.86 ĐỂ CHÚNG TÔI XỬ LÝ</p>\r\n<p style=\"text-align:justify;\">Chúc các nàng mua sắm vui vẻ, luôn xinh đẹp và tràn đầy hạnh phúc nhaaaa❣️</p>\r\n<p style=\"text-align:justify;\">#quần_ống_rộng #quần_đũi_ống_rộng #quần_culottes #quần_ống_rộng_dài #quần_ống_rộng_cho_người_lùn #quần_ống_rộng_vải_mềm #quần_ống_rộng_nữ #quan_ong_rong #quần_ống_sớ #quần_culottes_dài #quần_ống_suông_nữ #quần_ống_rộng_lưng_cao #quần_vải_ống_rộng #quần_đũi_nữ_ống_rộng #quần_ống_suông_cạp_cao #quần_suông_ống_rộng #quần_đũi_nữ_ống_suông #quần_dài_ống_rộng</p>', 200000, 125000, 98, '[\"11\",\"16\",\"18\",\"20\",\"6\",\"32\",\"33\",\"34\"]', 1, 0, NULL, 4, 3, '2022-12-31 17:00:00', '2023-01-27 08:58:08', 0),
(8, 'Dép đáy mềm Quai Ngang Đế Dày Chống Trượt', 'Dép đáy mềm Quai Ngang Đế Dày Chống Trượt', 12, 1, 'Local Brand', '<p>Dép dừa Putian dành cho nam mùa hè không trơn trượt khử mùi xu hướng bước chân dày đế dày giản dị dép</p>\r\n<table style=\"border-collapse:collapse;width:100%;height:67.2px;border-width:2px;border-spacing:8px;border-color:#843FA1;\" border=\"1\"><colgroup><col style=\"width:50%;\" /><col style=\"width:50%;\" /></colgroup>\r\n<tbody>\r\n<tr style=\"height:22.4px;\">\r\n<td style=\"height:22.4px;border-width:2px;padding:8px;border-color:rgb(132,63,161);\"><strong>Danh Mục</strong></td>\r\n<td style=\"height:22.4px;border-width:2px;padding:8px;border-color:rgb(132,63,161);\">Thời trang, Giày Dép Nam Xăng-đan và Dép Dép Đi Trong Nhà</td>\r\n</tr>\r\n<tr style=\"height:22.4px;\">\r\n<td style=\"height:22.4px;border-width:2px;padding:8px;border-color:rgb(132,63,161);\"><strong>Kho hàng</strong></td>\r\n<td style=\"height:22.4px;border-width:2px;padding:8px;border-color:rgb(132,63,161);\">182395</td>\r\n</tr>\r\n<tr style=\"height:22.4px;\">\r\n<td style=\"height:22.4px;border-width:2px;padding:8px;border-color:rgb(132,63,161);\"><strong>Gửi từ</strong></td>\r\n<td style=\"height:22.4px;border-width:2px;padding:8px;border-color:rgb(132,63,161);\">Quận 1, TP.HCM</td>\r\n</tr>\r\n</tbody>\r\n</table>', 146000, 85000, 271, '[\"20\"]', 1, 0, NULL, 4, 3, '2023-01-24 15:56:26', '2023-01-27 08:58:59', 0),
(9, 'Giày Biti\'s Hunter X 2k20 MultiLayer Ocean Blue', 'Giày Biti\'s Hunter X 2k20 MultiLayer Ocean Blue 50cm', 12, 1, 'BITI\'S', '<p style=\"line-height:2;text-align:justify;\">STAY IN-STYLE CÙNG BITI’S HUNTER X | MULTI-LAYER COLLECTION Cải tiến thiết kế độc đáo với xu hướng #layer từ những “đường cắt” chất liệu đan xen, lần đầu tiên có mặt tại gia đình Thợ Săn.</p>\r\n<table style=\"border-collapse:collapse;width:100%;border-width:2px;border-spacing:8px;border-color:#236FA1;\" border=\"1\"><colgroup><col style=\"width:50%;\" /><col style=\"width:50%;\" /></colgroup>\r\n<tbody>\r\n<tr>\r\n<td style=\"line-height:2;border-width:2px;padding:8px;border-color:rgb(35,111,161);\"><strong>Thương hiệu</strong></td>\r\n<td style=\"line-height:2;border-width:2px;padding:8px;border-color:rgb(35,111,161);\">Biti\'s</td>\r\n</tr>\r\n<tr>\r\n<td style=\"line-height:2;border-width:2px;padding:8px;border-color:rgb(35,111,161);\"><strong>Xuất xứ</strong></td>\r\n<td style=\"line-height:2;border-width:2px;padding:8px;border-color:rgb(35,111,161);\">Việt Nam</td>\r\n</tr>\r\n<tr>\r\n<td style=\"line-height:2;border-width:2px;padding:8px;border-color:rgb(35,111,161);\"><strong>Chiều cao cổ giày</strong></td>\r\n<td style=\"line-height:2;border-width:2px;padding:8px;border-color:rgb(35,111,161);\">Cổ thấp</td>\r\n</tr>\r\n<tr>\r\n<td style=\"line-height:2;border-width:2px;padding:8px;border-color:rgb(35,111,161);\"><strong>Kho hàng</strong></td>\r\n<td style=\"line-height:2;border-width:2px;padding:8px;border-color:rgb(35,111,161);\">487</td>\r\n</tr>\r\n</tbody>\r\n</table>\r\n<p style=\"line-height:2;text-align:justify;\"> </p>\r\n<p style=\"line-height:2;text-align:justify;\">Sở hữu công nghệ vượt trội chuẩn Hunter X,  sẵn sàng cùng bạn khuấy động mùa hè sôi động:</p>\r\n<ul style=\"text-align:justify;\">\r\n<li style=\"list-style-type:none;\">\r\n<ul>\r\n<li style=\"line-height:2;\">- Bộ đế LiteFlex và chất liệu IP \"nhẹ như bay\", chiều cao đế đạt tới 5cm, cùng độ đàn hồi tối ưu &gt;40%​ </li>\r\n<li style=\"line-height:2;\">- Đế lót kháng khuẩn với công nghệ 6 điểm massage lòng bàn chân êm ái cho cả ngày dài</li>\r\n<li style=\"line-height:2;\">- Mũ quai vải dệt cải tiến tối đa co dãn và thoáng khí tối đa</li>\r\n<li style=\"line-height:2;\">- Đặc biệt, mũ quai nhiều lớp layers định hình và giữ form giày cực tốt cùng bạn “tung hoành\" trên từng hành trình khám phá</li>\r\n<li style=\"line-height:2;\">- Điều kiện và thời gian bảo hành: Thời gian hỗ trợ bảo hành kể từ ngày mua hàng: 3 tháng kể từ ngày mua hàng. </li>\r\n</ul>\r\n</li>\r\n</ul>\r\n<p style=\"line-height:2;text-align:justify;\">Điều kiện áp dụng:</p>\r\n<p style=\"line-height:2;text-align:justify;\">Khách hàng mua sản phẩm Biti’s sẽ được bảo hành miễn phí đối với các trường hợp sau: Hở keo, dứt chỉ, gãy móc khoá, bung hoạ tiết trang trí (nơ, nút, hoa, …)</p>\r\n<p style=\"line-height:2;text-align:justify;\">Khi bảo hành khách hàng phải cung cấp hóa đơn (phiếu xuất hàng) và phiếu bảo hành của sản phẩm.</p>\r\n<p style=\"line-height:2;text-align:justify;\">Thời gian xử lý bảo hành: Từ 1 đến 20 ngày làm việc kể từ ngày nhà máy nhận được sản phẩm tùy mức độ hư hỏng của giày dép.</p>\r\n<p style=\"line-height:2;text-align:justify;\">Không hỗ trợ đối với những sản phẩm có thông báo: không áp dụng đổi trả - bảo hành.</p>\r\n<p style=\"line-height:2;text-align:justify;\">Địa điểm tiếp nhận bảo hành: Tại tất cả các cửa hàng tiếp thị của Biti’s trên toàn quốc. </p>\r\n<p style=\"line-height:2;text-align:justify;\">Danh sách cửa hàng tiếp thị tại đây Kho online của Biti’s tại địa chỉ: 95/6 Trần Văn Kiểu, P.10, Q.6</p>\r\n<p style=\"line-height:2;text-align:justify;\">Lưu ý: Trường hợp hết thời gian bảo hành, giày dép hư hỏng do hao mòn tự nhiên hoặc bị tác động mạnh từ bên ngoài CHTT tiếp nhận bảo hành tuy nhiên chi phí sửa chữa và vận chuyển khách hàng thanh toán. Hàng chậm, Xu hướng chậm không được bảo hành.</p>', 980000, 920000, 86, '[\"16\",\"40\"]', 1, 0, NULL, 4, 3, '2023-01-27 11:22:58', '2023-02-25 09:15:45', 0),
(10, 'Giày Bitis Hunter Street Festive Rose Gold Season 3', 'Giày Bitis Hunter Street Festive Rose Gold Season 3 30cm', 12, 1, 'BITI\'S', '<p style=\"line-height:2;text-align:justify;\">Đa phong cách và tiện dụng - Bitis Hunter Street thế hệ mới hứa hẹn mang đến cho các tín đồ sneaker nhiều phong cách thời trang biến hóa khác nhau chỉ trên 1 đôi giày tiện dụng</p>\r\n<p style=\"line-height:2;text-align:justify;\">Độ nhẹ tối đa 300 gr/ chiếc</p>\r\n<p style=\"line-height:2;text-align:justify;\">Phần mũ quai dễ vệ sinh và tiện dụng với chất liệu si cao cấp. Cách may lộn không lộ đường chỉ giúp giữ lại toàn vẹn chi tiết sản phẩm</p>\r\n<p style=\"line-height:2;text-align:justify;\">Công nghệ đế Lite Traction, đế cao su EVA \"nhẹ như bay\" </p>\r\n<p style=\"line-height:2;text-align:justify;\">Cấu trúc quai dày dặn và êm ái</p>\r\n<p style=\"line-height:2;text-align:justify;\">***Thời gian hỗ trợ bảo hành kể từ ngày mua hàng: 3 tháng kể từ ngày mua hàng.</p>\r\n<p style=\"line-height:2;text-align:justify;\">Điều kiện áp dụng: Khách hàng mua sản phẩm Biti’s sẽ được bảo hành miễn phí đối với các trường hợp sau: Hở keo, dứt chỉ, gãy móc khoá, bung hoạ tiết trang trí (nơ, nút, hoa, …)</p>\r\n<p style=\"line-height:2;text-align:justify;\">Khi bảo hành khách hàng phải cung cấp hóa đơn (phiếu xuất hàng) và phiếu bảo hành của sản phẩm. Thời gian xử lý bảo hành: Từ 1 đến 20 ngày làm việc kể từ ngày nhà máy nhận được sản phẩm tùy mức độ hư hỏng của giày dép. Không hỗ trợ đối với những sản phẩm có thông báo: không áp dụng đổi trả - bảo hành. </p>\r\n<p style=\"line-height:2;text-align:justify;\">Địa điểm tiếp nhận bảo hành: Tại tất cả các cửa hàng tiếp thị của Biti’s trên toàn quốc. </p>\r\n<p style=\"line-height:2;text-align:justify;\">Danh sách cửa hàng tiếp thị tại đây Kho online của Biti’s tại địa chỉ: 95/6 Trần Văn Kiểu, P.10, Q.6</p>\r\n<p style=\"line-height:2;text-align:justify;\">Lưu ý: Trường hợp hết thời gian bảo hành, giày dép hư hỏng do hao mòn tự nhiên hoặc bị tác động mạnh từ bên ngoài CHTT tiếp nhận bảo hành tuy nhiên chi phí sửa chữa và vận chuyển khách hàng thanh toán. Hàng chậm, Xu hướng chậm không được bảo hành.</p>', 785000, 667000, 181, '[\"11\",\"39\"]', 1, 0, NULL, 4, 3, '2022-12-31 17:00:00', '2023-01-27 09:00:14', 0),
(11, 'Lắc tay bạc nữ KYDOPAL mặt hoa đính đá - 9L3', 'Lắc tay bạc nữ KYDOPAL mặt hoa đính đá - 9L3', 2, 1, 'Kydopal', '<table style=\"border-collapse:collapse;width:100%;border-width:2px;border-spacing:8px;border-color:#95A5A6;\" border=\"1\"><colgroup><col style=\"width:50%;\" /><col style=\"width:50%;\" /></colgroup>\r\n<tbody>\r\n<tr>\r\n<td style=\"border-width:2px;padding:8px;border-color:rgb(149,165,166);\"><strong>Thương hiệu</strong></td>\r\n<td style=\"border-width:2px;padding:8px;border-color:rgb(149,165,166);\">KYDOPAL</td>\r\n</tr>\r\n<tr>\r\n<td style=\"border-width:2px;padding:8px;border-color:rgb(149,165,166);\"><strong>Chất liệu</strong></td>\r\n<td style=\"border-width:2px;padding:8px;border-color:rgb(149,165,166);\">Bạc</td>\r\n</tr>\r\n<tr>\r\n<td style=\"border-width:2px;padding:8px;border-color:rgb(149,165,166);\"><strong>Xuất xứ</strong></td>\r\n<td style=\"border-width:2px;padding:8px;border-color:rgb(149,165,166);\">Việt Nam</td>\r\n</tr>\r\n<tr>\r\n<td style=\"border-width:2px;padding:8px;border-color:rgb(149,165,166);\"><strong>Giới tính</strong></td>\r\n<td style=\"border-width:2px;padding:8px;border-color:rgb(149,165,166);\">Nữ</td>\r\n</tr>\r\n<tr>\r\n<td style=\"border-width:2px;padding:8px;border-color:rgb(149,165,166);\"><strong>Phong cách</strong></td>\r\n<td style=\"border-width:2px;padding:8px;border-color:rgb(149,165,166);\">Cá tính</td>\r\n</tr>\r\n</tbody>\r\n</table>\r\n<p class=\"irIKAp\" style=\"line-height:2;\">Lắc tay bạc Ý 925 cao cấp được thiết kế bởi KYDOPAL Việt Nam</p>\r\n<p class=\"irIKAp\" style=\"line-height:2;\">Vòng tay bạc được thiết kế cập nhật theo xu hướng mới nhất của ngành trang sức bạc phụ kiện.</p>\r\n<p class=\"irIKAp\" style=\"line-height:2;\">Lắc tay bạc của KYDOPAL dễ dàng phối với rất nhiều bộ trang sức sẵn có tại tủ đồ phụ kiện của bạn.</p>\r\n<p class=\"irIKAp\" style=\"line-height:2;\">THÔNG TIN SẢN PHẨM LẮC TAY BẠC NỮ ĐÍNH ĐÁ KYDOPAL</p>\r\n<p class=\"irIKAp\" style=\"line-height:2;\">Thương hiệu : KYDOPAL - Brand made in VIETNAM</p>\r\n<p class=\"irIKAp\" style=\"line-height:2;\">Chất liệu : Bạc S925 (92,5% Bạc và 7,5% hợp kim cao cấp sản xuất theo công nghệ Bạc Ý)</p>\r\n<p class=\"irIKAp\" style=\"line-height:2;\">Thiết kế ngoài : Bạc 925 - đính đá cao cấp</p>\r\n<p class=\"irIKAp\" style=\"line-height:2;\">HƯỚNG DẪN BẢO QUẢN VÀ LƯU Ý SỬ DỤNG LẮC TAY BẠC KYDOPAL</p>\r\n<p class=\"irIKAp\" style=\"line-height:2;\">Để trang sức lắc tay bạc Ý 925 luôn đẹp theo thời gian bạn nên:</p>\r\n<p class=\"irIKAp\" style=\"line-height:2;\">- Khi đeo lắc tay KHÔNG NÊN tiếp xúc với các chất hóa học tẩy rửa thường xuyên để tránh khó vệ sinh.</p>\r\n<p class=\"irIKAp\" style=\"line-height:2;\">- NÊN vệ sinh vòng tay bạc thường xuyên bằng nước rửa bạc 1-3 tháng/lần để trang sức bạc luôn sáng đẹp.</p>\r\n<p class=\"irIKAp\" style=\"line-height:2;\">- Khi không đeo nhẫn NÊN bảo quản nơi khô ráo, tránh ánh nắng trực tiếp, nơi có nhiệt độ cao hoặc ẩm thấp.</p>\r\n<p class=\"irIKAp\" style=\"line-height:2;\">- NÊN để trang sức bạc trong túi zip, thêm 1 miếng bông gòn nhỏ để hút ẩm giúp bảo quản bông tai bạc tốt hơn.</p>\r\n<p class=\"irIKAp\" style=\"line-height:2;\"> </p>\r\n<p class=\"irIKAp\" style=\"line-height:2;\">TRANG SỨC KYDOPAL CAM KẾT</p>\r\n<p class=\"irIKAp\" style=\"line-height:2;\">Lắc tay bạc chất lượng 100% giống mô tả và hình ảnh (ảnh trang sức là hình ảnh thật do shop tự chụp).</p>\r\n<p class=\"irIKAp\" style=\"line-height:2;\">Vòng tay được kiểm tra kĩ càng, cẩn thận trước khi đóng gói và giao đến tay khách hàng.</p>\r\n<p class=\"irIKAp\" style=\"line-height:2;\">Lắc tay bạc luôn có sẵn và được giao hàng ngay khi nhận được đơn, không để khách hàng phải chờ đợi lâu.</p>\r\n<p class=\"irIKAp\" style=\"line-height:2;\">Shop sẵn sàng hoàn tiền nếu lắc tay bạc không giống với mô tả và hình ảnh.</p>\r\n<p class=\"irIKAp\" style=\"line-height:2;\">KYDOPAL giao sản phẩm đến tận tay khách hàng trên toàn quốc</p>\r\n<p class=\"irIKAp\" style=\"line-height:2;\">QUYỀN LỢI CỦA KHÁCH HÀNG KHI MUA TRANG SỨC TẠI KYDOPAL</p>\r\n<p class=\"irIKAp\" style=\"line-height:2;\">* Khách hàng được nhận sự tư vấn trực tiếp 24/7 từ đội ngũ nhân viên giàu kinh nghiệm để đảm bảo Quý khách lựa chọn được sản phẩm ưng ý nhất.</p>\r\n<p class=\"irIKAp\" style=\"line-height:2;\">* Chính sách hậu mãi vô cùng hấp dẫn chờ đợi dành cho những khách hàng chọn mua lắc tay bạc 925 của shop.</p>\r\n<p class=\"irIKAp\" style=\"line-height:2;\">* Bảo hành trọn đời chất lượng vòng tay bạc, hỗ trợ đổi trả miễn phí trong 07 ngày (theo chính sách của Shopee).</p>\r\n<p class=\"irIKAp\" style=\"line-height:2;\">1. Điều kiện áp dụng:</p>\r\n<p class=\"irIKAp\" style=\"line-height:2;\">- Trang sức bạc vẫn còn mới, chưa qua sử dụng</p>\r\n<p class=\"irIKAp\" style=\"line-height:2;\">- Trang sức bị lỗi hoặc hư hỏng do vận chuyển hoặc do nhà sản xuất</p>\r\n<p class=\"irIKAp\" style=\"line-height:2;\">2. Trường hợp được chấp nhận:</p>\r\n<p class=\"irIKAp\" style=\"line-height:2;\">- Trang sức bạc không đúng size, kiểu dáng như quý khách đặt hàng</p>\r\n<p class=\"irIKAp\" style=\"line-height:2;\">- Không đủ số lượng trang sức, không đủ bộ lắc tay bạc như trong đơn hàng</p>\r\n<p class=\"irIKAp\" style=\"line-height:2;\">3. Trường hợp không đủ điều kiện áp dụng chính sách:</p>\r\n<p class=\"irIKAp\" style=\"line-height:2;\">- Quá 07 ngày kể từ khi quý khách nhận trang sức bạc</p>\r\n<p class=\"irIKAp\" style=\"line-height:2;\">- Gửi lại hàng không đúng mẫu, không phải trang sức bạc của KYDOPAL</p>\r\n<p class=\"irIKAp\" style=\"line-height:2;\">- Không thích, không hợp, đặt nhầm trang sức bạc, nhầm màu trang sức bạc ..</p>\r\n<p class=\"irIKAp\" style=\"line-height:2;\">Do màn hình và điều kiện ánh sáng khác nhau, màu sắc thực tế của trang sức có thể chênh lệch khoảng 3-5%</p>', 350000, 269000, 171, '[]', 1, 0, NULL, 4, 3, '2023-01-26 17:00:00', '2023-01-27 11:38:23', 0),
(12, 'Khuyên tai bạc nữ KYDOPAL nụ trai đính đá bạc ý 9K17', 'Khuyên tai bạc nữ KYDOPAL nụ trai đính đá bạc ý 9K17', 2, 1, 'Kydopal', '<table style=\"border-collapse:collapse;width:99.964%;border-width:2px;border-spacing:8px;border-color:#95A5A6;\" border=\"1\"><colgroup><col style=\"width:49.9099%;\" /><col style=\"width:49.9099%;\" /></colgroup>\r\n<tbody>\r\n<tr>\r\n<td style=\"border-width:2px;padding:8px;border-color:rgb(149,165,166);text-align:justify;\"><strong>Thương hiệu</strong></td>\r\n<td style=\"border-width:2px;padding:8px;border-color:rgb(149,165,166);text-align:justify;\">KYDOPAL</td>\r\n</tr>\r\n<tr style=\"text-align:justify;\">\r\n<td style=\"border-width:2px;padding:8px;border-color:rgb(149,165,166);\"><strong>Xuất xứ</strong></td>\r\n<td style=\"border-width:2px;padding:8px;border-color:rgb(149,165,166);\">Việt Nam</td>\r\n</tr>\r\n<tr style=\"text-align:justify;\">\r\n<td style=\"border-width:2px;padding:8px;border-color:rgb(149,165,166);\"><strong>Kiểu khuyên tai</strong></td>\r\n<td style=\"border-width:2px;padding:8px;border-color:rgb(149,165,166);\">Khuyên tai ghim</td>\r\n</tr>\r\n<tr style=\"text-align:justify;\">\r\n<td style=\"border-width:2px;padding:8px;border-color:rgb(149,165,166);\"><strong>Giới tính</strong></td>\r\n<td style=\"border-width:2px;padding:8px;border-color:rgb(149,165,166);\">Nữ</td>\r\n</tr>\r\n<tr style=\"text-align:justify;\">\r\n<td style=\"border-width:2px;padding:8px;border-color:rgb(149,165,166);\"><strong>Phong cách</strong></td>\r\n<td style=\"border-width:2px;padding:8px;border-color:rgb(149,165,166);\">Thanh lịch</td>\r\n</tr>\r\n</tbody>\r\n</table>\r\n<p style=\"line-height:2;text-align:justify;\">Khuyên tai nữ bạc Ý 925 cao cấp được thiết kế bởi KYDOPAL Việt Nam Khuyên tai luôn được cập nhật theo xu hướng mới nhất của ngành trang sức bạc phụ kiện. Khuyên tai bạc của KYDOPAL dễ dàng phối với rất nhiều bộ trang sức sẵn có tại tủ đồ phụ kiện của bạn.</p>\r\n<p style=\"line-height:2;text-align:justify;\">THÔNG TIN SẢN PHẨM KHUYÊN TAI BẠC KYDOPAL NỤ TRAI ĐÍNH ĐÁ Thương hiệu : KYDOPAL - Brand made in VIETNAM</p>\r\n<p style=\"line-height:2;text-align:justify;\">Chất liệu : Bạc S925 (92,5% Bạc và 7,5% hợp kim cao cấp sản xuất theo công nghệ Bạc Ý)</p>\r\n<p style=\"line-height:2;text-align:justify;\">Thiết kế ngoài : Bạc 925 xi vàng trắng - đính đá cao cấp</p>\r\n<p style=\"line-height:2;text-align:justify;\">HƯỚNG DẪN BẢO QUẢN VÀ LƯU Ý SỬ DỤNG KHUYÊN TAI BẠC KYDOPAL Để trang sức bông tai bạc Ý 925 luôn đẹp theo thời gian bạn nên:</p>\r\n<p style=\"line-height:2;text-align:justify;\">- Khi đeo bông tai KHÔNG NÊN tiếp xúc với các chất hóa học tẩy rửa thường xuyên để tránh khó vệ sinh. </p>\r\n<p style=\"line-height:2;text-align:justify;\">- NÊN vệ sinh bông tai bạc thường xuyên bằng nước rửa bạc 1-3 tháng/lần để trang sức bạc luôn sáng đẹp.</p>\r\n<p style=\"line-height:2;text-align:justify;\">- Khi không đeo bông tai NÊN bảo quản nơi khô ráo, tránh ánh nắng trực tiếp, nơi có nhiệt độ cao hoặc ẩm thấp. </p>\r\n<p style=\"line-height:2;text-align:justify;\">- NÊN để trang sức bạc trong túi zip, thêm 1 miếng bông gòn nhỏ để hút ẩm giúp bảo quản bông tai bạc tốt hơn.</p>\r\n<p style=\"line-height:2;text-align:justify;\">TRANG SỨC KYDOPAL CAM KẾT Khuyên tai bạc chất lượng 100% giống mô tả và hình ảnh (ảnh trang sức là hình ảnh thật do shop tự chụp). Khuyên tai được kiểm tra kĩ càng, cẩn thận trước khi đóng gói và giao đến tay khách hàng. Khuyên tai bạc luôn có sẵn và được giao hàng ngay khi nhận được đơn, không để khách hàng phải chờ đợi lâu. Shop sẵn sàng hoàn tiền nếu bông tai không giống với mô tả và hình ảnh. KYDOPAL giao sản phẩm đến tận tay khách hàng trên toàn quốc.</p>\r\n<p style=\"line-height:2;text-align:justify;\">QUYỀN LỢI CỦA KHÁCH HÀNG KHI MUA TRANG SỨC TẠI KYDOPAL</p>\r\n<p style=\"line-height:2;text-align:justify;\">Khách hàng được nhận sự tư vấn trực tiếp 24/7 từ đội ngũ nhân viên giàu kinh nghiệm để đảm bảo Quý khách lựa chọn được sản phẩm ưng ý nhất.</p>\r\n<p style=\"line-height:2;text-align:justify;\">Chính sách hậu mãi vô cùng hấp dẫn chờ đợi dành cho những khách hàng chọn mua sản phẩm của shop.</p>\r\n<p style=\"line-height:2;text-align:justify;\">* Bảo hành trọn đời chất lượng sản phẩm, hỗ trợ đổi trả miễn phí trong 07 ngày (theo chính sách của Shopee). </p>\r\n<p style=\"line-height:2;text-align:justify;\">1. Điều kiện áp dụng:</p>\r\n<p style=\"line-height:2;text-align:justify;\">- Trang sức bạc vẫn còn mới, chưa qua sử dụng <br />- Trang sức bị lỗi hoặc hư hỏng do vận chuyển hoặc do nhà sản xuất </p>\r\n<p style=\"line-height:2;text-align:justify;\">2. Trường hợp được chấp nhận: <br />- Bông tai bạc không đúng size, kiểu dáng như quý khách đặt hàng <br />- Không đủ số lượng trang sức, không đủ bộ bông tai như trong đơn hàng </p>\r\n<p style=\"line-height:2;text-align:justify;\">3. Trường hợp không đủ điều kiện áp dụng chính sách: <br />- Quá 07 ngày kể từ khi quý khách nhận trang sức bạc <br />- Gửi lại hàng không đúng mẫu, không phải trang sức bạc của KYDOPAL <br />- Không thích, không hợp, đặt nhầm bông tai bạc, nhầm màu trang sức bạc ... Do màn hình và điều kiện ánh sáng khác nhau, màu sắc thực tế của trang sức có thể chênh lệch khoảng 3-5%</p>', 200000, 149000, 387, '[]', 1, 0, NULL, 4, 3, '2023-01-25 08:00:01', '2023-01-27 08:41:29', 0),
(13, 'Dây chuyền bạc nữ KYDOPAL đính đá vòng bạc ý - 9C5', 'Dây chuyền bạc nữ KYDOPAL đính đá vòng bạc ý - 9C5', 2, 1, 'Kydopal', '<p class=\"irIKAp\" style=\"line-height:2;text-align:justify;\">Thương hiệu : KYDOPAL - Brand made in VIETNAM</p>\r\n<p class=\"irIKAp\" style=\"line-height:2;text-align:justify;\">Chất liệu : Bạc S925 (92,5% Bạc và 7,5% hợp kim cao cấp sản xuất theo công nghệ Bạc Ý)</p>\r\n<p class=\"irIKAp\" style=\"line-height:2;text-align:justify;\">HƯỚNG DẪN BẢO QUẢN VÀ LƯU Ý SỬ DỤNG DÂY CHUYỀN BẠC KYDOPAL</p>\r\n<p class=\"irIKAp\" style=\"line-height:2;text-align:justify;\">Để trang sức dây chuyền bạc Ý 925 luôn đẹp theo thời gian bạn nên:</p>\r\n<p class=\"irIKAp\" style=\"line-height:2;text-align:justify;\">- Khi đeo dây chuyền KHÔNG NÊN tiếp xúc với các chất hóa học tẩy rửa thường xuyên để tránh khó vệ sinh.</p>\r\n<p class=\"irIKAp\" style=\"line-height:2;text-align:justify;\">- NÊN vệ sinh dây chuyền bạc thường xuyên bằng nước rửa bạc 1-3 tháng/lần để trang sức bạc luôn sáng đẹp.</p>\r\n<p class=\"irIKAp\" style=\"line-height:2;text-align:justify;\">- Khi không đeo dây chuyền NÊN bảo quản nơi khô ráo, tránh ánh nắng trực tiếp, nơi có nhiệt độ cao hoặc ẩm thấp.</p>\r\n<p class=\"irIKAp\" style=\"line-height:2;text-align:justify;\">- NÊN để trang sức bạc trong túi zip, thêm 1 miếng bông gòn nhỏ để hút ẩm giúp bảo quản vòng cổ bạc tốt hơn.</p>\r\n<p class=\"irIKAp\" style=\"line-height:2;text-align:justify;\"> </p>\r\n<p class=\"irIKAp\" style=\"line-height:2;text-align:justify;\">TRANG SỨC KYDOPAL CAM KẾT</p>\r\n<p class=\"irIKAp\" style=\"line-height:2;text-align:justify;\">Dây chuyền bạc chất lượng 100% giống mô tả và hình ảnh (ảnh trang sức là hình ảnh thật do shop tự chụp).</p>\r\n<p class=\"irIKAp\" style=\"line-height:2;text-align:justify;\">Dây chuyền được kiểm tra kĩ càng, cẩn thận trước khi đóng gói và giao đến tay khách hàng.</p>\r\n<p class=\"irIKAp\" style=\"line-height:2;text-align:justify;\">Dây chuyền bạc luôn có sẵn và được giao hàng ngay khi nhận được đơn, không để khách hàng phải chờ đợi lâu.</p>\r\n<p class=\"irIKAp\" style=\"line-height:2;text-align:justify;\">Shop sẵn sàng hoàn tiền nếu nhẫn không giống với mô tả và hình ảnh.</p>\r\n<p class=\"irIKAp\" style=\"line-height:2;text-align:justify;\">KYDOPAL giao sản phẩm đến tận tay khách hàng trên toàn quốc.</p>\r\n<p class=\"irIKAp\" style=\"line-height:2;text-align:justify;\"> </p>\r\n<p class=\"irIKAp\" style=\"line-height:2;text-align:justify;\">QUYỀN LỢI CỦA KHÁCH HÀNG KHI MUA TRANG SỨC TẠI KYDOPAL</p>\r\n<p class=\"irIKAp\" style=\"line-height:2;text-align:justify;\">* Khách hàng được nhận sự tư vấn trực tiếp 24/7 từ đội ngũ nhân viên giàu kinh nghiệm để đảm bảo Quý khách lựa chọn được sản phẩm ưng ý nhất.</p>\r\n<p class=\"irIKAp\" style=\"line-height:2;text-align:justify;\">* Chính sách hậu mãi vô cùng hấp dẫn chờ đợi dành cho những khách hàng chọn mua sản phẩm của shop.</p>\r\n<p class=\"irIKAp\" style=\"line-height:2;text-align:justify;\">* Bảo hành trọn đời chất lượng sản phẩm, hỗ trợ đổi trả miễn phí trong 07 ngày (theo chính sách của Shopee).</p>\r\n<p class=\"irIKAp\" style=\"line-height:2;text-align:justify;\">1. Điều kiện áp dụng:</p>\r\n<p class=\"irIKAp\" style=\"line-height:2;text-align:justify;\">- Trang sức bạc vẫn còn mới, chưa qua sử dụng</p>\r\n<p class=\"irIKAp\" style=\"line-height:2;text-align:justify;\">- Trang sức bị lỗi hoặc hư hỏng do vận chuyển hoặc do nhà sản xuất</p>\r\n<p class=\"irIKAp\" style=\"line-height:2;text-align:justify;\">2. Trường hợp được chấp nhận:</p>\r\n<p class=\"irIKAp\" style=\"line-height:2;text-align:justify;\">- Trang sức bạc không đúng size, kiểu dáng như quý khách đặt hàng</p>\r\n<p class=\"irIKAp\" style=\"line-height:2;text-align:justify;\">- Không đủ số lượng trang sức, không đủ bộ như trong đơn hàng</p>\r\n<p class=\"irIKAp\" style=\"line-height:2;text-align:justify;\">3. Trường hợp không đủ điều kiện áp dụng chính sách:</p>\r\n<p class=\"irIKAp\" style=\"line-height:2;text-align:justify;\">- Quá 07 ngày kể từ khi quý khách nhận trang sức bạc</p>\r\n<p class=\"irIKAp\" style=\"line-height:2;text-align:justify;\">- Gửi lại hàng không đúng mẫu, không phải trang sức bạc của KYDOPAL</p>\r\n<p class=\"irIKAp\" style=\"line-height:2;text-align:justify;\">- Không thích, không hợp, đặt nhầm trang sức bạc ...</p>\r\n<p class=\"irIKAp\" style=\"line-height:2;text-align:justify;\">Do màn hình và điều kiện ánh sáng khác nhau, màu sắc thực tế của trang sức có thể chênh lệch khoảng 3-5%</p>\r\n<p class=\"irIKAp\" style=\"line-height:2;text-align:justify;\">--------------------</p>\r\n<p class=\"irIKAp\" style=\"line-height:2;text-align:justify;\">THÔNG TIN SẢN XUẤT</p>\r\n<p class=\"irIKAp\" style=\"line-height:2;text-align:justify;\">- Chịu trách nhiệm sản xuất: KYDOPAL VIỆT NAM</p>\r\n<p class=\"irIKAp\" style=\"line-height:2;text-align:justify;\">- Địa chỉ: Số 64 Nguyên Khiết, quận Hoàn Kiếm, thành phố Hà Nội</p>\r\n<p class=\"irIKAp\" style=\"line-height:2;text-align:justify;\">TRANG SỨC KYDOPAL - CẢM ƠN BẠN VÌ ĐÃ LỰA CHỌN CHÚNG TÔI</p>', 269000, 189000, 286, '[]', 1, 0, NULL, 4, 3, '2023-01-25 08:02:33', '2023-01-27 08:40:53', 0);
INSERT INTO `products` (`id`, `name`, `tittle`, `category_id`, `seller_id`, `brand`, `description`, `original_price`, `selling_price`, `qty`, `attributes`, `status`, `trending`, `other_attribute`, `average_star`, `sold`, `created_at`, `updated_at`, `del_flag`) VALUES
(14, 'Đồng hồ nam dây', 'Đồng hồ nam dây', 2, 1, 'Casio', '<ul>\r\n<li style=\"text-align:justify;\">Vật liệu vỏ / gờ: Nhựa</li>\r\n<li style=\"text-align:justify;\">Dây đeo bằng nhựa</li>\r\n<li style=\"text-align:justify;\">Mặt kính nhựa</li>\r\n<li style=\"text-align:justify;\">Khả năng chống nước ở độ sâu 50 mét</li>\r\n</ul>\r\n<div style=\"text-align:justify;\">\r\n<ul>\r\n<li>Giờ hiện hành thông thường<br />Đồng hồ kim: 3 kim (giờ, phút, giây)</li>\r\n<li>Độ chính xác: ±20 giây một tháng</li>\r\n<li>Tuổi thọ pin xấp xỉ: 3 năm với pin SR626SW</li>\r\n<li>Kích thước vỏ : 48×43,6×10,3mm</li>\r\n<li>Tổng trọng lượng : 35g<br />\r\n<table style=\"border-collapse:collapse;width:100%;border-width:2px;border-spacing:8px;border-color:#34495E;\" border=\"1\"><colgroup><col style=\"width:50%;\" /><col style=\"width:50%;\" /></colgroup>\r\n<tbody>\r\n<tr>\r\n<td style=\"border-width:2px;padding:8px;border-color:rgb(52,73,94);\"><strong>Kiểu máy</strong></td>\r\n<td style=\"border-width:2px;padding:8px;border-color:rgb(52,73,94);\">Quartz</td>\r\n</tr>\r\n<tr>\r\n<td style=\"border-width:2px;padding:8px;border-color:rgb(52,73,94);\"><strong>Model</strong></td>\r\n<td style=\"border-width:2px;padding:8px;border-color:rgb(52,73,94);\">MW-240-3BVDF</td>\r\n</tr>\r\n<tr>\r\n<td style=\"border-width:2px;padding:8px;border-color:rgb(52,73,94);\"><strong>Xuất xứ thương hiệu</strong></td>\r\n<td style=\"border-width:2px;padding:8px;border-color:rgb(52,73,94);\">Nhật Bản</td>\r\n</tr>\r\n<tr>\r\n<td style=\"border-width:2px;padding:8px;border-color:rgb(52,73,94);\"><strong>Thương hiệu</strong></td>\r\n<td style=\"border-width:2px;padding:8px;border-color:rgb(52,73,94);\">Casio</td>\r\n</tr>\r\n</tbody>\r\n</table>\r\n</li>\r\n</ul>\r\n</div>\r\n<p style=\"text-align:justify;\">Giá sản phẩm trên Tiki đã bao gồm thuế theo luật hiện hành. Bên cạnh đó, tuỳ vào loại sản phẩm, hình thức và địa chỉ giao hàng mà có thể phát sinh thêm chi phí khác như phí vận chuyển, phụ phí hàng cồng kềnh, thuế nhập khẩu (đối với đơn hàng giao từ nước ngoài có giá trị trên 1 triệu đồng).....</p>', 569000, 456000, 198, '[\"18\"]', 1, 0, NULL, 4, 3, '2023-01-25 08:05:55', '2023-01-27 08:40:42', 0),
(15, 'Đồng Hồ Nam Dây Nhựa Casio Standard AE-1500WH-8BVDF', 'Đồng Hồ Nam Dây Nhựa Casio Standard AE-1500WH-8BVDF', 2, 1, 'Casio', '<p><em><strong>Đồng Hồ Nam Dây Nhựa Casio Standard AE-1500WH-8BVDF Chính Hãng - AE-1500WH-8B</strong></em></p>\r\n<table style=\"border-collapse:collapse;width:100%;border-width:2px;border-spacing:8px;border-color:#34495E;\" border=\"1\"><colgroup><col style=\"width:50.0907%;\" /><col style=\"width:50.0907%;\" /></colgroup>\r\n<tbody>\r\n<tr>\r\n<td style=\"border-width:2px;padding:8px;border-color:rgb(52,73,94);\"><strong>Kiểu máy</strong></td>\r\n<td style=\"border-width:2px;padding:8px;border-color:rgb(52,73,94);\">Quartz</td>\r\n</tr>\r\n<tr>\r\n<td style=\"border-width:2px;padding:8px;border-color:rgb(52,73,94);\"><strong>Model</strong></td>\r\n<td style=\"border-width:2px;padding:8px;border-color:rgb(52,73,94);\">AE-1500WH-8BVDF</td>\r\n</tr>\r\n<tr>\r\n<td style=\"border-width:2px;padding:8px;border-color:rgb(52,73,94);\"><strong>Xuất xứ thương hiệu</strong></td>\r\n<td style=\"border-width:2px;padding:8px;border-color:rgb(52,73,94);\">Nhật Bản</td>\r\n</tr>\r\n<tr>\r\n<td style=\"border-width:2px;padding:8px;border-color:rgb(52,73,94);\"><strong>Thương hiệu</strong></td>\r\n<td style=\"border-width:2px;padding:8px;border-color:rgb(52,73,94);\">Casio</td>\r\n</tr>\r\n</tbody>\r\n</table>\r\n<p>Các tính năng</p>\r\n<ul>\r\n<li>Tuổi thọ pin 10 năm</li>\r\n<li>Đồng hồ bấm giờ 1/100 giây</li>\r\n<li>Chế độ giờ kép</li>\r\n<li>5 chế độ báo</li>\r\n<li>Khả năng chống nước ở độ sâu 100 mét</li>\r\n<li>Đèn LED: vàng hổ phách</li>\r\n<li>Mặt đồng hồ rộng</li>\r\n</ul>\r\n<p>Đặc điểm kỹ thuật</p>\r\n<ul>\r\n<li>Vật liệu vỏ / vành bezel: Nhựa</li>\r\n<li>Dây đeo bằng nhựa</li>\r\n<li>Mặt kính nhựa</li>\r\n<li>Khả năng chống nước ở độ sâu 100 mét</li>\r\n<li>Đèn LED cực tím<br />phát sáng sau</li>\r\n<li>Chế độ giờ kép</li>\r\n<li>Đồng hồ bấm giờ 1/100 giây<br />Khả năng đo: 23:59’59.99’’<br />Chế độ đo: Thời gian đã trôi qua, ngắt giờ, thời gian về đích thứ nhất - thứ hai</li>\r\n<li>Đồng hồ đếm ngược<br />Đơn vị đo: 1 giây<br />Khoảng đếm ngược: 24 giờ<br />Khoảng cài đặt thời gian bắt đầu đếm ngược: 1 phút đến 24 giờ (khoảng tăng 1 phút và khoảng tăng 1 giờ)<br />Khác: Tự động lặp lại</li>\r\n<li>5 chế độ báo đa chức năng (với 1 chế độ báo lặp)</li>\r\n<li>Tín hiệu thời gian hàng giờ</li>\r\n<li>Lịch hoàn toàn tự động (đến năm 2099)</li>\r\n<li>Định dạng giờ 12/24</li>\r\n<li>Giờ hiện hành thông thường: Giờ, phút, giây, giờ chiều, tháng, ngày, thứ</li>\r\n<li>Độ chính xác: ±30 giây một tháng</li>\r\n<li>Tuổi thọ pin xấp xỉ: 10 năm đối với pin CR2032</li>\r\n</ul>\r\n<p>Kích thước vỏ / Tổng trọng lượng</p>\r\n<ul>\r\n<li>Kích thước vỏ : 54,4×51,2×15,7mm</li>\r\n<li>Tổng trọng lượng : 57g</li>\r\n</ul>\r\n<p>Giá sản phẩm trên Tiki đã bao gồm thuế theo luật hiện hành. Bên cạnh đó, tuỳ vào loại sản phẩm, hình thức và địa chỉ giao hàng mà có thể phát sinh thêm chi phí khác như phí vận chuyển, phụ phí hàng cồng kềnh, thuế nhập khẩu (đối với đơn hàng giao từ nước ngoài có giá trị trên 1 triệu đồng).....</p>', 1190000, 946000, 87, '[\"18\"]', 1, 0, NULL, 4, 3, '2023-01-25 08:08:10', '2023-01-27 08:44:38', 0),
(16, 'Kính mát, mắt kính OEM', 'Kính mát, mắt kính OEM', 2, 1, 'OEM', '<ul>\r\n<li style=\"text-align:justify;\">Kính mát có thiết kế hình đầy trẻ trung, phối màu ấn tượng và nổi bật giúp cho vẻ ngoài của bạn thêm phần thu hút hơn.</li>\r\n<li style=\"text-align:justify;\">Gọng kính làm bằng nhựa Plastic, siêu nhẹ, ngăn chặn trầy xước hay biến dạng.</li>\r\n<li style=\"text-align:justify;\">Thiết kế vừa vặn với nhiều hình dáng gương mặt.</li>\r\n<li style=\"text-align:justify;\">Đệm mũi êm ái, tạo cảm giác dễ chịu khi đeo.</li>\r\n<li style=\"text-align:justify;\">Càng kính chắc chắn, ôm sát gương mặt và không gây vết hằn khó chịu trên da.</li>\r\n<li style=\"text-align:justify;\">Sản phẩm luôn giữ được độ sáng bóng cao cấp.</li>\r\n</ul>\r\n<table style=\"border-collapse:collapse;width:100%;border-width:2px;border-spacing:8px;border-color:#BA372A;\" border=\"1\"><colgroup><col style=\"width:50%;\" /><col style=\"width:50%;\" /></colgroup>\r\n<tbody>\r\n<tr>\r\n<td style=\"border-width:2px;padding:8px;border-color:rgb(186,55,42);\"><strong>Kiểu máy</strong></td>\r\n<td style=\"border-width:2px;padding:8px;border-color:rgb(186,55,42);\">Hàn Quốc</td>\r\n</tr>\r\n<tr>\r\n<td style=\"border-width:2px;padding:8px;border-color:rgb(186,55,42);\"><strong>Model</strong></td>\r\n<td style=\"border-width:2px;padding:8px;border-color:rgb(186,55,42);\">Nhựa plastic</td>\r\n</tr>\r\n<tr>\r\n<td style=\"border-width:2px;padding:8px;border-color:rgb(186,55,42);\"><strong>Xuất xứ thương hiệu</strong></td>\r\n<td style=\"border-width:2px;padding:8px;border-color:rgb(186,55,42);\">2508-Nhieumau</td>\r\n</tr>\r\n<tr>\r\n<td style=\"border-width:2px;padding:8px;border-color:rgb(186,55,42);\"><strong>Thương hiệu<br /></strong></td>\r\n<td style=\"border-width:2px;padding:8px;border-color:rgb(186,55,42);\">OEM</td>\r\n</tr>\r\n</tbody>\r\n</table>\r\n<p style=\"text-align:justify;\">Giá sản phẩm trên Tiki đã bao gồm thuế theo luật hiện hành. Bên cạnh đó, tuỳ vào loại sản phẩm, hình thức và địa chỉ giao hàng mà có thể phát sinh thêm chi phí khác như phí vận chuyển, phụ phí hàng cồng kềnh, thuế nhập khẩu (đối với đơn hàng giao từ nước ngoài có giá trị trên 1 triệu đồng).....</p>', 89000, 19000, 597, '[\"56\"]', 1, 0, NULL, 4, 3, '2023-01-25 08:20:40', '2023-01-27 08:39:22', 0),
(17, 'Kính mát chính hãng V-idol VS2010', 'Kính mát chính hãng V-idol VS2010', 2, 1, 'OEM', '<p style=\"line-height:2;\">Kính mát chính hãng V-idol VS2010 có thiết kế khung tròng dáng sành điệu, phối màu cá tính và hợp thời trang giúp gương mặt người đeo thêm phần cuốn hút mỗi khi mang.<br />Tròng kính cao cấp luôn đạt chuẩn quốc tế UV400. Màu sắc dịu mắt.<br />Gọng kính làm từ hợp kim cao cấp bền bỉ, được bọc nhựa cao cấp hạn chế bị trầy xước hay biến dạng hiệu quả.<br />Thiết kế vừa vặn với nhiều hình dáng gương mặt, khi đeo tạo sự hài hòa, cân đối giữa hai bên thái dương, mắt và sóng mũi.<br />Sản phẩm được gia công tỉ mỉ và sắc sảo đến từng chi tiết nhằm duy trì tuổi thọ và tính thẩm mỹ lâu dài.<br />Đệm mũi êm ái, tạo cảm giác dễ chịu khi đeo.<br />Càng kính chắc chắn, không gây ra vết hằn khó chịu trên da.<br />Ốc vặn được gia công kỹ lưỡng và cẩn thận</p>\r\n<p style=\"line-height:2;\">Giá sản phẩm trên Tiki đã bao gồm thuế theo luật hiện hành. Bên cạnh đó, tuỳ vào loại sản phẩm, hình thức và địa chỉ giao hàng mà có thể phát sinh thêm chi phí khác như phí vận chuyển, phụ phí hàng cồng kềnh, thuế nhập khẩu (đối với đơn hàng giao từ nước ngoài có giá trị trên 1 triệu đồng).....</p>\r\n<table style=\"border-collapse:collapse;width:100%;border-width:2px;border-spacing:8px;border-color:#236FA1;\" border=\"1\"><colgroup><col style=\"width:50%;\" /><col style=\"width:50%;\" /></colgroup>\r\n<tbody>\r\n<tr>\r\n<td style=\"border-width:2px;padding:8px;border-color:rgb(35,111,161);\"><strong>Kiểu máy</strong></td>\r\n<td style=\"border-width:2px;padding:8px;border-color:rgb(35,111,161);\">VS2010</td>\r\n</tr>\r\n<tr>\r\n<td style=\"border-width:2px;padding:8px;border-color:rgb(35,111,161);\"><strong>Model</strong></td>\r\n<td style=\"border-width:2px;padding:8px;border-color:rgb(35,111,161);\">VS2010 BLKWH</td>\r\n</tr>\r\n<tr>\r\n<td style=\"border-width:2px;padding:8px;border-color:rgb(35,111,161);\"><strong>Xuất xứ thương hiệu</strong></td>\r\n<td style=\"border-width:2px;padding:8px;border-color:rgb(35,111,161);\">Hàn Quốc</td>\r\n</tr>\r\n<tr>\r\n<td style=\"border-width:2px;padding:8px;border-color:rgb(35,111,161);\"><strong>Thương hiệu</strong></td>\r\n<td style=\"border-width:2px;padding:8px;border-color:rgb(35,111,161);\">OEM</td>\r\n</tr>\r\n</tbody>\r\n</table>', 409000, 319000, 185, '[\"18\"]', 1, 0, NULL, 4, 3, '2022-12-31 17:00:00', '2023-01-27 08:38:57', 0),
(18, 'Đồng Hồ Nam Dây Nhựa Casio Standard W-218HC-2A', 'Đồng Hồ Nam Dây Nhựa Casio Standard W-218HC-2A', 2, 1, 'Casio', '<p><strong>Đồng Hồ Nam Dây Nhựa Casio Standard W-218HC-2A Chính Hãng - W-218HC-2AVDF</strong></p>\r\n<p><strong>Các tính năng</strong></p>\r\n<p>Khả năng chống nước ở độ sâu 50 mét</p>\r\n<p>Đồng hồ bấm giờ 1/100 giây</p>\r\n<p>Báo giờ hàng ngày</p>\r\n<p>Đèn LED cực tím</p>\r\n<table style=\"border-collapse:collapse;width:100%;border-width:2px;border-spacing:8px;border-color:#34495E;\" border=\"1\"><colgroup><col style=\"width:50%;\" /><col style=\"width:50%;\" /></colgroup>\r\n<tbody>\r\n<tr>\r\n<td style=\"border-width:2px;padding:8px;border-color:rgb(52,73,94);\"><strong>Kiểu máy</strong></td>\r\n<td style=\"border-width:2px;padding:8px;border-color:rgb(52,73,94);\">Quartz</td>\r\n</tr>\r\n<tr>\r\n<td style=\"border-width:2px;padding:8px;border-color:rgb(52,73,94);\"><strong>Model</strong></td>\r\n<td style=\"border-width:2px;padding:8px;border-color:rgb(52,73,94);\">W-218HC-2AVDF</td>\r\n</tr>\r\n<tr>\r\n<td style=\"border-width:2px;padding:8px;border-color:rgb(52,73,94);\"><strong>Xuất xứ thương hiệu</strong></td>\r\n<td style=\"border-width:2px;padding:8px;border-color:rgb(52,73,94);\">Nhật Bản</td>\r\n</tr>\r\n<tr>\r\n<td style=\"border-width:2px;padding:8px;border-color:rgb(52,73,94);\"><strong>Thương hiệu</strong></td>\r\n<td style=\"border-width:2px;padding:8px;border-color:rgb(52,73,94);\">Casio</td>\r\n</tr>\r\n</tbody>\r\n</table>\r\n<p><strong>Thông số kỹ thuật </strong></p>\r\n<p>Vật liệu vỏ / gờ: Nhựa</p>\r\n<p>Dây đeo bằng nhựa</p>\r\n<p>Mặt kính nhựa</p>\r\n<p>Khả năng chống nước ở độ sâu 50 mét</p>\r\n<p>Đèn LED cực tím</p>\r\n<p>Đồng hồ bấm giờ 1/100 giây<br />Khả năng đo: 59\'59.99\"<br />Chế độ đo: Thời gian đã trôi qua, ngắt giờ, thời gian về đích thứ nhất-thứ hai</p>\r\n<p>Báo giờ hàng ngày</p>\r\n<p>Tín hiệu thời gian hàng giờ</p>\r\n<p>Lịch tự động (29 ngày cho Tháng 2)</p>\r\n<p>Định dạng giờ 12/24</p>\r\n<p>Giờ hiện hành thông thường: Giờ, phút, giây, chiều, ngày, thứ</p>\r\n<p>Độ chính xác: ±30 giây một tháng</p>\r\n<p>Tuổi thọ pin xấp xỉ: 7 năm với pin CR2016 </p>\r\n<p><strong>Kích thước vỏ / Tổng trọng lượng</strong></p>\r\n<p>Kích thước vỏ : 44,4×43,2×10,8mm</p>\r\n<p>Tổng trọng lượng : 37g</p>\r\n<p>Giá sản phẩm trên Tiki đã bao gồm thuế theo luật hiện hành. Bên cạnh đó, tuỳ vào loại sản phẩm, hình thức và địa chỉ giao hàng mà có thể phát sinh thêm chi phí khác như phí vận chuyển, phụ phí hàng cồng kềnh, thuế nhập khẩu (đối với đơn hàng giao từ nước ngoài có giá trị trên 1 triệu đồng).....</p>', 699000, 609000, 388, '[\"16\"]', 1, 0, NULL, 4, 3, '2023-01-25 08:25:31', '2023-01-27 08:45:58', 0),
(19, 'Thắt Lưng Dây Nịt Nam Da Bò Khóa Tự Động DT113', 'Thắt Lưng Dây Nịt Nam Da Bò Khóa Tự Động DT113', 2, 1, 'OEM', '<p>❖ THÔNG TIN SẢN PHẨM :</p>\r\n<p>- Sản phẩm được làm từ da cao cấp mềm mại may viền chắc chắn , sang trọng và có thời gian sử dụng lâu dài</p>\r\n<p>➫ Chất liệu: Da bò thật (*)</p>\r\n<p>➫ Chất liệu khóa : Hợp kim</p>\r\n<p>➫ Kích thước ( Chiều dài x Bảng )110-130 x3.5 cm(***)</p>\r\n<p>➫ Màu sắc: đen</p>\r\n<p>➫ Phong cách: Hàn Quốc.</p>\r\n<table style=\"border-collapse:collapse;width:100%;border-width:2px;border-spacing:8px;border-color:#236FA1;\" border=\"1\"><colgroup><col style=\"width:50%;\" /><col style=\"width:50%;\" /></colgroup>\r\n<tbody>\r\n<tr>\r\n<td style=\"border-width:2px;padding:8px;border-color:rgb(35,111,161);\"><strong>Xuất xứ</strong></td>\r\n<td style=\"border-width:2px;padding:8px;border-color:rgb(35,111,161);\">Hàn Quốc / Trung Quốc</td>\r\n</tr>\r\n<tr>\r\n<td style=\"border-width:2px;padding:8px;border-color:rgb(35,111,161);\"><strong>Chất liệu</strong></td>\r\n<td style=\"border-width:2px;padding:8px;border-color:rgb(35,111,161);\">Da bò</td>\r\n</tr>\r\n<tr>\r\n<td style=\"border-width:2px;padding:8px;border-color:rgb(35,111,161);\"><strong>Kích thước</strong></td>\r\n<td style=\"border-width:2px;padding:8px;border-color:rgb(35,111,161);\">Kích thước 120 x 3,5 cm </td>\r\n</tr>\r\n<tr>\r\n<td style=\"border-width:2px;padding:8px;border-color:rgb(35,111,161);\"><strong>Thương hiệu</strong></td>\r\n<td style=\"border-width:2px;padding:8px;border-color:rgb(35,111,161);\">OEM</td>\r\n</tr>\r\n</tbody>\r\n</table>\r\n<p><strong>CAM KẾT VỚI KHÁCH HÀNG – DUMBUM STORE</strong></p>\r\n<p>- Sản phẩm giống mô tả 100%</p>\r\n<p>- Đảm bảo chất lượng, dịch vụ tốt </p>\r\n<p>- Đổi trả sản phẩm  trong vòng 7 ngày đầu tiên hoặc hoàn tiền </p>\r\n<p>- Hàng mới 100% đã được kiểm tra, vận hành hoạt động trước khi giao đến tay khách hàng</p>\r\n<p>- Hàng được giao 2h trong Thành Phố Hồ Chí Minh</p>\r\n<p>- Sau khi nhận hàng khách hàng thoải mái kiểm tra.</p>\r\n<p>Nếu sản phẩm không phù hợp với nhu cầu sử dụng của khách hàng hãy liên hệ với DUMBUM STORE để được đổi trả hoàn tiền</p>\r\n<p>- Đổi trả sản phẩm theo chính sách riêng của DUMBUM STORE</p>\r\n<p>- Điều kiện áp dụng đổi trả - hoàn tiền trong vòng 7 ngày đầu tiên</p>\r\n<ul>\r\n<li>Hàng hóa vẫn còn mới, chưa qua sử dụng</li>\r\n<li>Hàng hóa hư hỏng do vận chuyển hoặc do nhà sản xuất</li>\r\n<li>Hàng không đúng mô tả, chủng loại, mẫu mã như quý khách đặt hàng</li>\r\n<li>Không đủ số lượng, không đủ bộ như trong đơn hàng</li>\r\n<li>Tình trạng bên ngoài bị ảnh hưởng như rách bao bì, bong tróc, dễ vỡ…</li>\r\n</ul>\r\n<p> - Hỗ trợ tư vấn</p>\r\n<p>– Hướng dẫn sử dụng, bảo hành, đổi trả sản phẩm 24/7</p>\r\n<p>❖ CHÚ THÍCH</p>\r\n<p>Thiết kế nhỏ gọn sang trọng khóa ngàm cứng cáp ngăn , tiện lợi và mang lại cảm giác chắc chắn khi đeo.</p>\r\n<p>❖ HƯỚNG DẪN BẢO QUẢN</p>\r\n<p>➫ Bạn có thể dễ dàng bảo quản sản phẩm ở môi trường bình thường, tuy nhiên cần tránh những nơi ẩm ướt hoặc nhiệt độ cao.</p>\r\n<p>➫ Trong quá trình sử dụng nếu sản phẩm bị bám bẩn, bạn hãy sử dụng vải ẩm lau sạch vết bẩn.</p>\r\n<p><strong>XIN CHÂN THÀNH CẢM ƠN QUÝ KHÁCH ĐÃ LUÔN TIN TƯỞNG VÀ ỦNG HỘ DUMBUM STORE</strong></p>', 159000, 109000, 251, '[\"18\"]', 1, 0, NULL, 4, 3, '2023-01-25 08:27:42', '2023-01-27 08:35:44', 0),
(20, 'Găng Tay Lụa Chống Nắng Chống Tia UV', 'Găng Tay Lụa Chống Nắng Chống Tia UV', 2, 1, 'OEM', '<p style=\"line-height:2;\">Găng Tay Lụa Chống Nắng Chống Tia UV, Có Thể Tháo Găng Tại Ngón Tay Tiện Lợi Sử Dụng Điện Thoại</p>\r\n<p style=\"line-height:2;\">Kết cấu của vật liệu: nylon</p>\r\n<p style=\"line-height:2;\">Phân loại sử dụng: Găng tay trang phục</p>\r\n<p style=\"line-height:2;\">Dành cho: nữ</p>\r\n<p style=\"line-height:2;\">Chế độ xử lý: May cơ khí</p>\r\n<p style=\"line-height:2;\">Chức năng: Kem chống nắng chống trượt đi câu cá Ride Đi xe đạp thông gió chống mồ hôi</p>\r\n<p style=\"line-height:2;\">Mô hình: đơn sắc, sọc</p>\r\n<p style=\"line-height:2;\">Shop Cam Kết:</p>\r\n<p style=\"line-height:2;\">Đổi trả miễn phí trong 7 ngày (kể cả lý do không ưng)</p>\r\n<p style=\"line-height:2;\">Quý khách vui lòng quay video khui hàng để shop tiện đổi trả</p>\r\n<p style=\"line-height:2;\">Giá sản phẩm trên Tiki đã bao gồm thuế theo luật hiện hành. Bên cạnh đó, tuỳ vào loại sản phẩm, hình thức và địa chỉ giao hàng mà có thể phát sinh thêm chi phí khác như phí vận chuyển, phụ phí hàng cồng kềnh, thuế nhập khẩu (đối với đơn hàng giao từ nước ngoài có giá trị trên 1 triệu đồng).....</p>', 99000, 75000, 195, '[\"11\",\"18\",\"19\"]', 1, 0, NULL, 4, 3, '2022-12-31 17:00:00', '2023-01-27 08:31:00', 0),
(21, 'Túi Xách Du Lịch BAMOZO Kiểu Dáng Thể Thao', 'Túi Xách Du Lịch BAMOZO Kiểu Dáng Thể Thao', 13, 1, 'Bamozo', '<p class=\"irIKAp\" style=\"line-height:2;\">*** ĐẶC ĐIỂM NỔI BẬT CỦA TÚI XÁCH DU LỊCH BAMOZO THỜI TRANG</p>\r\n<p class=\"irIKAp\" style=\"line-height:2;\">- Túi xách du lịch size lớn có ngăn để giày riêng - chống thấm nước đa năng cao cấp</p>\r\n<p class=\"irIKAp\" style=\"line-height:2;\">- Túi du lịch đa năng chống nước đựng đồ cá nhân, đồ du lịch tiện dụng gọn gàng.</p>\r\n<p class=\"irIKAp\" style=\"line-height:2;\">- Túi xách nhiều ngăn, gài được vào vali rất tiện ạ, khi không dùng đến gấp lại cũng gọn nhẹ.</p>\r\n<p class=\"irIKAp\" style=\"line-height:2;\">- Chất liệu: Nylon.</p>\r\n<p class=\"irIKAp\" style=\"line-height:2;\">- Kích thước: 50*21*28 cm</p>\r\n<p class=\"irIKAp\" style=\"line-height:2;\">- Màu sắc: HỒNG, ĐEN, BẠC, XANH, XÁM.</p>\r\n<p class=\"irIKAp\" style=\"line-height:2;\">#tuidulich #tuixachdulich #tuidulichdanang #tuidulichnbam #tuidulichnu #tuidungdodulich #tuididulich #tuixachdulichnu #balodulich #tuidanang #tuibigsize #tuitapgym #tuidungdo #thoitrang #tui #balo</p>', 299000, 199000, 82, '[\"11\"]', 1, 1, NULL, 4, 3, '2022-12-31 17:00:00', '2023-01-28 08:42:47', 0),
(22, 'Túi Đựng Giày Dép Dây Rút Bamozo Tiện Dụng Bỏ Vali', 'Túi Đựng Giày Dép Dây Rút Bamozo Tiện Dụng Bỏ Vali', 13, 1, 'Bamozo', '<p class=\"irIKAp\" style=\"line-height:2;\">*** Đặc điểm của túi đựng giày dây rút</p>\r\n<p class=\"irIKAp\" style=\"line-height:2;\">-Túi đựng đồ thiết kế tiện dụng, có thể dùng để đựng giày dép, quần áo, khăn, tất, đồ lót, mỹ phẩm, đồ dùng vệ sinh cá nhân, đồ lặt vặt...</p>\r\n<p class=\"irIKAp\" style=\"line-height:2;\">- Thích hợp sử dụng khi đi du lịch, công tác, chơi thể thao...</p>\r\n<p class=\"irIKAp\" style=\"line-height:2;\">- Túi được may từ chất liệu Polyester siêu bền chống ẩm mốc, \"tái sử dụng\" vì giặt rửa dễ dàng, bên trong có lớp lót êm ái,</p>\r\n<p class=\"irIKAp\" style=\"line-height:2;\">- Đường may sắc sảo, tinh tế, dây kéo trơn láng thích hợp cho nhiều vật phẩm, bền chắc.</p>\r\n<p class=\"irIKAp\" style=\"line-height:2;\">- Màu sắc: Hồng, Đen, Xám, Xanh Dương, Xanh Than.</p>', 15000, 8999, 365, '[\"19\"]', 1, 0, NULL, 4, 3, '2023-01-25 09:51:49', '2023-01-26 16:28:24', 0),
(23, 'Gối Kê Cổ Chữ U Văn Phòng Bamozo', 'Gối Kê Cổ Chữ U Văn Phòng Bamozo Dây kéo', 13, 1, 'Bamozo', '<p class=\"irIKAp\" style=\"line-height:2;\">*** ĐẶC ĐIỂM NỔI BẬT CỦA GỐI CHỮ U BAMOZO</p>\r\n<p class=\"irIKAp\" style=\"line-height:2;\">- Gối giúp bạn có một chỗ dựa đầu êm ái lúc nghỉ trưa ở văn phòng, hay khi đọc sách báo trên giường. Ngoài ra, có thể dùng khi ngồi trên tàu xe, máy bay,... mà không bị mỏi.</p>\r\n<p class=\"irIKAp\" style=\"line-height:2;\">- Thiết kế tiện lợi, ôm vừa vòng cổ, tạo sự êm ái, thoải mái, không bị tình trạng dằn xóc gây mỏi cổ, khó chịu.</p>\r\n<p class=\"irIKAp\" style=\"line-height:2;\">- Sản phẩm được sử dụng không chỉ trong khi đi du lịch mà còn trong cả cuộc sống hàng ngày. Dùng cho người lớn và trẻ em.</p>\r\n<p class=\"irIKAp\" style=\"line-height:2;\">- Cho bạn giấc ngủ ngon, tinh thần sảng khoái, cơ thể khỏe khoắn sau những chuyến đi.</p>\r\n<p class=\"irIKAp\" style=\"line-height:2;\">Màu: Hồng Nhạt, Xanh Than, Xám, Đen.</p>', 169000, 119000, 296, '[\"11\",\"16\",\"18\"]', 1, 0, 'Dây kéo', 4, 3, '2023-01-01 09:54:00', '2023-01-26 16:28:23', 0),
(24, 'Combo Vali Bamozo 8801 Bản Cao Cấp', 'Combo Vali Bamozo 8801 Bản Cao Cấp Size 24', 13, 1, 'Bamozo', '<p class=\"irIKAp\" style=\"line-height:2;\">*** ĐẶC ĐIỂM NỔI BẬT CỦA VALI BAMOZO BẢN CAO CẤP:</p>\r\n<p class=\"irIKAp\" style=\"line-height:2;\">- Chất liệu nhựa ABS+PC chịu lực 120kg chống va đập cực tốt.</p>\r\n<p class=\"irIKAp\" style=\"line-height:2;\">- Khóa 3 mã số bảo mật cực cao, an toàn khi đựng đồ trong vali của chính bạn.</p>\r\n<p class=\"irIKAp\" style=\"line-height:2;\">- 4 bánh xe có thể xoay 360 độ, được làm từ cao su non không gây ồn, không bị mài mòn, giúp bạn dễ dàng di chuyển chiếc vali trên nhiều địa hình.</p>\r\n<p class=\"irIKAp\" style=\"line-height:2;\">- Khoang chứa đồ rộng rãi chia làm 2 ngăn lớn, có đai chéo giúp cố định hành lý gọn gàng.</p>\r\n<p class=\"irIKAp\" style=\"line-height:2;\">- Vali sử dụng lớp lót bằng vải 210D cao cấp, ngăn phụ bằng lưới có khóa kéo, tiện lợi để phân chia đồ đạc và chống sốc cho đồ dùng đựng bên trong.</p>\r\n<table style=\"border-collapse:collapse;width:100%;border-width:2px;border-spacing:8px;background-color:rgb(255,255,255);border-color:rgb(45,194,107);height:134.4px;\" border=\"1\"><colgroup><col style=\"width:50%;\" /><col style=\"width:50%;\" /></colgroup>\r\n<tbody>\r\n<tr style=\"height:22.4px;\">\r\n<td style=\"border-width:2px;border-color:rgb(45,194,107);padding:8px;height:22.4px;\"><strong>Thương hiệu</strong></td>\r\n<td style=\"border-width:2px;border-color:rgb(45,194,107);padding:8px;height:22.4px;\">Bamozo</td>\r\n</tr>\r\n<tr style=\"height:22.4px;\">\r\n<td style=\"border-width:2px;border-color:rgb(45,194,107);padding:8px;height:22.4px;\"><strong>Chất liệu</strong></td>\r\n<td style=\"border-width:2px;border-color:rgb(45,194,107);padding:8px;height:22.4px;\">Nhựa</td>\r\n</tr>\r\n<tr style=\"height:22.4px;\">\r\n<td style=\"border-width:2px;border-color:rgb(45,194,107);padding:8px;height:22.4px;\"><strong>Vỏ hành lý</strong></td>\r\n<td style=\"border-width:2px;border-color:rgb(45,194,107);padding:8px;height:22.4px;\">Vỏ cứng</td>\r\n</tr>\r\n<tr style=\"height:22.4px;\">\r\n<td style=\"border-width:2px;border-color:rgb(45,194,107);padding:8px;height:22.4px;\"><strong>Loại bánh xe</strong></td>\r\n<td style=\"border-width:2px;border-color:rgb(45,194,107);padding:8px;height:22.4px;\">Bánh xe quay, đơn</td>\r\n</tr>\r\n<tr style=\"height:22.4px;\">\r\n<td style=\"border-width:2px;border-color:rgb(45,194,107);padding:8px;height:22.4px;\"><strong>Tính năng</strong></td>\r\n<td style=\"border-width:2px;border-color:rgb(45,194,107);padding:8px;height:22.4px;\">Chống trộm</td>\r\n</tr>\r\n<tr style=\"height:22.4px;\">\r\n<td style=\"border-width:2px;border-color:rgb(45,194,107);padding:8px;height:22.4px;\"><strong>Loại bảo hành</strong></td>\r\n<td style=\"border-width:2px;border-color:rgb(45,194,107);padding:8px;height:22.4px;\">Bảo hành nhà sản xuất</td>\r\n</tr>\r\n</tbody>\r\n</table>\r\n<p class=\"irIKAp\" style=\"line-height:2;\">** ĐẶC ĐIỂM NỔI BẬT CỦA VALI BAMOZO BẢN CAO CẤP:</p>\r\n<p class=\"irIKAp\" style=\"line-height:2;\">- Chất liệu nhựa ABS+PC chịu lực 120kg chống va đập cực tốt.</p>\r\n<p class=\"irIKAp\" style=\"line-height:2;\">- Khóa 3 mã số bảo mật cực cao, an toàn khi đựng đồ trong vali của chính bạn.</p>\r\n<p class=\"irIKAp\" style=\"line-height:2;\">- 4 bánh xe có thể xoay 360 độ, được làm từ cao su non không gây ồn, không bị mài mòn, giúp bạn dễ dàng di chuyển chiếc vali trên nhiều địa hình.</p>\r\n<p class=\"irIKAp\" style=\"line-height:2;\">- Khoang chứa đồ rộng rãi chia làm 2 ngăn lớn, có đai chéo giúp cố định hành lý gọn gàng.</p>\r\n<p class=\"irIKAp\" style=\"line-height:2;\">- Vali sử dụng lớp lót bằng vải 210D cao cấp, ngăn phụ bằng lưới có khóa kéo, tiện lợi để phân chia đồ đạc và chống sốc cho đồ dùng đựng bên trong.</p>\r\n<p class=\"irIKAp\" style=\"line-height:2;\">*** THÔNG SỐ SẢN PHẨM:</p>\r\n<p class=\"irIKAp\" style=\"line-height:2;\">- Màu: Vàng hồng, xanh nhạt, hồng nhạt, bạc, xanh lá, vàng, đỏ.</p>\r\n<p class=\"irIKAp\" style=\"line-height:2;\">- Kích thước:</p>\r\n<p class=\"irIKAp\" style=\"line-height:2;\">• Size 20: 36.5cm x 22cm x 53cm(+/- 2cm): có thể xách tay lên máy bay, sức chứa 7-12kg hành lý, thích hợp cho những chuyến du lịch ngắn ngày 2-4 ngày hoăc đi công tác.</p>\r\n<p class=\"irIKAp\" style=\"line-height:2;\">• Size 24: 42.5cm x 28.5cm x 63cm (+/- 2cm);cần phải ký gửi, đựng được 20-25kg hành lý, thích hợp 2-4 người dùng đi du lịch dài ngày hoặc công tác 5-7 ngày.</p>\r\n<p class=\"irIKAp\" style=\"line-height:2;\">*** CHÍNH SÁCH BẢO HÀNH ĐỔI TRẢ</p>\r\n<p class=\"irIKAp\" style=\"line-height:2;\">- Lỗi 1 đổi 1 trong 30 ngày đầu tiên (tính từ ngày nhận hàng và áp dụng với những sản phẩm có lỗi từ nhà sản xuất)</p>\r\n<p class=\"irIKAp\" style=\"line-height:2;\">- Bảo hành 5 năm khóa số, bánh xe, cần kéo. Chỉ bảo hành với các lỗi do nhà sản xuất gây ra, không bảo hành với trường hợp hư hỏng do sử dụng như mòn, xước hoặc do va đập mạnh, cháy nổ, cạy phá.</p>\r\n<p class=\"irIKAp\" style=\"line-height:2;\">- Sau khi phát hiện sản phẩm có lỗi, khách hàng liên hệ với Bamozo để được nhân viên hỗ trợ thủ tục đổi/bảo hành.</p>\r\n<p class=\"irIKAp\" style=\"line-height:2;\">*** THÔNG TIN THƯƠNG HIỆU</p>\r\n<p class=\"irIKAp\" style=\"line-height:2;\">Bamozo là thương hiệu vali du lịch của Việt Nam, được sản xuất trên dây chuyền công nghệ hiện đại của Đức. Với phương châm mang đến cho khách hàng sản phẩm tốt, giá tốt, dịch vụ khách hàng tốt.</p>\r\n<p class=\"irIKAp\" style=\"line-height:2;\">Vali Bamozo tự tin đã, đang và sẽ là một trong những thương hiệu sản xuất vali thương hiệu Việt số 1 tại Việt Nam, và sẽ không ngừng thay đổi để tốt hơn hiện tại chỉ với một mục tiêu duy nhất: \"ĐEM LẠI SỰ HÀI LÒNG CHO KHÁCH HÀNG THÂN YÊU\"</p>\r\n<p class=\"irIKAp\" style=\"line-height:2;\">vali #valy #bamozo #20inch #24inch #28inch #cao #cap #thoi #trang #xach #tay #hanh #ly #valikeo #valigiare #validulich #validep #valikeo #valibamozo</p>', 1299000, 998000, 121, '[\"11\"]', 1, 0, 'Size 24', 4, 3, '2023-01-27 09:58:17', '2023-01-27 08:33:42', 0),
(25, 'Túi Trùm Chống Xước Cho Vali Cao Cấp Bamozo TT01', 'Túi Trùm Chống Xước Cho Vali Cao Cấp Bamozo TT01', 13, 1, 'Bamozo', '<p style=\"line-height:2;\">Bamozo là thương hiệu vali du lịch của Việt Nam, được sản xuất trên dây chuyền công nghệ hiện đại của Đức. Với phương châm mang đến cho khách hàng sản phẩm tốt, giá tốt, dịch vụ khách hàng tốt. Vali Bamozo tự tin đã, đang và sẽ là một trong những thương hiệu sản xuất vali thương hiệu Việt số 1 tại Việt Nam, và sẽ không ngừng thay đổi để tốt hơn hiện tại chỉ với một mục tiêu duy nhất: \"ĐEM LẠI SỰ HÀI LÒNG CHO KHÁCH HÀNG THÂN YÊU\"</p>\r\n<table style=\"border-collapse:collapse;width:100%;border-width:2px;border-spacing:8px;border-color:#169179;border-style:solid;\" border=\"1\"><colgroup><col style=\"width:50%;\" /><col style=\"width:50%;\" /></colgroup>\r\n<tbody>\r\n<tr>\r\n<td style=\"border-width:2px;border-color:rgb(22,145,121);padding:8px;\">Thương hiệu</td>\r\n<td style=\"border-width:2px;border-color:rgb(22,145,121);padding:8px;\">Bamozo</td>\r\n</tr>\r\n<tr>\r\n<td style=\"border-width:2px;border-color:rgb(22,145,121);padding:8px;\">Kho hàng</td>\r\n<td style=\"border-width:2px;border-color:rgb(22,145,121);padding:8px;\">15151</td>\r\n</tr>\r\n<tr>\r\n<td style=\"border-width:2px;border-color:rgb(22,145,121);padding:8px;\">Gửi từ</td>\r\n<td style=\"border-width:2px;border-color:rgb(22,145,121);padding:8px;\">TP.HCM</td>\r\n</tr>\r\n</tbody>\r\n</table>\r\n<p style=\"line-height:2;\">Bamozo là thương hiệu vali du lịch của Việt Nam, được sản xuất trên dây chuyền công nghệ hiện đại của Đức. Với phương châm mang đến cho khách hàng sản phẩm tốt, giá tốt, dịch vụ khách hàng tốt. Vali Bamozo tự tin đã, đang và sẽ là một trong những thương hiệu sản xuất vali thương hiệu Việt số 1 tại Việt Nam, và sẽ không ngừng thay đổi để tốt hơn hiện tại chỉ với một mục tiêu duy nhất: \"ĐEM LẠI SỰ HÀI LÒNG CHO KHÁCH HÀNG THÂN YÊU\" Túi Trùm Chống Xước Bảo Vệ Vali:</p>\r\n<p style=\"line-height:2;\">Sản phẩm được làm từ chất liệu vải không dệt chống thấm.</p>\r\n<p style=\"line-height:2;\">Giúp bảo chiếc vali của bạn không bị trầy xước, không bị ướt khi đi ngoài mưa</p>\r\n<p style=\"line-height:2;\">Túi trùm có thiết kế cực kì gọn nhẹ, phù hợp với nhiều cỡ vali và có thể cuộn hoặc gấp lại dễ dàng để mang theo. </p>\r\n<p style=\"line-height:2;\">Sản phẩm hữu ích cho nhiều đối tượng, nhất là những người hay đi công tác xa</p>\r\n<p style=\"line-height:2;\">Kích thước: vỏ bọc trùm vali có 3 size: 20, 24 và 28</p>\r\n<p style=\"line-height:2;\">Màu sắc: Xám</p>\r\n<p style=\"line-height:2;\">► CHÚ Ý ◄</p>\r\n<p style=\"line-height:2;\">✔ Khi Đặt hàng bạn vui lòng chọn đúng phân loại mà bạn muốn mua. Shop mình set kho chuẩn nên sẽ không đóng hàng theo inbox/ghi chú/lưu ý -&gt; Chỉ đóng hàng theo phiếu in trên hệ thống ( Đơn in hàng lọat nên sẽ không đọc được lưu ý của bạn )</p>\r\n<p style=\"line-height:2;\">✔ Những đơn hàng đã cập nhật Mã vận đơn shop sẽ không chấp nhận huỷ</p>\r\n<p style=\"line-height:2;\">✔ Sản phẩm/size/màu nào còn hiển thị đặt được nghĩa là còn hàng và ngược lại Sản phẩm/size/màu nào không hiển thị nghĩa là hết hàng. </p>\r\n<p style=\"line-height:2;\">✔ Các trường hợp đổi/trả: lỗi do nhà sản xuất/lỗi nhầm mẫu/ lỗi sơ sót thiếu sản phẩm các bạn liên hệ shop để được đổi lại ( trường hợp thiếu hàng các bạn cung cấp clip quay bóc sản phẩm nhé) </p>\r\n<p style=\"line-height:2;\">✔ Các trường hợp không xử lý: Đặt nhầm màu/size/mẫu. Không thích. Không Hợp. Không đọc kĩ thông tin mô tả. Đặt 1 loại đòi giao nhiều loại.</p>\r\n<p style=\"line-height:2;\">✔ Mọi thắc mắc về vận chuyển/phí ship vui lòng liên hệ hotline để được tổng đài viên tư vấn và hỗ trợ.</p>\r\n<p style=\"line-height:2;\">CÁM ƠN QUÝ KHÁCH ĐÃ QUAN TÂM SẢN PHẨM, CHÚC QUÝ KHÁCH MỘT NGÀY TỐT LÀNH!!</p>', 39000, 29000, 171, '[\"19\"]', 1, 0, NULL, 4, 3, '2023-01-25 10:03:13', '2023-01-27 08:34:30', 0),
(26, 'Tất adidas ORIGINALS Bộ 3 đôi tất cổ trung Màu trắng', 'Tất adidas ORIGINALS Bộ 3 đôi tất cổ trung Màu trắng', 13, 1, 'Adidas', '<p>Quý khách vui lòng nhắn tin cho shop trong vòng 1 ngày sau khi nhận được hàng để được hỗ trợ trong trường hợp cần xuất hóa đơn đỏ (VAT) cho sản phẩm đã mua tại Shopee. Quá thời gian nhận được hàng đã nêu, shop xin được phép không hỗ trợ dù trong bất kỳ trường hợp nào. Người ta nói rằng đôi tất từng là biểu tượng của địa vị xã hội và sự giàu có. Với 3 đôi tất cổ trung này, bạn sẽ cảm nhận rõ thế nào là giới thượng lưu. Một đôi để dành tặng, một đôi để đi và một đôi để thay đổi.</p>\r\n<p>- 58% cotton, 39% polyester, 2% elastane, 1% nylon</p>\r\n<p>- 3 đôi tất</p>\r\n<p>- Cổ tất có gân bo</p>\r\n<p>- Cổ trung, dài đến bắp chân</p>\r\n<p>- 58% Cotton/39% rec polyester/2% Elasthane/1% REC.PA</p>', 399000, 299000, 277, '[\"20\"]', 1, 0, NULL, 4, 3, '2023-01-01 10:13:26', '2023-01-26 16:28:30', 0),
(27, 'adidas Ba Lô Bage of Sport Motion HM9162', 'adidas Ba Lô Bage of Sport Motion HM9162', 13, 1, 'Adidas', '<p style=\"text-align:justify;\">Quý khách vui lòng nhắn tin cho shop trong vòng 1 ngày sau khi nhận được hàng để được hỗ trợ trong trường hợp cần xuất hóa đơn đỏ (VAT) cho sản phẩm đã mua tại Shopee.</p>\r\n<p style=\"text-align:justify;\">Quá thời gian nhận được hàng đã nêu, shop xin được phép không hỗ trợ dù trong bất kỳ trường hợp nào. Điện thoại, thẻ, sổ tay, nước rửa tay, quần áo nỉ — mỗi hoạt động đều đòi hỏi đủ thứ phải mang theo. Với chiếc ba lô adidas này, bạn sẽ có rất nhiều chỗ để chứa tất cả những vật dụng đó. Ba lô có các ngăn lưới hai bên linh hoạt, cùng với các ngăn khóa kéo phía trước và một ngăn ẩn bên trong để đựng chìa khóa. Chiếc ba lô này có mặt sau bằng vải lưới thoáng khí và các quai đeo vai tùy chỉnh. Nhờ đó bạn sẽ không gặp trở ngại gì khi mang vác thật nhiều đồ trên lưng.</p>\r\n<table style=\"border-collapse:collapse;width:100%;border-width:2px;border-spacing:8px;background-color:rgb(255,255,255);border-color:rgb(45,194,107);height:134.4px;\" border=\"1\"><colgroup><col style=\"width:50%;\" /><col style=\"width:50%;\" /></colgroup>\r\n<tbody>\r\n<tr style=\"height:22.4px;\">\r\n<td style=\"border-width:2px;border-color:rgb(45,194,107);padding:8px;height:22.4px;\"><strong>Thương hiệu</strong></td>\r\n<td style=\"border-width:2px;border-color:rgb(45,194,107);padding:8px;height:22.4px;\">Adidas</td>\r\n</tr>\r\n<tr style=\"height:22.4px;\">\r\n<td style=\"border-width:2px;border-color:rgb(45,194,107);padding:8px;height:22.4px;\"><strong>Kho hàng</strong></td>\r\n<td style=\"border-width:2px;border-color:rgb(45,194,107);padding:8px;height:22.4px;\">2</td>\r\n</tr>\r\n<tr style=\"height:22.4px;\">\r\n<td style=\"border-width:2px;border-color:rgb(45,194,107);padding:8px;height:22.4px;\"><strong>Gửi từ</strong></td>\r\n<td style=\"border-width:2px;border-color:rgb(45,194,107);padding:8px;height:22.4px;\">TP. Hồ Chí Minh</td>\r\n</tr>\r\n</tbody>\r\n</table>\r\n<p style=\"text-align:justify;\">Làm từ một loạt chất liệu tái chế và có chứa tối thiểu 60% thành phần tái chế, sản phẩm này đại diện cho một trong số rất nhiều các giải pháp của chúng tôi hướng tới chấm dứt rác thải nhựa.</p>\r\n<p style=\"text-align:justify;\">- Kích thước: 18 cm x 28 cm x 46 cm</p>\r\n<p style=\"text-align:justify;\">- Dung tích: 18,5 L</p>\r\n<p style=\"text-align:justify;\">- Chất liệu chính: Vải dệt trơn làm từ 100% nylon tái chế</p>\r\n<p style=\"text-align:justify;\">- Lớp lót: Vải dệt trơn làm từ 100% polyester tái chế</p>\r\n<p style=\"text-align:justify;\">- Lớp đệm: Mút foam làm từ 100% PE</p>\r\n<p style=\"text-align:justify;\">- Ngăn chính có khóa kéo</p>', 800000, 699000, 839, '[\"16\"]', 1, 0, NULL, 4, 3, '2023-01-25 10:17:19', '2023-01-27 08:28:23', 0),
(28, 'adidas TENNIS Băng Cổ Tay Tennis Cỡ Lớn IC6509', 'adidas TENNIS Băng Cổ Tay Tennis Cỡ Lớn IC6509', 13, 1, 'Adidas', '<p style=\"line-height:2;\">Quý khách vui lòng nhắn tin cho shop trong vòng 1 ngày sau khi nhận được hàng để được hỗ trợ trong trường hợp cần xuất hóa đơn đỏ (VAT) cho sản phẩm đã mua tại Shopee. Quá thời gian nhận được hàng đã nêu, shop xin được phép không hỗ trợ dù trong bất kỳ trường hợp nào. Chơi đúng với phong độ của bạn, trong từng điểm một. Chiếc băng cổ tay tennis cỡ lớn adidas này giúp loại bỏ mồ hôi và duy trì sự tập trung. Chất vải mềm mại, co giãn và thấm hút mồ hôi giúp bạn luôn chú tâm vào từng đường bóng trong từng game đấu, set đánh và cho tới khi kết thúc trận đấu.</p>\r\n<table style=\"border-collapse:collapse;width:100%;border-width:2px;border-spacing:8px;background-color:rgb(255,255,255);border-color:rgb(45,194,107);height:134.4px;\" border=\"1\"><colgroup><col style=\"width:50%;\" /><col style=\"width:50%;\" /></colgroup>\r\n<tbody>\r\n<tr style=\"height:22.4px;\">\r\n<td style=\"border-width:2px;border-color:rgb(45,194,107);padding:8px;height:22.4px;\"><strong>Thương hiệu</strong></td>\r\n<td style=\"border-width:2px;border-color:rgb(45,194,107);padding:8px;height:22.4px;\">Adidas</td>\r\n</tr>\r\n<tr style=\"height:22.4px;\">\r\n<td style=\"border-width:2px;border-color:rgb(45,194,107);padding:8px;height:22.4px;\"><strong>Kho hàng</strong></td>\r\n<td style=\"border-width:2px;border-color:rgb(45,194,107);padding:8px;height:22.4px;\">2</td>\r\n</tr>\r\n<tr style=\"height:22.4px;\">\r\n<td style=\"border-width:2px;border-color:rgb(45,194,107);padding:8px;height:22.4px;\"><strong>Gửi từ</strong></td>\r\n<td style=\"border-width:2px;border-color:rgb(45,194,107);padding:8px;height:22.4px;\">TP. Hồ Chí Minh</td>\r\n</tr>\r\n</tbody>\r\n</table>\r\n<p style=\"line-height:2;\">Làm từ một loạt chất liệu tái chế và có chứa tối thiểu 70% thành phần tái chế, sản phẩm này đại diện cho một trong số rất nhiều các giải pháp của chúng tôi hướng tới chấm dứt rác thải nhựa. - 74% polyester tái chế, 23% cotton, 3% elastane - Logo adidas thêu nổi</p>', 299000, 199000, 459, '[\"2\"]', 1, 0, NULL, 5, 3, '2022-12-31 17:00:00', '2023-01-27 08:28:11', 0),
(29, 'adidas GOLF Mũ Nửa Đầu Tour Vành Rộng Màu xanh dương', 'adidas GOLF Mũ Nửa Đầu Tour Vành Rộng Màu xanh dương', 13, 1, 'Adidas', '<p style=\"line-height:2;\">Quý khách vui lòng nhắn tin cho shop trong vòng 1 ngày sau khi nhận được hàng để được hỗ trợ trong trường hợp cần xuất hóa đơn đỏ (VAT) cho sản phẩm đã mua tại Shopee. Quá thời gian nhận được hàng đã nêu, shop xin được phép không hỗ trợ dù trong bất kỳ trường hợp nào. Leo lên đầu bảng thành tích với chiếc mũ golf nửa đầu adidas này. Vành mũ cong rộng che mát đôi mắt để bạn tập trung chinh phục lỗ cờ. Công nghệ AEROREADY thấm hút ẩm giúp bạn luôn khô ráo và thoải mái ngay cả khi nhiệt độ tăng cao.</p>\r\n<table style=\"border-collapse:collapse;width:100%;border-width:2px;border-spacing:8px;background-color:rgb(255,255,255);border-color:rgb(45,194,107);height:134.4px;\" border=\"1\"><colgroup><col style=\"width:50%;\" /><col style=\"width:50%;\" /></colgroup>\r\n<tbody>\r\n<tr style=\"height:22.4px;\">\r\n<td style=\"border-width:2px;border-color:rgb(45,194,107);padding:8px;height:22.4px;\"><strong>Thương hiệu</strong></td>\r\n<td style=\"border-width:2px;border-color:rgb(45,194,107);padding:8px;height:22.4px;\">Adidas</td>\r\n</tr>\r\n<tr style=\"height:22.4px;\">\r\n<td style=\"border-width:2px;border-color:rgb(45,194,107);padding:8px;height:22.4px;\"><strong>Kho hàng</strong></td>\r\n<td style=\"border-width:2px;border-color:rgb(45,194,107);padding:8px;height:22.4px;\">2</td>\r\n</tr>\r\n<tr style=\"height:22.4px;\">\r\n<td style=\"border-width:2px;border-color:rgb(45,194,107);padding:8px;height:22.4px;\"><strong>Gửi từ</strong></td>\r\n<td style=\"border-width:2px;border-color:rgb(45,194,107);padding:8px;height:22.4px;\">TP. Hồ Chí Minh</td>\r\n</tr>\r\n</tbody>\r\n</table>\r\n<p style=\"line-height:2;\">Làm từ một loạt chất liệu tái chế và có chứa tối thiểu 60% thành phần tái chế, sản phẩm này đại diện cho một trong số rất nhiều các giải pháp của chúng tôi hướng tới chấm dứt rác thải nhựa. - Kích cỡ vừa với hầu hết mọi người - Vải dobby làm từ 100% polyester tái chế - Công nghệ AEROREADY thấm hút ẩm - Vành cong rộng</p>', 900000, 800000, 87, '[\"16\"]', 1, 0, NULL, 4, 3, '2023-01-25 10:21:33', '2023-01-27 07:55:29', 0),
(30, 'adidas GOLF Light and Comfort Gloves GL8787', 'adidas GOLF Light and Comfort Gloves GL8787', 13, 1, 'Adidas', '<p style=\"line-height:2;\">Quý khách vui lòng nhắn tin cho shop trong vòng 1 ngày sau khi nhận được hàng để được hỗ trợ trong trường hợp cần xuất hóa đơn đỏ (VAT) cho sản phẩm đã mua tại Shopee. Quá thời gian nhận được hàng đã nêu, shop xin được phép không hỗ trợ dù trong bất kỳ trường hợp nào. As you stand over your ball ready to send it towards the green, you need a grip you can count on. These adidas golf gloves deliver a premium handfeel and snug-yet-comfortable fit with every swing of the club.</p>\r\n<table style=\"border-collapse:collapse;width:100%;border-width:2px;border-spacing:8px;background-color:rgb(255,255,255);border-color:rgb(45,194,107);height:134.4px;\" border=\"1\"><colgroup><col style=\"width:50%;\" /><col style=\"width:50%;\" /></colgroup>\r\n<tbody>\r\n<tr style=\"height:22.4px;\">\r\n<td style=\"border-width:2px;border-color:rgb(45,194,107);padding:8px;height:22.4px;\"><strong>Thương hiệu</strong></td>\r\n<td style=\"border-width:2px;border-color:rgb(45,194,107);padding:8px;height:22.4px;\">Adidas</td>\r\n</tr>\r\n<tr style=\"height:22.4px;\">\r\n<td style=\"border-width:2px;border-color:rgb(45,194,107);padding:8px;height:22.4px;\"><strong>Kho hàng</strong></td>\r\n<td style=\"border-width:2px;border-color:rgb(45,194,107);padding:8px;height:22.4px;\">2</td>\r\n</tr>\r\n<tr style=\"height:22.4px;\">\r\n<td style=\"border-width:2px;border-color:rgb(45,194,107);padding:8px;height:22.4px;\"><strong>Gửi từ</strong></td>\r\n<td style=\"border-width:2px;border-color:rgb(45,194,107);padding:8px;height:22.4px;\">TP. Hồ Chí Minh</td>\r\n</tr>\r\n</tbody>\r\n</table>\r\n<p style=\"line-height:2;\">- 100% polyurethane imitation leather - Soft feel - Ergonomic, angled hook-and-loop closure tab - Stretch-knit fabric on knuckles</p>', 699000, 599000, 255, '[\"20\"]', 1, 0, NULL, 4, 3, '2023-01-01 10:23:02', '2023-01-27 08:24:56', 0);
INSERT INTO `products` (`id`, `name`, `tittle`, `category_id`, `seller_id`, `brand`, `description`, `original_price`, `selling_price`, `qty`, `attributes`, `status`, `trending`, `other_attribute`, `average_star`, `sold`, `created_at`, `updated_at`, `del_flag`) VALUES
(31, 'Máy Tính Xách Tay HUAWEI MateBook D | Intel® Core™ i5', 'Máy Tính Xách Tay HUAWEI MateBook D | Intel® Core™ i5 512 GB', 1, 2, 'Huawei', '<p class=\"irIKAp\" style=\"line-height:2;text-align:justify;\">Máy Tính Xách Tay HUAWEI MateBook D 16 (16GB/512GB) Màn hình HUAWEI FullView 16\" | Intel® Core™ i5 Thế Hệ Thứ 12 H-Series | Hàng Phân Phối Chính Hãng</p>\r\n<p class=\"irIKAp\" style=\"line-height:2;text-align:justify;\">Hướng Dẫn Kích Hoạt Microsoft Office Home &amp; Student 2021: <a href=\"https://www.youtube.com/watch?v=Y68_jeHXlpU\">https://www.youtube.com/watch?v=Y68_jeHXlpU</a></p>\r\n<table style=\"border-collapse:collapse;width:99.9636%;border-width:2px;border-spacing:5px;border-color:rgb(45,194,107);height:479px;\" border=\"1\"><colgroup><col style=\"width:50%;\" /><col style=\"width:50%;\" /></colgroup>\r\n<tbody>\r\n<tr style=\"height:22.4px;\">\r\n<td style=\"border-width:2px;padding:5px;border-color:rgb(45,194,107);height:22.4px;line-height:1;\"><strong>Màu sắc</strong></td>\r\n<td style=\"border-width:2px;padding:5px;border-color:rgb(45,194,107);height:22.4px;line-height:1;\">Bạc huyền ảo</td>\r\n</tr>\r\n<tr style=\"height:22.4px;\">\r\n<td style=\"border-width:2px;padding:5px;border-color:rgb(45,194,107);height:22.4px;line-height:1;\"><strong>Hệ điều hành:</strong></td>\r\n<td style=\"border-width:2px;padding:5px;border-color:rgb(45,194,107);height:22.4px;line-height:1;\">Windows 11 Home</td>\r\n</tr>\r\n<tr style=\"height:22.4px;\">\r\n<td style=\"border-width:2px;padding:5px;border-color:rgb(45,194,107);height:22.4px;line-height:1;\"><strong>Chiều dài x Chiều rộng x Độ mỏng</strong></td>\r\n<td style=\"border-width:2px;padding:5px;border-color:rgb(45,194,107);height:22.4px;line-height:1;\">356,7mm x 248,7mm x 18.4mm</td>\r\n</tr>\r\n<tr style=\"height:22.4px;\">\r\n<td style=\"border-width:2px;padding:5px;border-color:rgb(45,194,107);height:22.4px;line-height:1;\"><strong>Trọng lượng</strong></td>\r\n<td style=\"border-width:2px;padding:5px;border-color:rgb(45,194,107);height:22.4px;line-height:1;\">Khoảng 1,7 kg</td>\r\n</tr>\r\n<tr>\r\n<td style=\"border-width:2px;padding:5px;border-color:rgb(45,194,107);line-height:1;\"><strong>Bộ xử lý đồ họa</strong></td>\r\n<td style=\"border-width:2px;padding:5px;border-color:rgb(45,194,107);line-height:1;\">Card đồ hoạ Intel® UHD Graphics</td>\r\n</tr>\r\n<tr>\r\n<td style=\"border-width:2px;padding:5px;border-color:rgb(45,194,107);line-height:1;\"><strong>Kích thước màn hình hiển thị</strong></td>\r\n<td style=\"border-width:2px;padding:5px;border-color:rgb(45,194,107);line-height:1;\">16 inch</td>\r\n</tr>\r\n<tr style=\"height:22.4px;\">\r\n<td style=\"border-width:2px;padding:5px;border-color:rgb(45,194,107);height:22.4px;line-height:1;\"><strong>Loại màn hình</strong></td>\r\n<td style=\"border-width:2px;padding:5px;border-color:rgb(45,194,107);height:22.4px;line-height:1;\">IPS</td>\r\n</tr>\r\n<tr style=\"height:22.4px;\">\r\n<td style=\"border-width:2px;padding:5px;border-color:rgb(45,194,107);height:22.4px;line-height:1;\"><strong>Tỷ lệ màn hình so với thân máy</strong></td>\r\n<td style=\"border-width:2px;padding:5px;border-color:rgb(45,194,107);height:22.4px;line-height:1;\">90%</td>\r\n</tr>\r\n<tr style=\"height:22.4px;\">\r\n<td style=\"border-width:2px;padding:5px;border-color:rgb(45,194,107);height:22.4px;line-height:1;\"><strong>Tỷ lệ khung hình</strong></td>\r\n<td style=\"border-width:2px;padding:5px;border-color:rgb(45,194,107);height:22.4px;line-height:1;\">16:10</td>\r\n</tr>\r\n<tr style=\"height:22.4px;\">\r\n<td style=\"border-width:2px;padding:5px;border-color:rgb(45,194,107);height:22.4px;line-height:1;\"><strong>Độ phân giải</strong></td>\r\n<td style=\"border-width:2px;padding:5px;border-color:rgb(45,194,107);height:22.4px;line-height:1;\">1920 x 1200，142 PPI</td>\r\n</tr>\r\n<tr style=\"height:22.4px;\">\r\n<td style=\"border-width:2px;padding:5px;border-color:rgb(45,194,107);height:22.4px;line-height:1;\"><strong>Độ sáng tối đa</strong></td>\r\n<td style=\"border-width:2px;padding:5px;border-color:rgb(45,194,107);height:22.4px;line-height:1;\">300 nit</td>\r\n</tr>\r\n<tr style=\"height:22.4px;\">\r\n<td style=\"border-width:2px;padding:5px;border-color:rgb(45,194,107);height:22.4px;line-height:1;\"><strong>Gam màu</strong></td>\r\n<td style=\"border-width:2px;padding:5px;border-color:rgb(45,194,107);height:22.4px;line-height:1;\">100% sRGB</td>\r\n</tr>\r\n<tr style=\"height:22.4px;\">\r\n<td style=\"border-width:2px;padding:5px;border-color:rgb(45,194,107);height:22.4px;line-height:1;\"><strong>Tỷ lệ tương phản</strong></td>\r\n<td style=\"border-width:2px;padding:5px;border-color:rgb(45,194,107);height:22.4px;line-height:1;\">1200: 1</td>\r\n</tr>\r\n<tr style=\"height:22.4px;\">\r\n<td style=\"border-width:2px;padding:5px;border-color:rgb(45,194,107);height:22.4px;line-height:1;\"><strong>Góc nhìn</strong></td>\r\n<td style=\"border-width:2px;padding:5px;border-color:rgb(45,194,107);height:22.4px;line-height:1;\">178o</td>\r\n</tr>\r\n<tr style=\"height:22.4px;\">\r\n<td style=\"border-width:2px;padding:5px;border-color:rgb(45,194,107);height:22.4px;line-height:1;\"><strong>Bộ xử lý</strong></td>\r\n<td style=\"border-width:2px;padding:5px;border-color:rgb(45,194,107);height:22.4px;line-height:1;\">Bộ xử lý Intel® Core™ i5-12450H thế hệ thứ 12</td>\r\n</tr>\r\n<tr>\r\n<td style=\"border-width:2px;padding:5px;border-color:rgb(45,194,107);line-height:1;\"><strong>Bộ nhớ</strong></td>\r\n<td style=\"border-width:2px;padding:5px;border-color:rgb(45,194,107);line-height:1;\">16 GB</td>\r\n</tr>\r\n<tr style=\"height:22.4px;\">\r\n<td style=\"border-width:2px;padding:5px;border-color:rgb(45,194,107);height:22.4px;line-height:1;\"><strong>Dung lượng lưu trữ</strong></td>\r\n<td style=\"border-width:2px;padding:5px;border-color:rgb(45,194,107);height:22.4px;line-height:1;\">Ổ cứng SSD 512 GB NVMe PCIe</td>\r\n</tr>\r\n<tr style=\"height:22.4px;\">\r\n<td style=\"border-width:2px;padding:5px;border-color:rgb(45,194,107);height:22.4px;line-height:1;\"><strong>Dung lượng</strong></td>\r\n<td style=\"border-width:2px;padding:5px;border-color:rgb(45,194,107);height:22.4px;line-height:1;\">60 Wh (công suất định mức)</td>\r\n</tr>\r\n</tbody>\r\n</table>\r\n<p class=\"irIKAp\" style=\"line-height:2;text-align:justify;\">*Kích thước sản phẩm, trọng lượng sản phẩm và các thông số kỹ thuật liên quan chỉ là giá trị lý thuyết. Các phép đo thực tế giữa các sản phẩm riêng lẻ có thể khác nhau. Tất cả các thông số kỹ thuật là tùy thuộc vào sản phẩm thực tế.</p>\r\n<p class=\"irIKAp\" style=\"line-height:2;text-align:justify;\">*độ sáng, gam màu, tỷ lệ tương phản, gam màu và góc nhìn là các giá trị điển hình.</p>\r\n<p class=\"irIKAp\" style=\"line-height:2;text-align:justify;\">*Dung lượng thực tế sau khi định dạng có thể ít hơn</p>\r\n<p class=\"irIKAp\" style=\"line-height:2;text-align:justify;\">Pin: Vật liệu Li-Po</p>\r\n<p class=\"irIKAp\" style=\"line-height:2;text-align:left;\">Kết nối: WLAN: IEEE 802.11a/b/g/n/ac/ax, 2,4 GHz và 5 GHz, 2×2 MIMO, WPA/WPA2/WPA3</p>\r\n<p class=\"irIKAp\" style=\"line-height:2;text-align:justify;\">Bluetooth: Bluetooth 5.1</p>\r\n<p class=\"irIKAp\" style=\"line-height:2;text-align:justify;\">Cổng: USB-C x 1 (hỗ trợ truyền dữ liệu, sạc và cổng màn hình DisplayPort), USB-C x 1 (hỗ trợ truyền dữ liệu, sạc), USB3.2 Gen1 x 1, USB2.0 x 1, HDMI x 1</p>\r\n<p class=\"irIKAp\" style=\"line-height:2;text-align:justify;\">Giắc cắm tai nghe 3,5 mm và micrô 2 trong 1 x 1</p>\r\n<p class=\"irIKAp\" style=\"line-height:2;text-align:justify;\">Bàn phím và chuột cảm ứng: Bàn phím full-size backlit, Bàn phím số</p>\r\n<p class=\"irIKAp\" style=\"line-height:2;text-align:justify;\">Nút nguồn: Nút nguồn tích hợp cảm biến vân tay</p>\r\n<p class=\"irIKAp\" style=\"line-height:2;text-align:justify;\">Camera: Camera 1080P FHD</p>\r\n<p class=\"irIKAp\" style=\"line-height:2;text-align:justify;\">Âm thanh: Micro x 4, Loa x 2</p>\r\n<p class=\"irIKAp\" style=\"line-height:2;text-align:justify;\">Ứng dụng nổi bật: Trình quản lý HUAWEI, PC Manager, Trình quản lý màn hình Display Manager (Chế độ bảo vệ mắt), Khôi phục cài đặt gốc HUAWEI</p>\r\n<p class=\"irIKAp\" style=\"line-height:2;text-align:justify;\">Trong hộp: HUAWEI Matebook D 16, Bộ đổi nguồn USB-C 65 W, Cáp sạc USB-C ,Hướng dẫn sử dụng, Thẻ bảo hành</p>\r\n<p class=\"irIKAp\" style=\"line-height:2;text-align:justify;\">Đối với điện thoại thông minh, máy tính bảng, laptop, đồng hồ, vòng đeo thông minh, tai nghe freebuds, SoundX:</p>\r\n<p class=\"irIKAp\" style=\"line-height:2;text-align:justify;\">Bảo hành 24 tháng</p>\r\n<p class=\"irIKAp\" style=\"line-height:2;text-align:justify;\">Đổi máy trong 30 ngày đầu</p>\r\n<p class=\"irIKAp\" style=\"line-height:2;text-align:justify;\">Email: mobile.vn@huawei.com</p>\r\n<p class=\"irIKAp\" style=\"line-height:2;text-align:justify;\">Hỗ trợ vận chuyển miễn phí hai chiều đối với sản phẩm đủ điều kiện bảo hành</p>\r\n<p class=\"irIKAp\" style=\"line-height:2;text-align:justify;\">Địa điểm trung tâm bảo hành, vui lòng truy cập trang web của Huawei hoặc ứng dụng Hỗ Trợ (Support) trên điện thoại</p>\r\n<p class=\"irIKAp\" style=\"line-height:2;text-align:justify;\">Mọi chi tiết vui lòng liên hệ hotline 1800 1085</p>', 24990000, 21990000, 97, '[\"19\",\"30\"]', 1, 1, NULL, 4, 3, '2023-01-01 10:38:41', '2023-01-27 09:33:39', 0),
(32, 'Màn Hình HUAWEI MateView GT 34” | 3K 165Hz', 'Màn Hình HUAWEI MateView GT 34” | 3K 165Hz', 1, 2, 'Huawei', '<p class=\"irIKAp\" style=\"text-align:justify;\"><strong>[ĐẶT TRƯỚC] Màn Hình HUAWEI MateView GT | Màn Hình Cong 34” | Độ phân giản 3K 165Hz | Thanh Âm Thanh Nổi | Hàng Phân Phối Chính Hãng</strong></p>\r\n<p class=\"irIKAp\" style=\"text-align:justify;\">Màn hình Huawei, màn hình cong Huawei, màn hình chơi game Huawei, màn hình cong, màn hình chơi game.</p>\r\n<p class=\"irIKAp\" style=\"text-align:justify;\">Mô tả tìm kiếm: Trải nghiệm hình ảnh lớn hơn trên màn hình cong 34 inch HUAWEI MateView GT với độ phân giải 3K, tốc độ làm mới 165 Hz ở cấp độ chơi game và âm thanh nổi SoundBar.</p>\r\n<table style=\"border-collapse:collapse;width:100%;border-width:2px;border-spacing:8px;border-color:#169179;\" border=\"1\"><colgroup><col style=\"width:50%;\" /><col style=\"width:50%;\" /></colgroup>\r\n<tbody>\r\n<tr>\r\n<td style=\"border-width:2px;padding:8px;border-color:rgb(22,145,121);\"><strong>Thương hiệu</strong></td>\r\n<td style=\"border-width:2px;padding:8px;border-color:rgb(22,145,121);\">HUAWEI</td>\r\n</tr>\r\n<tr>\r\n<td style=\"border-width:2px;padding:8px;border-color:rgb(22,145,121);\"><strong>Game chuyên dụng</strong></td>\r\n<td style=\"border-width:2px;padding:8px;border-color:rgb(22,145,121);\">Có</td>\r\n</tr>\r\n<tr>\r\n<td style=\"border-width:2px;padding:8px;border-color:rgb(22,145,121);\"><strong>Loại bảo hành</strong></td>\r\n<td style=\"border-width:2px;padding:8px;border-color:rgb(22,145,121);\">Bảo hành nhà sản xuất</td>\r\n</tr>\r\n<tr>\r\n<td style=\"border-width:2px;padding:8px;border-color:rgb(22,145,121);\"><strong>Hạn bảo hành</strong></td>\r\n<td style=\"border-width:2px;padding:8px;border-color:rgb(22,145,121);\">24 tháng</td>\r\n</tr>\r\n<tr>\r\n<td style=\"border-width:2px;padding:8px;border-color:rgb(22,145,121);\"><strong>Kho hàng</strong></td>\r\n<td style=\"border-width:2px;padding:8px;border-color:rgb(22,145,121);\">2</td>\r\n</tr>\r\n</tbody>\r\n</table>\r\n<p class=\"irIKAp\" style=\"text-align:justify;\"><strong>Tính năng</strong></p>\r\n<p class=\"irIKAp\" style=\"text-align:justify;\">Loa kép: 5 W x 2. Điều khiển âm lượng bằng cảm ứng: Điều khiển âm lượng bằng cảm ứng, hỗ trợ nhấp hai lần để tắt tiếng</p>\r\n<p class=\"irIKAp\" style=\"text-align:justify;\">Ánh sáng sáng tạo: 8 hiệu ứng ánh sáng rực rỡ, hỗ trợ cài đặt theo ý thích</p>\r\n<p class=\"irIKAp\" style=\"text-align:justify;\">Mic: DMIC x 2, hỗ trợ chọn lọc giọng nói xa đến 4 mét</p>\r\n<p class=\"irIKAp\" style=\"text-align:justify;\">Hỗ trợ chơi game: Kiểm soát trường tối, Crosshairs</p>\r\n<p class=\"irIKAp\" style=\"text-align:justify;\">OSD: Cần điều khiển 5 chiều</p>\r\n<p class=\"irIKAp\" style=\"text-align:justify;\">Chân đế: Tháo lắp nhanh: Hỗ trợ. Gắn tường: Hỗ trợ, VESA 100 x 100 mm. Điều chỉnh độ cao: 110 mm. Độ nghiêng: Nghiêng -5° ~ 20° về phía trước và phía sau</p>\r\n<p class=\"irIKAp\" style=\"text-align:justify;\">Cổng: USB-C x 1 (hỗ trợ hiển thị, truyền dữ liệu và công suất sạc tối đa 10 W). USB-C x 1 (chỉ để cấp nguồn). HDMI x 2 (HDMI2.0)*. DP x 1 (DP1.4). Tai nghe có mic 3,5 mm và jack micrô tích hợp 2 trong 1 x 1</p>\r\n<p class=\"irIKAp\" style=\"text-align:justify;\">*Do giới hạn băng thông lý thuyết của HDMI 2.0, độ phân giải tối đa được HDMI 2.0 hỗ trợ là 3440 x 1440 ở 100 Hz. Khuyến nghị sử dụng cổng DP và USB-C</p>\r\n<p class=\"irIKAp\" style=\"text-align:justify;\">Phiếu đóng gói hàng: Màn hình máy tính LCD x 1, Chân đế x 1, Bộ chuyển đổi USB-C 135 W x 1, Cáp dữ liệu tốc độ cao USB-C sang USB-C x 1, Cáp USB-C sang USB-A x 1, Cáp DP 1.4 x 1, Hướng dẫn bắt đầu nhanh x 1, Phiếu bảo hành x 1</p>\r\n<p class=\"irIKAp\" style=\"text-align:justify;\">1. Dữ liệu được lấy từ phòng thí nghiệm của Huawei. Màn hình có hình chữ nhật tiêu chuẩn và kích thước màn hình được đo bằng độ dài đường chéo của màn hình (đo đường chéo dọc theo bề mặt màn hình).</p>\r\n<p class=\"irIKAp\" style=\"text-align:justify;\">2. Dữ liệu được lấy từ phòng thí nghiệm của Huawei. Kích thước và độ cong thực tế của sản phẩm có thể thay đổi tùy thuộc vào kỹ thuật chế tạo sản phẩm và phương thức tính toán.</p>\r\n<p class=\"irIKAp\" style=\"text-align:justify;\">3. Tốc độ làm mới tối đa 165 Hz. Hiệu suất thực tế có thể thay đổi tùy thuộc vào thiết bị đầu vào.</p>\r\n<p class=\"irIKAp\" style=\"text-align:justify;\">4. Dữ liệu được lấy từ phòng thí nghiệm của Huawei. Hiệu suất thực tế có thể thay đổi.</p>\r\n<p class=\"irIKAp\" style=\"text-align:justify;\">5. Giá trị điển hình.</p>\r\n<p class=\"irIKAp\" style=\"text-align:justify;\">6. ΔE &lt; 2 là giá trị điển hình của độ chính xác màu trung bình theo cài đặt mặc định của HUAWEI MateView GT (sRGB). Độ chính xác màu có thể thay đổi tùy thuộc vào thời gian sử dụng màn hình và phương pháp thử nghiệm, v.v.</p>\r\n<p class=\"irIKAp\" style=\"text-align:justify;\">7. Tính năng này yêu cầu cáp USB Type-C sang USB Type-A hoặc cáp USB Type-C sang USB Type-C để truyền dữ liệu micrô.</p>\r\n<p class=\"irIKAp\" style=\"text-align:justify;\">8. Trải nghiệm thực tế có thể khác nhau tùy thuộc vào thông số kỹ thuật sản phẩm, phiên bản phần mềm, điều kiện và môi trường sử dụng.</p>\r\n<p class=\"irIKAp\" style=\"text-align:justify;\">9. Dữ liệu được lấy từ phòng thí nghiệm của Huawei. Hiệu suất thực tế có thể thay đổi.</p>\r\n<p class=\"irIKAp\" style=\"text-align:justify;\">10. Trải nghiệm thực tế có thể khác nhau tùy thuộc vào thông số kỹ thuật sản phẩm, phiên bản phần mềm, điều kiện và môi trường sử dụng.</p>\r\n<p class=\"irIKAp\" style=\"text-align:justify;\">11. HUAWEI MateView GT đã đạt chứng nhận Ánh sáng xanh thấp và Không nhấp nháy của TÜV Rheinland. Điều kiện thử nghiệm để đạt chứng nhận Ánh sáng xanh thấp: hiệu ứng hiển thị vượt qua các thử nghiệm ánh sáng xanh thấp của TÜV Rheinland khi bật Chế độ bảo vệ mắt (không bao gồm điều chỉnh nhiệt độ màu). Sản phẩm không được sử dụng nhằm mục đích y tế.</p>\r\n<p class=\"irIKAp\" style=\"text-align:justify;\">12. Giao diện tương thích với giao thức DP 1.4 và hỗ trợ truyền phát video lên đến 8K ở 60 Hz.</p>\r\n<p class=\"irIKAp\" style=\"text-align:justify;\">13. Giá treo tường được bán riêng.</p>\r\n<p class=\"irIKAp\" style=\"text-align:justify;\">*Đối với điện thoại thông minh, máy tính bảng, laptop, đồng hồ, vòng đeo thông minh, tai nghe freebuds, SoundX: Bảo hành 24 tháng, Đổi máy trong 30 ngày đầu</p>\r\n<p class=\"irIKAp\" style=\"text-align:justify;\">Email: mobile.vn@huawei.com</p>\r\n<p class=\"irIKAp\" style=\"text-align:justify;\">Hỗ trợ vận chuyển miễn phí hai chiều đối với sản phẩm đủ điều kiện bảo hành. Địa điểm trung tâm bảo hành, vui lòng truy cập trang web của Huawei hoặc ứng dụng Hỗ Trợ (Support) trên điện thoại.</p>\r\n<p class=\"irIKAp\" style=\"text-align:justify;\">Mọi chi tiết vui lòng liên hệ hotline 1800 1085</p>', 13990000, 11990000, 85, '[\"18\"]', 1, 1, NULL, 4, 4, '2022-12-31 17:00:00', '2023-01-28 08:58:07', 0),
(33, 'Apple AirPods with Charging Case 2nd gen', 'Apple AirPods with Charging Case 2nd gen', 1, 2, 'Apple', '<p style=\"line-height:2;text-align:justify;\">Với thời gian đàm thoại tối ưu, công nghệ đột phá và kết hợp cùng Hộp Sạc, AirPods đem đến trải nghiệm tai nghe không dây tuyệt vời chưa từng có. Tai nghe có thể sử dụng được với tất cả các thiết bị của bạn (2). Sau khi nhét vào tai, tai nghe sẽ kết nối ngay lập tức, đưa bạn hòa mình vào âm thanh phong phú và có độ trung thực cao. Đều tuyệt vời.</p>\r\n<table style=\"border-collapse:collapse;width:100%;border-width:2px;border-spacing:8px;border-color:#169179;\" border=\"1\"><colgroup><col style=\"width:50%;\" /><col style=\"width:50%;\" /></colgroup>\r\n<tbody>\r\n<tr>\r\n<td style=\"border-width:2px;padding:8px;border-color:rgb(22,145,121);\"><strong>Thương hiệu</strong></td>\r\n<td style=\"border-width:2px;padding:8px;border-color:rgb(22,145,121);\">Apple</td>\r\n</tr>\r\n<tr>\r\n<td style=\"border-width:2px;padding:8px;border-color:rgb(22,145,121);\"><strong>Kiểu kết nối</strong></td>\r\n<td style=\"border-width:2px;padding:8px;border-color:rgb(22,145,121);\">Không dây</td>\r\n</tr>\r\n<tr>\r\n<td style=\"border-width:2px;padding:8px;border-color:rgb(22,145,121);\"><strong>Các loại tai nghe</strong></td>\r\n<td style=\"border-width:2px;padding:8px;border-color:rgb(22,145,121);\">Nhét tai</td>\r\n</tr>\r\n<tr>\r\n<td style=\"border-width:2px;padding:8px;border-color:rgb(22,145,121);\"><strong>Hạn bảo hành</strong></td>\r\n<td style=\"border-width:2px;padding:8px;border-color:rgb(22,145,121);\">24 tháng</td>\r\n</tr>\r\n<tr>\r\n<td style=\"border-width:2px;padding:8px;border-color:rgb(22,145,121);\"><strong>Kho hàng</strong></td>\r\n<td style=\"border-width:2px;padding:8px;border-color:rgb(22,145,121);\">365</td>\r\n</tr>\r\n</tbody>\r\n</table>\r\n<p style=\"line-height:2;text-align:justify;\">Tính năng nổi bật</p>\r\n<p style=\"line-height:2;text-align:justify;\">• Vừa vặn với mọi kích cỡ, thoải mái cả ngày dài</p>\r\n<p style=\"line-height:2;text-align:justify;\">• Tự động bật, tự động kết nối </p>\r\n<p style=\"line-height:2;text-align:justify;\">• Dễ dàng kết nối với tất cả thiết bị Apple của bạn (2)</p>\r\n<p style=\"line-height:2;text-align:justify;\">• Điều khiển nhạc và cuộc gọi của bạn từ AirPods</p>\r\n<p style=\"line-height:2;text-align:justify;\">• Chuyển đổi mượt mà giữa các thiết bị (2) </p>\r\n<p style=\"line-height:2;text-align:justify;\">• Hộp sạc đem đến thời lượng pin hơn 24 giờ (1)</p>\r\n<p style=\"line-height:2;text-align:justify;\">Pháp lý</p>\r\n<p style=\"line-height:2;text-align:justify;\">(1) Thời lượng pin khác nhau tùy theo cách sử dụng và cấu hình. Truy cập apple.com/batteries để biết thêm thông tin.</p>\r\n<p style=\"line-height:2;text-align:justify;\">(2) Cần có tài khoản iCloud và macOS 10.14.4, iOS 12.2, iPadOS, watchOS 5.2 hoặc tvOS 13.2 trở lên.</p>\r\n<p style=\"line-height:2;text-align:justify;\">Bộ sản phẩm bao gồm:</p>\r\n<p style=\"line-height:2;text-align:justify;\">• Tai nghe</p>\r\n<p style=\"line-height:2;text-align:justify;\">• Sách hướng dẫn</p>\r\n<p style=\"line-height:2;text-align:justify;\">• Hộp sạc: Lightning</p>\r\n<p style=\"line-height:2;text-align:justify;\">Thông tin bảo hành:</p>\r\n<p style=\"line-height:2;text-align:justify;\">Sản phẩm được bảo hành bằng hóa đơn</p>\r\n<p style=\"line-height:2;text-align:justify;\">Bảo hành: 12 tháng kể từ ngày xuất hóa đơn</p>\r\n<p style=\"line-height:2;text-align:justify;\">Hướng dẫn kiểm tra địa điểm bảo hành gần nhất:</p>\r\n<p style=\"line-height:2;text-align:justify;\">Bước 1: Truy cập vào đường link <a href=\"https://getsupport.apple.com/?caller=grl&amp;locale=en_VN\">https://getsupport.apple.com/?caller=grl&amp;locale=en_VN</a></p>\r\n<p style=\"line-height:2;text-align:justify;\">Bước 2: Chọn sản phẩm.</p>\r\n<p style=\"line-height:2;text-align:justify;\">Bước 3: Điền Apple ID, nhập mật khẩu. Sau khi hoàn tất, hệ thống sẽ gợi ý những trung tâm bảo hành gần nhất.</p>', 3790000, 2790000, 451, '[]', 1, 1, NULL, 4, 3, '2023-01-01 11:42:39', '2023-01-28 08:56:38', 0),
(34, 'Apple iPad Gen 9th 10.2-inch Wi-Fi', 'Apple iPad Gen 9th 10.2-inch Wi-Fi 64 GB', 1, 2, 'Apple', '<p class=\"irIKAp\" style=\"text-align:justify;line-height:2;\">Mạnh mẽ. Dễ sử dụng. Đa năng. iPad mới có màn hình Retina tuyệt đẹp, chip A13 Bionic mạnh mẽ, camera trước Ultra Wide có tính năng Trung Tâm Màn Hình, tương thích với Apple Pencil và Smart Keyboard (1). iPad giúp bạn dễ dàng làm được nhiều việc hơn nữa. Tất cả tính năng với mức giá ấn tượng.</p>\r\n<p class=\"irIKAp\" style=\"text-align:justify;line-height:2;\">Tính năng nổi bật</p>\r\n<p class=\"irIKAp\" style=\"text-align:justify;line-height:2;\">• Màn hình Retina 10.2 inch sống động với True Tone</p>\r\n<p class=\"irIKAp\" style=\"text-align:justify;line-height:2;\">• Chip A13 Bionic với Neural Engine</p>\r\n<p class=\"irIKAp\" style=\"text-align:justify;line-height:2;\">• Camera sau Wide 8MP, camera trước Ultra Wide 12MP với tính năng Trung Tâm Màn Hình</p>\r\n<p class=\"irIKAp\" style=\"text-align:justify;line-height:2;\">• Ổ lưu trữ lên tới 64GB</p>\r\n<p class=\"irIKAp\" style=\"text-align:justify;line-height:2;\">• Loa stereo</p>\r\n<p class=\"irIKAp\" style=\"text-align:justify;line-height:2;\">• Xác thực bảo mật với Touch ID</p>\r\n<p class=\"irIKAp\" style=\"text-align:justify;line-height:2;\">• Wi-Fi 802.11ac và dữ liệu di động LTE chuẩn Gigabit (2)</p>\r\n<p class=\"irIKAp\" style=\"text-align:justify;line-height:2;\">• Thời lượng pin lên tới 10 giờ (3)</p>\r\n<p class=\"irIKAp\" style=\"text-align:justify;line-height:2;\">• Cổng kết nối Lightning để sạc và kết nối phụ kiện</p>\r\n<p class=\"irIKAp\" style=\"text-align:justify;line-height:2;\">• Tương thích với Apple Pencil (thế hệ thứ 1) và Smart Keyboard (1)</p>\r\n<p class=\"irIKAp\" style=\"text-align:justify;line-height:2;\">• iPadOS 15 sở hữu sức mạnh độc đáo, dễ sử dụng và được thiết kế cho tính đa năng của iPad</p>\r\n<p class=\"irIKAp\" style=\"text-align:justify;line-height:2;\">Pháp lý</p>\r\n<p class=\"irIKAp\" style=\"text-align:justify;line-height:2;\">Ứng dụng có sẵn trên App Store. Nội dung được cung cấp có thể thay đổi.</p>\r\n<p class=\"irIKAp\" style=\"text-align:justify;line-height:2;\">(1) Phụ kiện được bán riêng. Khả năng tương thích tùy thuộc thế hệ sản phẩm.</p>\r\n<p class=\"irIKAp\" style=\"text-align:justify;line-height:2;\">(2) Cần có gói cước dữ liệu. Mạng LTE chuẩn Gigabit, 4G LTE Advanced, 4G LTE và gọi Wi-Fi chỉ khả dụng ở một số thị trường và được cung cấp qua một số nhà mạng. Tốc độ phụ thuộc vào thông lượng lý thuyết và có thể thay đổi tùy địa điểm và nhà mạng. Để biết thông tin về hỗ trợ mạng LTE, vui lòng liên hệ nhà mạng và truy cập apple.com/ipad/cellular.</p>\r\n<p class=\"irIKAp\" style=\"text-align:justify;line-height:2;\">(3) Thời lượng pin khác nhau tùy theo cách sử dụng và cấu hình. Truy cập apple.com/batteries để biết thêm thông tin.</p>\r\n<p class=\"irIKAp\" style=\"text-align:justify;line-height:2;\">Bộ sản phẩm bao gồm:</p>\r\n<p class=\"irIKAp\" style=\"text-align:justify;line-height:2;\">• iPad</p>\r\n<p class=\"irIKAp\" style=\"text-align:justify;line-height:2;\">• Dây sạc Lighting to USB-C</p>\r\n<p class=\"irIKAp\" style=\"text-align:justify;line-height:2;\">• 20W USB Power Adaper</p>\r\n<p class=\"irIKAp\" style=\"text-align:justify;line-height:2;\">• HDSD Bảo hành điện tử 12 tháng.</p>\r\n<p class=\"irIKAp\" style=\"text-align:justify;line-height:2;\">Thông tin bảo hành:</p>\r\n<p class=\"irIKAp\" style=\"text-align:justify;line-height:2;\">Bảo hành: 12 tháng kể từ ngày kích hoạt sản phẩm.</p>\r\n<p class=\"irIKAp\" style=\"text-align:justify;line-height:2;\">Kích hoạt bảo hành tại: https://checkcoverage.apple.com/vn/en/</p>\r\n<p class=\"irIKAp\" style=\"text-align:justify;line-height:2;\">Hướng dẫn kiểm tra địa điểm bảo hành gần nhất:</p>\r\n<p class=\"irIKAp\" style=\"text-align:justify;line-height:2;\">Bước 1: Truy cập vào đường link https://getsupport.apple.com/?caller=grl&amp;locale=en_VN</p>\r\n<p class=\"irIKAp\" style=\"text-align:justify;line-height:2;\">Bước 2: Chọn sản phẩm.</p>\r\n<p class=\"irIKAp\" style=\"text-align:justify;line-height:2;\">Bước 3: Điền Apple ID, nhập mật khẩu.</p>\r\n<p class=\"irIKAp\" style=\"text-align:justify;line-height:2;\">Sau khi hoàn tất, hệ thống sẽ gợi ý những trung tâm bảo hành gần nhất.</p>\r\n<p class=\"irIKAp\" style=\"text-align:justify;line-height:2;\">Model: A2602 : 10.2-inch</p>', 9990000, 7710000, 87, '[\"27\"]', 1, 1, NULL, 4, 3, '2022-12-31 17:00:00', '2023-01-27 11:32:43', 0),
(36, 'Apple Macbook Air (2022), 13.6 inches, 8GB, 256GB SSD', 'Apple Macbook Air (2022), 13.6 inches, 8GB, 256GB SSD 256 GB', 1, 2, 'Apple', '<p style=\"text-align:justify;line-height:2;\"><strong>Apple Macbook Air (2022) M2 chip (năm SX 2022), 13.6 inches, 8GB, 256GB SSD SPG (Space Gray), STL (Starlight), MDN (Midnight).</strong></p>\r\n<p style=\"text-align:justify;line-height:2;\">Bộ xử lý Hãng CPU: Apple Công nghệ CPU: M2 Loại CPU: 8 - Core</p>\r\n<p style=\"text-align:justify;line-height:2;\">Tốc độ CPU: 100GB/s memory bandwidth</p>\r\n<p style=\"text-align:justify;line-height:2;\">RAM &amp; Ổ cứng</p>\r\n<p style=\"text-align:justify;line-height:2;\">Dung lượng RAM: 8 GB</p>\r\n<p style=\"text-align:justify;line-height:2;\">Dung lượng ổ cứng: 256GB SSD</p>\r\n<p style=\"text-align:justify;line-height:2;\">Màn hình Kích thước màn hình: 13.6 inches Công nghệ màn hình: Liquid Retina, True Tone Technology, Wide color (P3) Độ phân giải: 2560 x 1664 Pixels Loại màn hình: LED Độ sáng: 500 nits Colors: 1 triệu màu</p>\r\n<p style=\"text-align:justify;line-height:2;\">Đồ họa Card onboard Hãng: Apple Model GPU: 8 - Core</p>\r\n<p style=\"text-align:justify;line-height:2;\">Bảo mật Mở khóa vân tay Mật khẩu</p>\r\n<p style=\"text-align:justify;line-height:2;\">Giao tiếp &amp; kết nối Cổng giao tiếp 2 x Thunderbolt 3/USB 4 1 x Jack tai nghe 3.5 mm 1 x MagSafe 3</p>\r\n<p style=\"text-align:justify;line-height:2;\">Wifi: 802.11ax Bluetooth: v5.0 Webcam: 1080p FaceTime HD camera</p>\r\n<p style=\"text-align:justify;line-height:2;\">Âm thanh Số lượng loa: 4 Số lượng microphones: 3 Công nghệ âm thanh: Spatial Audio, Dolby Atmos</p>\r\n<p style=\"text-align:justify;line-height:2;\">Bàn phím &amp; TouchPad Kiểu bàn phím: Backlit Magic Keyboard Bàn phím số: Không Đèn bàn phím: Có Touch ID: Có TouchPad: Multi-touch touchpad</p>\r\n<p style=\"text-align:justify;line-height:2;\">Thông tin pin &amp; Sạc Loại PIN: Lithium polymer Nguồn vào: 30W USB-C Power Adapter Dung lượng pin: - Lên tới 18 giờ Apple TV app movie playback - Lên tới 15 giờ wireless web</p>\r\n<p style=\"text-align:justify;line-height:2;\">Hệ điều hành OS: macOS</p>\r\n<p style=\"text-align:justify;line-height:2;\">Thông tin bảo hành: Bảo hành: 12 tháng kể từ ngày kích hoạt sản phẩm. Kích hoạt bảo hành tại: <a href=\"https://checkcoverage.apple.com/vn/en/\">https://checkcoverage.apple.com/vn/en/</a></p>\r\n<p style=\"text-align:justify;line-height:2;\">Hướng dẫn kiểm tra địa điểm bảo hành gần nhất:</p>\r\n<p style=\"text-align:justify;line-height:2;\">Bước 1: Truy cập vào đường link <a href=\"https://getsupport.apple.com/?caller=grl&amp;locale=en_VN\">https://getsupport.apple.com/?caller=grl&amp;locale=en_VN</a></p>\r\n<p style=\"text-align:justify;line-height:2;\">Bước 2: Chọn sản phẩm.</p>\r\n<p style=\"text-align:justify;line-height:2;\">Bước 3: Điền Apple ID, nhập mật khẩu. Sau khi hoàn tất, hệ thống sẽ gợi ý những trung tâm bảo hành gần nhất.</p>', 32149000, 28149000, 81, '[\"29\"]', 1, 1, NULL, 4, 3, '2023-01-01 11:43:09', '2023-01-27 09:19:38', 0),
(37, 'Apple iPhone 14 Pro', 'Apple iPhone 14 Pro 256 GB', 1, 2, 'Apple', '<p style=\"text-align:justify;line-height:2;\"> </p>\r\n<p style=\"text-align:justify;line-height:2;\"><strong>THÔNG SỐ</strong></p>\r\n<table style=\"border-collapse:collapse;width:99.9636%;height:179.2px;border-width:2px;border-spacing:7px;border-color:#B96AD9;\" border=\"1\"><colgroup><col style=\"width:50%;\" /><col style=\"width:50%;\" /></colgroup>\r\n<tbody>\r\n<tr style=\"height:22.4px;\">\r\n<td style=\"border-width:2px;padding:7px;border-color:rgb(185,106,217);height:22.4px;\">Độ phân giải</td>\r\n<td style=\"border-width:2px;padding:7px;border-color:rgb(185,106,217);height:22.4px;\">Super Retina XDR (2556 x 1179 Pixels)</td>\r\n</tr>\r\n<tr style=\"height:22.4px;\">\r\n<td style=\"border-width:2px;padding:7px;border-color:rgb(185,106,217);height:22.4px;\">Màn hình rộng</td>\r\n<td style=\"border-width:2px;padding:7px;border-color:rgb(185,106,217);height:22.4px;\">6.1\" - Tần số quét 120 Hz</td>\r\n</tr>\r\n<tr style=\"height:22.4px;\">\r\n<td style=\"border-width:2px;padding:7px;border-color:rgb(185,106,217);height:22.4px;\">Camera sau</td>\r\n<td style=\"border-width:2px;padding:7px;border-color:rgb(185,106,217);height:22.4px;\">Chính 48 MP &amp; Phụ 12 MP, 12 MP</td>\r\n</tr>\r\n<tr style=\"height:22.4px;\">\r\n<td style=\"border-width:2px;padding:7px;border-color:rgb(185,106,217);height:22.4px;\">Camera trước</td>\r\n<td style=\"border-width:2px;padding:7px;border-color:rgb(185,106,217);height:22.4px;\">12 MP</td>\r\n</tr>\r\n<tr style=\"height:22.4px;\">\r\n<td style=\"border-width:2px;padding:7px;border-color:rgb(185,106,217);height:22.4px;\">Hệ điều hành &amp; CPU</td>\r\n<td style=\"border-width:2px;padding:7px;border-color:rgb(185,106,217);height:22.4px;\">iOS 16 - Apple A16 Bionic 6 nhân 3.46 GHz</td>\r\n</tr>\r\n<tr style=\"height:22.4px;\">\r\n<td style=\"border-width:2px;padding:7px;border-color:rgb(185,106,217);height:22.4px;\">Bộ nhớ &amp; Lưu trữ</td>\r\n<td style=\"border-width:2px;padding:7px;border-color:rgb(185,106,217);height:22.4px;\">RAM: 6 GB, Dung lượng lưu trữ: 256 GB</td>\r\n</tr>\r\n<tr style=\"height:22.4px;\">\r\n<td style=\"border-width:2px;padding:7px;border-color:rgb(185,106,217);height:22.4px;\">Pin &amp; Sạc</td>\r\n<td style=\"border-width:2px;padding:7px;border-color:rgb(185,106,217);height:22.4px;\">Li-Ion 3200 mAh</td>\r\n</tr>\r\n<tr style=\"height:22.4px;\">\r\n<td style=\"border-width:2px;padding:7px;border-color:rgb(185,106,217);height:22.4px;\">Thiết kế</td>\r\n<td style=\"border-width:2px;padding:7px;border-color:rgb(185,106,217);height:22.4px;\"> Nguyên khối, Dài 147.5 mm - Ngang 71.5 mm - Dày 7.85 mm - Nặng 206 g</td>\r\n</tr>\r\n</tbody>\r\n</table>\r\n<p style=\"text-align:justify;line-height:2;\">Điện thoại <strong>iPhone 14 Pro</strong> sở hữu trọng lượng 206g cùng thiết kế nhỏ gọn cho khả năng cầm nắm thoải mái. Về thông số màn hình, điện thoại được trang bị màn hình có độ phân giải 2556 x 1179 pixel và mật độ điểm ảnh 2556 x 1179 pixel mang lại khả năng hiển thị ấn tượng.</p>\r\n<p style=\"text-align:justify;line-height:2;\">Điện thoại được trang bị màn hình Dynamic Island siêu ấn tượng với khả năng tuy biến thành nhiều dạng theo điều khiển của người dùng. Nhờ đó người dùng có thể theo dõi và hiển thị nhanh các thông tin như cuộc gọi, chỉ đường, hẹn giờ,...</p>\r\n<p style=\"text-align:justify;line-height:2;\">Trên điện thoại iPhone 14 Pro, lần đầu Apple trang bị cho sản phẩm của mình camera cảm biến lớn. Theo đó, thiết bị đã được nâng cấp camera chính lên độ phân giải 48MP, kết hợp công ngệ pixel-pinning hỗ trợ nâng cao khả năng chụp hình trong điều kiện thiếu sáng.</p>\r\n<p style=\"text-align:justify;line-height:2;\">Điện thoại được trang bị viên pin dung lượng lớn cùng con chip Apple A16, thiết bị mang lại thời gian phát video trực tuyến lên tới 20 giờ hoặc 75 giờ phát nhạc.</p>\r\n<p style=\"text-align:justify;line-height:2;\">Bộ sản phẩm bao gồm:</p>\r\n<p style=\"text-align:justify;line-height:2;\">• Điện thoại</p>\r\n<p style=\"text-align:justify;line-height:2;\">• Dây sạc </p>\r\n<p style=\"text-align:justify;line-height:2;\">• HDSD Bảo hành điện tử 12 tháng.</p>\r\n<p style=\"text-align:justify;line-height:2;\"><strong>Thông tin bảo hành</strong></p>\r\n<p style=\"text-align:justify;line-height:2;\">Bảo hành: 12 tháng kể từ ngày kích hoạt sản phẩm. Kích hoạt bảo hành tại: <a href=\"https://checkcoverage.apple.com/vn/en/\">https://checkcoverage.apple.com/vn/en/</a></p>\r\n<p style=\"text-align:justify;line-height:2;\"><strong>Hướng dẫn kiểm tra địa điểm bảo hành gần nhất</strong></p>\r\n<p style=\"text-align:justify;line-height:2;\">Bước 1: Truy cập vào đường link <a href=\"https://getsupport.apple.com/?caller=grl&amp;locale=en_VN\">https://getsupport.apple.com/?caller=grl&amp;locale=en_VN</a></p>\r\n<p style=\"text-align:justify;line-height:2;\">Bước 2: Chọn sản phẩm.</p>\r\n<p style=\"text-align:justify;line-height:2;\">Bước 3: Điền Apple ID, nhập mật khẩu. Sau khi hoàn tất, hệ thống sẽ gợi ý những trung tâm bảo hành gần nhất.</p>\r\n<p style=\"text-align:justify;line-height:2;\"><strong>Bộ sản phẩm bao gồm</strong></p>\r\n<p style=\"text-align:justify;line-height:2;\">• Điện thoại</p>\r\n<p style=\"text-align:justify;line-height:2;\">• Dây sạc</p>\r\n<p style=\"text-align:justify;line-height:2;\">• HDSD Bảo hành điện tử 12 tháng.</p>\r\n<p style=\"text-align:justify;line-height:2;\"> </p>', 34590000, 30590000, 95, '[\"17\",\"19\",\"29\"]', 1, 0, NULL, 4, 3, '2023-01-27 13:00:00', '2023-01-28 08:14:47', 0),
(38, 'Điện Thoại Samsung Galaxy S21 FE 5G - 8GB/128GB', 'Điện Thoại Samsung Galaxy S21 FE 5G - 8GB/128GB 128 GB', 1, 2, 'Samsung', '<table style=\"border-collapse:collapse;width:99.9629%;height:89.6px;border-width:2px;border-spacing:8px;border-color:#843FA1;\" border=\"1\"><colgroup><col style=\"width:49.9072%;\" /><col style=\"width:49.9072%;\" /></colgroup>\r\n<tbody>\r\n<tr style=\"height:22.4px;\">\r\n<td style=\"border-width:2px;padding:8px;border-color:rgb(132,63,161);height:22.4px;\"><strong>Thương hiệu</strong></td>\r\n<td style=\"border-width:2px;padding:8px;border-color:rgb(132,63,161);height:22.4px;\">Samsung</td>\r\n</tr>\r\n<tr style=\"height:22.4px;\">\r\n<td style=\"border-width:2px;padding:8px;border-color:rgb(132,63,161);height:22.4px;\"><strong>Dung lượng lưu trữ</strong></td>\r\n<td style=\"border-width:2px;padding:8px;border-color:rgb(132,63,161);height:22.4px;\">128GB</td>\r\n</tr>\r\n<tr style=\"height:22.4px;\">\r\n<td style=\"border-width:2px;padding:8px;border-color:rgb(132,63,161);height:22.4px;\"><strong>Kho hàng</strong></td>\r\n<td style=\"border-width:2px;padding:8px;border-color:rgb(132,63,161);height:22.4px;\">84</td>\r\n</tr>\r\n<tr style=\"height:22.4px;\">\r\n<td style=\"border-width:2px;padding:8px;border-color:rgb(132,63,161);height:22.4px;\"><strong>Gửi từ</strong></td>\r\n<td style=\"border-width:2px;padding:8px;border-color:rgb(132,63,161);height:22.4px;\">TP. Hồ Chí Minh</td>\r\n</tr>\r\n</tbody>\r\n</table>\r\n<p class=\"irIKAp\">Lavender: TÍM</p>\r\n<p class=\"irIKAp\">Olive: XANH LÁ</p>\r\n<p class=\"irIKAp\">Graphite: XÁM  </p>\r\n<p class=\"irIKAp\">Bảo hành:</p>\r\n<p class=\"irIKAp\">Thời gian bảo hành: 12 tháng</p>\r\n<p class=\"irIKAp\">Trung tâm bảo hành:https://www.samsung.com/vn/support/service-center/</p>\r\n<p class=\"irIKAp\">Hotline: 1800-588-855</p>', 16390000, 12390000, 85, '[\"17\",\"19\",\"28\"]', 1, 1, NULL, 4, 3, '2023-01-25 11:11:37', '2023-01-27 09:20:17', 0),
(39, 'Tai nghe Samsung Galaxy Buds2 Pro Bluetooth', 'Tai nghe Samsung Galaxy Buds2 Pro Bluetooth', 1, 2, 'Samsung', '<p style=\"line-height:2;text-align:justify;\">Tặng kèm Ốp màu ngẫu nhiên (Số lượng có hạn)</p>\r\n<table style=\"border-collapse:collapse;width:99.9629%;border-width:2px;border-spacing:8px;border-color:rgb(45,194,107);height:89.6px;\" border=\"1\"><colgroup><col style=\"width:49.9072%;\" /><col style=\"width:49.9072%;\" /></colgroup>\r\n<tbody>\r\n<tr style=\"height:22.4px;\">\r\n<td style=\"border-width:2px;padding:8px;border-color:rgb(45,194,107);height:22.4px;\"><strong>Thương hiệu</strong></td>\r\n<td style=\"border-width:2px;padding:8px;border-color:rgb(45,194,107);height:22.4px;\">Samsung</td>\r\n</tr>\r\n<tr style=\"height:22.4px;\">\r\n<td style=\"border-width:2px;padding:8px;border-color:rgb(45,194,107);height:22.4px;\"><strong>Kiểu kết nối</strong></td>\r\n<td style=\"border-width:2px;padding:8px;border-color:rgb(45,194,107);height:22.4px;\">Không dây</td>\r\n</tr>\r\n<tr style=\"height:22.4px;\">\r\n<td style=\"border-width:2px;padding:8px;border-color:rgb(45,194,107);height:22.4px;\"><strong>Số lượng hàng</strong></td>\r\n<td style=\"border-width:2px;padding:8px;border-color:rgb(45,194,107);height:22.4px;\">82</td>\r\n</tr>\r\n<tr style=\"height:22.4px;\">\r\n<td style=\"border-width:2px;padding:8px;border-color:rgb(45,194,107);height:22.4px;\"><strong>Gửi từ</strong></td>\r\n<td style=\"border-width:2px;padding:8px;border-color:rgb(45,194,107);height:22.4px;\">TP. Hồ Chí Minh</td>\r\n</tr>\r\n</tbody>\r\n</table>\r\n<p style=\"line-height:2;text-align:justify;\">ÂM THANH HI-FI 24 BIT Chất âm chuẩn sắc bậc nhất trên tai nghe không dây Mọi nốt nhạc đều giống như thật. Với Samsung Seamless Codec được nâng cấp, Galaxy Buds2 Pro mã hóa toàn bộ âm thanh nâng lên chuẩn 24 bit cho chất lượng âm hoàn hảo ở mọi âm lượng.</p>\r\n<p style=\"line-height:2;text-align:justify;\">ANC THÔNG MINH Thưởng thức playlist trọn vẹn Chống ồn Chủ động (ANC) bậc nhất Với 3 micrô SNR cao (Signal-to-Noise Ratio), Galaxy Buds2 Pro theo dõi và loại bỏ nhiều cản âm hơn — ngay cả các âm thanh nhẹ nhàng như gió.</p>\r\n<p style=\"line-height:2;text-align:justify;\">PHÙ HỢP Đắm chìm trong không gian riêng Tận hưởng sự vừa vặn thoải mái nhờ vào tai nghe thiết kế công thái học. Công nghệ lưu lượng gió được tăng cường giúp giảm áp lực ống tai và giảm thiểu tiếng ồn — mang lại sự thoải mái và âm thanh trong trẻo.</p>\r\n<p style=\"line-height:2;text-align:justify;\">360 AUDIO Đắm chìm trong thế giới thật trong từng âm sắc Với tính năng 360 thông minh, trải nghiệm nghe trở nên chân thực bất ngờ. Các thuật toán của 360 Audio với tính năng Direct multichannel (5.1ch / 7.1ch / Dolby Atmos) và Dolby Head Tracking được tăng cường giúp đồng bộ mọi chuyển động — tạo ra trải nghiệm nghe đắm chìm. 360 Audio thậm chí có thể xác định hướng âm thanh khi bạn di chuyển vùng đầu, mang lại trải nghiệm chuẩn không gian.</p>\r\n<p style=\"line-height:2;text-align:justify;\">THÔNG SỐ KỸ THUẬT Galaxy Buds2 Pro Màu sắc : Tím Bora (Bora Purple), , Xám than chì (Graphite) , Trắng (White) Chống ồn chủ động (ANC) : Có.</p>', 4000000, 3790000, 81, '[\"17\",\"18\",\"20\"]', 1, 1, NULL, 4, 3, '2022-12-31 17:00:00', '2023-01-27 09:20:36', 0),
(40, 'Màn Hình Cong Samsung 24\" FHD VA 144Hz 4ms FreeSync™', 'Màn Hình Cong Samsung 24\" FHD VA 144Hz 4ms FreeSync™', 1, 2, 'Samsung', '<table style=\"border-collapse:collapse;width:99.9629%;border-width:2px;border-spacing:8px;border-color:rgb(45,194,107);height:89.6px;\" border=\"1\"><colgroup><col style=\"width:49.9072%;\" /><col style=\"width:49.9072%;\" /></colgroup>\r\n<tbody>\r\n<tr style=\"height:22.4px;\">\r\n<td style=\"border-width:2px;padding:8px;border-color:rgb(45,194,107);height:22.4px;\"><strong>Thương hiệu</strong></td>\r\n<td style=\"border-width:2px;padding:8px;border-color:rgb(45,194,107);height:22.4px;\">Samsung</td>\r\n</tr>\r\n<tr style=\"height:22.4px;\">\r\n<td style=\"border-width:2px;padding:8px;border-color:rgb(45,194,107);height:22.4px;\"><strong>Kích thước màn hình</strong></td>\r\n<td style=\"border-width:2px;padding:8px;border-color:rgb(45,194,107);height:22.4px;\">23 -25 inch</td>\r\n</tr>\r\n<tr style=\"height:22.4px;\">\r\n<td style=\"border-width:2px;padding:8px;border-color:rgb(45,194,107);height:22.4px;\"><strong>Kho hàng</strong></td>\r\n<td style=\"border-width:2px;padding:8px;border-color:rgb(45,194,107);height:22.4px;\">84</td>\r\n</tr>\r\n<tr style=\"height:22.4px;\">\r\n<td style=\"border-width:2px;padding:8px;border-color:rgb(45,194,107);height:22.4px;\"><strong>Gửi từ</strong></td>\r\n<td style=\"border-width:2px;padding:8px;border-color:rgb(45,194,107);height:22.4px;\">TP. Hồ Chí Minh</td>\r\n</tr>\r\n</tbody>\r\n</table>\r\n<p style=\"line-height:2;\">Màn Hình Kích thước màn hình (Inch): 23,5 Kích thước màn hình (cm): 59,8 Kích thước màn hình (Class): 24 Flat / Curved: Cong Kích thước màn hình hoạt động (HxV) (mm): 521.3952 (H) * 293.2848 (V) Độ cong màn hình: 1800R Tỷ lệ khung hình: 16: 9</p>\r\n<p style=\"line-height:2;\">Độ sáng (Điển hình): 250cd / m2</p>\r\n<p style=\"line-height:2;\">Độ sáng đỉnh (Điển hình): 250cd / m2 cd / ㎡</p>\r\n<p style=\"line-height:2;\">Độ sáng (Tối thiểu): 200cd / m2</p>\r\n<p style=\"line-height:2;\">Tỷ lệ tương phản Tĩnh: 3.000: 1 (Typ)</p>\r\n<p style=\"line-height:2;\">Tỷ lệ tương phản động: Mega DCR</p>\r\n<p style=\"line-height:2;\">Độ phân giải: 1.920 x 1.080</p>\r\n<p style=\"line-height:2;\">Thời gian đáp ứng: 4ms (GTG) </p>\r\n<p style=\"line-height:2;\">Góc nhìn (H / V): 178 ° (H) / 178 ° (V)</p>\r\n<p style=\"line-height:2;\">Hỗ trợ màu sắc: 16,7 triệu</p>\r\n<p style=\"line-height:2;\">Gam màu (NTSC 1976): 72%</p>\r\n<p style=\"line-height:2;\">Tốc độ làm mới: 144Hz</p>\r\n<p style=\"line-height:2;\">Tính năng chung: Samsung MagicAngle</p>\r\n<p style=\"line-height:2;\">Chế độ bảo vệ mắt: Có</p>\r\n<p style=\"line-height:2;\">Flicker Free: Có Hộp cài đặt dễ dàng: Có Chứng nhận</p>\r\n<p style=\"line-height:2;\">Windows: Windows 10</p>\r\n<p style=\"line-height:2;\">FreeSync: Có</p>\r\n<p style=\"line-height:2;\">Trình tối ưu hóa kích thước màn hình: Có</p>\r\n<p style=\"line-height:2;\">Bộ cân bằng màu đen: Có Chế độ trễ đầu vào thấp: Có</p>\r\n<p style=\"line-height:2;\">Trình tối ưu hóa tốc độ làm mới: Có</p>\r\n<p style=\"line-height:2;\">Super Arena Gaming UX: Có</p>\r\n<p style=\"line-height:2;\">Giao diện Cổng hiển thị: 1 EA Phiên bản cổng hiển thị: 1.2 HDMI: 2 EA Phiên bản HDMI: 1.4 Tai nghe: Có Điều kiện hoạt động Nhiệt độ: 10 ~ 40 ℃ Độ ẩm: 10 ~ 80, không ngưng tụ Thiết kế Màu đen Loại chân đế: Đơn giản Độ nghiêng: -2.0 ° (± 2.0 °) ~ 20.0 ° (± 2.0 °) Nguồn Nguồn điện: AC 100 ~ 240V Mức tiêu thụ nguồn (Tối đa): 35 W Mức tiêu thụ nguồn (DPMS): ≤0,5 W Mức tiêu thụ nguồn (Chế độ Tắt): ≤0,3 W Kích thước Kích thước đặt có đế (WxHxD): 547,8 x 430,5 x 242,6 mm Kích thước đặt không có chân đế (WxHxD): 547,8 x 326,3 x 90,7 mm Kích thước gói hàng (WxHxD): 612.0 x 172.0 x 391.0 mm Cân nặng Đặt trọng lượng có chân đế: 3,3 kg Trọng lượng không có chân đế: 2,8 kg Trọng lượng gói hàng: 4.9 kg Phụ kiện Chiều dài cáp điện: 1,5 m Cáp HDMI: Có Hướng dẫn cài đặt nhanh: Có</p>', 6219000, 4219000, 86, '[\"18\"]', 1, 1, NULL, 4, 3, '2022-12-31 17:00:00', '2023-01-27 09:21:26', 0),
(41, 'Pin sạc dự phòng Smart Tivi Samsung 100 inch The Freestyle', 'Pin sạc dự phòng Smart Tivi Samsung 100 inch The Freestyle', 1, 2, 'Samsung', '<table style=\"border-collapse:collapse;width:99.9629%;border-width:2px;border-spacing:8px;border-color:rgb(45,194,107);height:89.6px;\" border=\"1\"><colgroup><col style=\"width:49.9072%;\" /><col style=\"width:49.9072%;\" /></colgroup>\r\n<tbody>\r\n<tr style=\"height:22.4px;\">\r\n<td style=\"border-width:2px;padding:8px;border-color:rgb(45,194,107);height:22.4px;\"><strong>Thương hiệu</strong></td>\r\n<td style=\"border-width:2px;padding:8px;border-color:rgb(45,194,107);height:22.4px;\">Samsung</td>\r\n</tr>\r\n<tr style=\"height:22.4px;\">\r\n<td style=\"border-width:2px;padding:8px;border-color:rgb(45,194,107);height:22.4px;\"><strong>Dung lượng</strong></td>\r\n<td style=\"border-width:2px;padding:8px;border-color:rgb(45,194,107);height:22.4px;\">32.000mAh</td>\r\n</tr>\r\n<tr style=\"height:22.4px;\">\r\n<td style=\"border-width:2px;padding:8px;border-color:rgb(45,194,107);height:22.4px;\"><strong>Kho hàng</strong></td>\r\n<td style=\"border-width:2px;padding:8px;border-color:rgb(45,194,107);height:22.4px;\">84</td>\r\n</tr>\r\n<tr style=\"height:22.4px;\">\r\n<td style=\"border-width:2px;padding:8px;border-color:rgb(45,194,107);height:22.4px;\"><strong>Gửi từ</strong></td>\r\n<td style=\"border-width:2px;padding:8px;border-color:rgb(45,194,107);height:22.4px;\">TP. Hồ Chí Minh</td>\r\n</tr>\r\n</tbody>\r\n</table>\r\n<p>Dung lượng pin đỉnh cao đến 32.000mAh Trình chiếu bộ phim yêu thích khi di chuyển với thời lượng lên tới 3 giờ cùng Đế Sạc Dự Phòng The Freestyle có dung lượng cao 32.000mAh/3.6V.</p>\r\n<p>* Máy chiếu The Freestyle cần được kết nối với cổng đầu tiên trên Đế Sạc Dự Phòng The Freestyle với nhãn Đầu ra 50W. Nếu The Freestyle kết nối với cổng USB thứ hai có nhãn Đầu vào &amp; ra 10W sẽ không thể hoạt động. * Cáp USB kết nối với The Freestyle sẽ được bao gồm khi mua Đế Sạc Dự Phòng The Freestyle. * Đế Sạc Dự Phòng The Freestyle kéo dài đến 3 giờ hoạt động (tiêu chuẩn IEC62087) khi chỉ kết nối với The Freestyle. * Thời lượng pin có thể thay đổi tùy thuộc vào nội dung trình chiếu &amp; tần suất sử dụng.</p>\r\n<p>Hỗ trợ sạc điện thoại thông minh Thuận tiện sạc lại thiết bị di động với Đế Sạc Dự Phòng The Freestyle ngay cả khi đang trình chiếu.</p>\r\n<p>- USB-C: 2</p>\r\n<p>- Kích thước</p>\r\n<p>- Set (WxHxD): 99 x 88 x 99.5 mm</p>\r\n<p>- Package (WxHxD): 105 x 110 x 105 mm</p>\r\n<p>- Trọng lượng: 0.85 kg</p>\r\n<p>- Phụ kiện: Hướng dẫn Người dùng</p>', 6989500, 5989500, 484, '[\"20\"]', 1, 1, NULL, 4, 3, '2022-12-31 17:00:00', '2023-01-26 14:26:58', 0);
INSERT INTO `products` (`id`, `name`, `tittle`, `category_id`, `seller_id`, `brand`, `description`, `original_price`, `selling_price`, `qty`, `attributes`, `status`, `trending`, `other_attribute`, `average_star`, `sold`, `created_at`, `updated_at`, `del_flag`) VALUES
(42, 'Công Tắc Thông Minh Wifi TUYA Điều Khiển Qua App', 'Công Tắc Thông Minh Wifi TUYA Điều Khiển Qua App', 10, 2, 'Tuya', '<p style=\"text-align:justify;line-height:2;\">**** Note: Để đảm bảo cho sự ổn định của công tắc, TUYA Vietnam chỉ cung cấp loại công tắc có đầy đủ dây N + L, các bạn lưu ý trước khi đặt hàng và lắp đặt nhé!</p>\r\n<p style=\"text-align:justify;line-height:2;\">**** Giữa 2 loại Tiêu chuẩn và Cao cấp chỉ có sự khác nhau về hình dáng thiết kế, vật liệu chế tạo và thời gian bảo hành, cách lắp đặt và sử dụng hoàn toàn giống nhau các bạn nhé!</p>\r\n<table style=\"border-collapse:collapse;width:99.9629%;border-width:2px;border-spacing:8px;border-color:rgb(45,194,107);height:89.6px;\" border=\"1\"><colgroup><col style=\"width:49.9072%;\" /><col style=\"width:49.9072%;\" /></colgroup>\r\n<tbody>\r\n<tr style=\"height:22.4px;\">\r\n<td style=\"border-width:2px;padding:8px;border-color:rgb(45,194,107);height:22.4px;\"><strong>Thương hiệu</strong></td>\r\n<td style=\"border-width:2px;padding:8px;border-color:rgb(45,194,107);height:22.4px;\">Tuyasmart</td>\r\n</tr>\r\n<tr>\r\n<td style=\"border-width:2px;padding:8px;border-color:rgb(45,194,107);\"><strong>Xuất xứ</strong></td>\r\n<td style=\"border-width:2px;padding:8px;border-color:rgb(45,194,107);\">Trung Quốc</td>\r\n</tr>\r\n<tr>\r\n<td style=\"border-width:2px;padding:8px;border-color:rgb(45,194,107);\"><strong>Loại bảo hành</strong></td>\r\n<td style=\"border-width:2px;padding:8px;border-color:rgb(45,194,107);\">Bảo hành nhà cung cấp</td>\r\n</tr>\r\n<tr>\r\n<td style=\"border-width:2px;padding:8px;border-color:rgb(45,194,107);\"><strong>Kích thước</strong></td>\r\n<td style=\"border-width:2px;padding:8px;border-color:rgb(45,194,107);\">120 x 73 x 34mm</td>\r\n</tr>\r\n<tr style=\"height:22.4px;\">\r\n<td style=\"border-width:2px;padding:8px;border-color:rgb(45,194,107);height:22.4px;\"><strong>Hạn bảo hành</strong></td>\r\n<td style=\"border-width:2px;padding:8px;border-color:rgb(45,194,107);height:22.4px;\">6-12 tháng</td>\r\n</tr>\r\n<tr style=\"height:22.4px;\">\r\n<td style=\"border-width:2px;padding:8px;border-color:rgb(45,194,107);height:22.4px;\"><strong>Kho hàng</strong></td>\r\n<td style=\"border-width:2px;padding:8px;border-color:rgb(45,194,107);height:22.4px;\">736</td>\r\n</tr>\r\n<tr style=\"height:22.4px;\">\r\n<td style=\"border-width:2px;padding:8px;border-color:rgb(45,194,107);height:22.4px;\"><strong>Gửi từ</strong></td>\r\n<td style=\"border-width:2px;padding:8px;border-color:rgb(45,194,107);height:22.4px;\">TP. Hồ Chí Minh</td>\r\n</tr>\r\n</tbody>\r\n</table>\r\n<p style=\"text-align:justify;line-height:2;\">------------------------------------</p>\r\n<p style=\"text-align:justify;line-height:2;\">Thông tin sản phẩm:</p>\r\n<p style=\"text-align:justify;line-height:2;\">- Nguồn cấp: 100V~240VAC</p>\r\n<p style=\"text-align:justify;line-height:2;\">- Tần số: 50Hz - Dòng điện tối đa: 10A</p>\r\n<p style=\"text-align:justify;line-height:2;\">- Công suất tối đa: 600W</p>\r\n<p style=\"text-align:justify;line-height:2;\">- Kết nối wifi: 2.4 Ghz + Bluetooth</p>\r\n<p style=\"text-align:justify;line-height:2;\">- Hỗ trợ điều khiển bằng giọng nói với loa thông minh</p>\r\n<p style=\"text-align:justify;line-height:2;\">- Có thể hẹn giờ bật – tắt, tạo ngữ cảnh theo ý muốn từ điện thoại</p>\r\n<p style=\"text-align:justify;line-height:2;\">- Sử dụng hệ sinh thái của Tuya/Smart Life</p>\r\n<p style=\"text-align:justify;line-height:2;\">- Kích thước sản phẩm: 120 x 73 x 34mm</p>\r\n<p style=\"text-align:justify;line-height:2;\">----------------------------------------------------------------------------------</p>\r\n<p style=\"text-align:justify;line-height:2;\">Tính năng sản phẩm:</p>\r\n<p style=\"text-align:justify;line-height:2;\">- Hỗ trợ kết nối không dây wifi, cho phép người dùng điều khiển từ xa, bật tắt công tắc ngay trên các thiết bị di động ở bất kỳ đâu khi có kết nối Internet thông qua ứng dụng Smart Life của hệ sinh thái Tuya. Hoặc có thể điều khiển bằng giọng nói qua Google Assistant hay Amazon Alexa.</p>\r\n<p style=\"text-align:justify;line-height:2;\">- Bổ sung kết nối Bluetooth để nâng cao tính ổn định trong hoạt động. Khi sóng wifi không ổn định, vẫn có thể điều khiển từ điện thoại trong khoảng không gian có giới hạn.</p>\r\n<p style=\"text-align:justify;line-height:2;\">- Các chức năng tự động như có thể hẹn bật tắt theo thời gian được cài đặt trước hoặc kết nối với các sản phẩm nhà thông minh khác để thiết lập các ngữ cảnh tự động hóa.</p>\r\n<p style=\"text-align:justify;line-height:2;\">- Công nghệ cảm ứng điện dung là công nghệ cảm ứng dựa trên những thay đổi của điện tích trên màn hình khi tay người, hoặc các vật có tích điện chạm nhẹ vào.. Công nghệ này thường được sử dụng trên các thiết bị di động cao cấp như Apple hay Samsung, Oppo,... Màn hình cảm ứng điện dung có độ chính xác và không cần lực tác động quá lớn lên lớp cảm ứng nên thường rất nhạy và nhanh và có thể điều khiển bật tắt tương tự chức năng của một công tắc cơ bình thường.</p>\r\n<p style=\"text-align:justify;line-height:2;\">- Chất liệu đế nhựa chống cháy, mặt kính sang trọng mang lại nét thẩm mỹ thanh lịch cho mọi ngôi nhà.</p>\r\n<p style=\"text-align:justify;line-height:2;\">- Công tắc thông minh tương thích hoàn toàn với chuẩn đế âm sẵn có trên thị trường. Chỉ cần sử dụng hạ tầng điện truyền thống, không cần đi lại đường dây điện.</p>', 315000, 215000, 44, '[\"18\",\"20\"]', 1, 0, NULL, 4, 3, '2022-12-31 17:00:00', '2023-01-27 09:42:27', 0),
(43, 'Ổ Cắm Dài Thông Minh Wifi TUYA 4 Chấu & 2 cổng USB,', 'Ổ Cắm Dài Thông Minh Wifi TUYA 4 Chấu &amp; 2 cổng USB,', 10, 2, 'Tuya', '<p>Tính năng sản phẩm: - Với ổ cắm dài thông minh MANY, bạn có thể sử dụng được nhiều chức năng hơn việc chia và truyền dẫn điện.</p>\r\n<p>- Điều khiển BẬT/TẮT, HẸN GIỜ, điều khiển THEO KỊCH BẢN từ xa bằng smartphone thông qua ứng dụng Smart Life tương thích với cả hệ điều hành Android và IOS</p>\r\n<p>- Điều khiển độc lập từng chân cắm, Có 2 cổng sạc USB 5V,2.4A tiện dụng, mặt ổ cắm Universal phù hợp với mọi loại chân cắm</p>\r\n<p>- Sản phẩm thiết kế có mạch chống xung điện áp cao, xung sét, bảo vệ các thiết bị điện, điện tử cao cấp như dàn âm thanh, tivi, lò nướng,... khỏi hư hỏng</p>\r\n<p>-Kết nối không dây wifi, cho phép người dùng điều khiển từ xa, bật tắt ngay trên các thiết bị di động ở bất kỳ đâu khi có kết nối Internet thông qua ứng dụng Smart Life của hệ sinh thái Tuya. Hoặc có thể điều khiển bằng giọng nói qua Google Assistant hay Amazon Alexa </p>\r\n<p>- Kích hoạt tắt/mở bằng nút bấm vật lý trên thiết bị hoặc có thể hẹn giờ, đặt lịch theo một lịch trình cụ thể hoặc có thể theo cách đếm ngược thời gian.</p>\r\n<p>- Bảo đảm an toàn cho gia đình bạn và bảo vệ các thiết bị khỏi chập, cháy do vô tình cắm đồng thời các thiết bị có công suất lớn.</p>\r\n<p>- Chia sẻ quyền sử dụng với các thành viên trong gia đình,</p>\r\n<p>- Ổ cắm tương thích với nhiều loại phích cắm trên thị trường từ 2 - 3 chấu, từ chân cắm tròn đến dẹt và có tấm che chống điện giật, đảm bảo an toàn cho trẻ nhỏ và hạn chế bụi bẩn, côn trùng bay vào ổ điện</p>\r\n<p>- Kiểu dáng độc quyền với chất liệu cao cấp bóng mịn, sang trọng và nút bấm cảm ứng hiện đại, thân nhựa tiêu chuẩn cách điện tốt, chịu nhiệt cao và va đập.</p>\r\n<p>- Chân phích cắm 100% bằng đồng thau đảm bảo tiếp điện tốt và không bị biến dạng</p>\r\n<table style=\"border-collapse:collapse;width:99.9629%;border-width:2px;border-spacing:8px;border-color:rgb(45,194,107);height:89.6px;\" border=\"1\"><colgroup><col style=\"width:49.9072%;\" /><col style=\"width:49.9072%;\" /></colgroup>\r\n<tbody>\r\n<tr style=\"height:22.4px;\">\r\n<td style=\"border-width:2px;padding:8px;border-color:rgb(45,194,107);height:22.4px;\"><strong>Thương hiệu</strong></td>\r\n<td style=\"border-width:2px;padding:8px;border-color:rgb(45,194,107);height:22.4px;\">Tuyasmart</td>\r\n</tr>\r\n<tr>\r\n<td style=\"border-width:2px;padding:8px;border-color:rgb(45,194,107);\"><strong>Xuất xứ</strong></td>\r\n<td style=\"border-width:2px;padding:8px;border-color:rgb(45,194,107);\">Trung Quốc</td>\r\n</tr>\r\n<tr>\r\n<td style=\"border-width:2px;padding:8px;border-color:rgb(45,194,107);\"><strong>Loại bảo hành</strong></td>\r\n<td style=\"border-width:2px;padding:8px;border-color:rgb(45,194,107);\">Bảo hành nhà cung cấp</td>\r\n</tr>\r\n<tr>\r\n<td style=\"border-width:2px;padding:8px;border-color:rgb(45,194,107);\"><strong>Chiều dài cáp</strong></td>\r\n<td style=\"border-width:2px;padding:8px;border-color:rgb(45,194,107);\">2m</td>\r\n</tr>\r\n<tr style=\"height:22.4px;\">\r\n<td style=\"border-width:2px;padding:8px;border-color:rgb(45,194,107);height:22.4px;\"><strong>Hạn bảo hành</strong></td>\r\n<td style=\"border-width:2px;padding:8px;border-color:rgb(45,194,107);height:22.4px;\">6-12 tháng</td>\r\n</tr>\r\n<tr style=\"height:22.4px;\">\r\n<td style=\"border-width:2px;padding:8px;border-color:rgb(45,194,107);height:22.4px;\"><strong>Kho hàng</strong></td>\r\n<td style=\"border-width:2px;padding:8px;border-color:rgb(45,194,107);height:22.4px;\">2</td>\r\n</tr>\r\n<tr style=\"height:22.4px;\">\r\n<td style=\"border-width:2px;padding:8px;border-color:rgb(45,194,107);height:22.4px;\"><strong>Gửi từ</strong></td>\r\n<td style=\"border-width:2px;padding:8px;border-color:rgb(45,194,107);height:22.4px;\">TP. Hồ Chí Minh</td>\r\n</tr>\r\n</tbody>\r\n</table>', 550000, 499000, 93, '[\"20\"]', 1, 0, NULL, 4, 3, '2023-01-25 13:17:45', '2023-01-26 16:27:13', 0),
(44, 'Ổ Cắm Thông Minh Wifi TUYA 16A', 'Ổ Cắm Thông Minh Wifi TUYA 16A', 10, 2, 'Tuya', '<p> </p>\r\n<table style=\"border-collapse:collapse;width:99.9629%;border-width:2px;border-spacing:8px;border-color:rgb(45,194,107);height:89.6px;\" border=\"1\"><colgroup><col style=\"width:49.9072%;\" /><col style=\"width:49.9072%;\" /></colgroup>\r\n<tbody>\r\n<tr style=\"height:22.4px;\">\r\n<td style=\"border-width:2px;padding:8px;border-color:rgb(45,194,107);height:22.4px;\"><strong>Thương hiệu</strong></td>\r\n<td style=\"border-width:2px;padding:8px;border-color:rgb(45,194,107);height:22.4px;\">Tuyasmart</td>\r\n</tr>\r\n<tr>\r\n<td style=\"border-width:2px;padding:8px;border-color:rgb(45,194,107);\"><strong>Xuất xứ</strong></td>\r\n<td style=\"border-width:2px;padding:8px;border-color:rgb(45,194,107);\">Trung Quốc</td>\r\n</tr>\r\n<tr>\r\n<td style=\"border-width:2px;padding:8px;border-color:rgb(45,194,107);\"><strong>Loại bảo hành</strong></td>\r\n<td style=\"border-width:2px;padding:8px;border-color:rgb(45,194,107);\">Bảo hành nhà cung cấp</td>\r\n</tr>\r\n<tr>\r\n<td style=\"border-width:2px;padding:8px;border-color:rgb(45,194,107);\"><strong>Kích thước</strong></td>\r\n<td style=\"border-width:2px;padding:8px;border-color:rgb(45,194,107);\">120 x 73 x 34mm</td>\r\n</tr>\r\n<tr style=\"height:22.4px;\">\r\n<td style=\"border-width:2px;padding:8px;border-color:rgb(45,194,107);height:22.4px;\"><strong>Hạn bảo hành</strong></td>\r\n<td style=\"border-width:2px;padding:8px;border-color:rgb(45,194,107);height:22.4px;\">6-12 tháng</td>\r\n</tr>\r\n<tr style=\"height:22.4px;\">\r\n<td style=\"border-width:2px;padding:8px;border-color:rgb(45,194,107);height:22.4px;\"><strong>Kho hàng</strong></td>\r\n<td style=\"border-width:2px;padding:8px;border-color:rgb(45,194,107);height:22.4px;\">736</td>\r\n</tr>\r\n<tr style=\"height:22.4px;\">\r\n<td style=\"border-width:2px;padding:8px;border-color:rgb(45,194,107);height:22.4px;\"><strong>Gửi từ</strong></td>\r\n<td style=\"border-width:2px;padding:8px;border-color:rgb(45,194,107);height:22.4px;\">TP. Hồ Chí Minh</td>\r\n</tr>\r\n</tbody>\r\n</table>\r\n<p>- Điện áp làm việc: 100-240V (AC), 50/60Hz</p>\r\n<p>- Công suất định danh: 3840 W hoặc 2200 W</p>\r\n<p>- Công suất tiêu thụ ở chế độ chờ: &lt;1W - Dòng điện hoạt động tối đa: 16 A hoặc 10A</p>\r\n<p>-Tần số Wifi: 2.4 Ghz</p>\r\n<p>- Đo lường điện năng sử dụng (có ở 1 số model)</p>\r\n<p>- Sử dụng ứng dụng Smart Life của hệ sinh thái Tuya</p>\r\n<p>- Liên kết với Google Home, Amazon Alexa để điều khiển bằng giọng nói</p>\r\n<p>- Bào hành: 12 tháng </p>\r\n<p>----------------------------------------------------------------------------------</p>\r\n<p>Tính năng sản phẩm:</p>\r\n<p>-Hỗ trợ kết nối không dây Wi-Fi, cho phép người dùng điều khiển từ xa, bật tắt ngay trên các thiết bị di động ở bất kỳ đâu khi có kết nối Internet thông qua ứng dụng Smart Life của hệ sinh thái Tuya. Hoặc có thể điều khiển bằng giọng nói qua Google Assistant hay Amazon Alexa.</p>\r\n<p>- Kiểm tra và đo lường điện năng tiêu thụ (chỉ có ở một số sản phẩm) <br />- Cho phép bạn dễ dàng đặt lịch tự động cho bất kỳ thiết bị nào được kết nối với nó. Bạn có thể kích hoạt tắt/mở bằng nút bấm vật lý trên thiết bị hoặc có thể hẹn giờ, đặt lịch theo một lịch trình cụ thể hoặc có thể theo cách đếm ngược thời gian. <br />Ví dụ: <br />+Bật tắt các thiết bị dùng điện khác từ xa +Hẹn giờ sử dụng cho các thiết bị như nồi hầm, quạt, sạc điện thoại, đèn… <br />+Tự động hóa các hành động khác. Ví dụ khi mở cửa thì tự động bật quạt (Cần tích hợp thêm một cảm biến cửa) <br />+Cài đặt theo ngữ cảnh, có thể kết hợp cùng các bóng đèn thông minh <br />- Với thiết kể đẹp, nhỏ gọn, mặt cắm loại Universal, thích hợp với mọi loại chân cắm phổ biến tại Việt Nam. Thiết kế tiết kiệm tối đa không gian cho các ổ cắm khác. Kiểu dáng độc quyền với chất liệu cao cấp bóng mịn, sang trọng và viền LED nổi bật. <br />- Chất liệu chống cháy PC V0 và linh kiện cao cấp đem lại vẻ thẩm mỹ cho căn nhà đồng thời giúp bạn an tâm tuyệt đối khi sử dụng <br />- Chia sẻ quyền sử dụng với các thành viên trong gia đình</p>', 295000, 215000, 87, '[\"20\"]', 1, 0, NULL, 4, 3, '2023-01-25 13:37:11', '2023-01-27 09:37:17', 0),
(45, 'Bóng Đèn Thông Minh TUYA 9W Nháy - Bluetooth 4.0', 'Bóng Đèn Thông Minh TUYA 9W Nháy - Bluetooth 4.0', 10, 2, 'Tuya', '<p style=\"text-align:justify;line-height:2;\">Thông tin sản phẩm:</p>\r\n<p style=\"text-align:justify;line-height:2;\">Màu sắc: 16 triệu màu RGB </p>\r\n<p style=\"text-align:justify;line-height:2;\">Kết nối: Beacon - công nghệ Bluetooth 4.0 năng lượng thấp (BLE - Bluetooth Low Energy)</p>\r\n<p style=\"text-align:justify;line-height:2;\">Đầu đèn: E27 C</p>\r\n<p style=\"text-align:justify;line-height:2;\">ông suất danh định:9W </p>\r\n<p style=\"text-align:justify;line-height:2;\">Quang thông:806 lm Điều chỉnh độ sáng, nhiệt độ màu, điều khiển qua ứng dụng SmartLife, Điều khiển theo nhóm, đồng bộ âm thanh</p>\r\n<p style=\"text-align:justify;line-height:2;\">Dễ dàng dimming, đổi màu, điều khiển theo kịch bản </p>\r\n<p style=\"text-align:justify;line-height:2;\">Điện áp có thể hoạt động: 200-240V AC 50/60Hz </p>\r\n<p style=\"text-align:justify;line-height:2;\">Bảo Hành: 1 năm</p>\r\n<table style=\"border-collapse:collapse;width:99.9629%;border-width:2px;border-spacing:8px;border-color:rgb(45,194,107);height:89.6px;\" border=\"1\"><colgroup><col style=\"width:49.9072%;\" /><col style=\"width:49.9072%;\" /></colgroup>\r\n<tbody>\r\n<tr style=\"height:22.4px;\">\r\n<td style=\"border-width:2px;padding:8px;border-color:rgb(45,194,107);height:22.4px;\"><strong>Thương hiệu</strong></td>\r\n<td style=\"border-width:2px;padding:8px;border-color:rgb(45,194,107);height:22.4px;\">Tuyasmart</td>\r\n</tr>\r\n<tr>\r\n<td style=\"border-width:2px;padding:8px;border-color:rgb(45,194,107);\"><strong>Xuất xứ</strong></td>\r\n<td style=\"border-width:2px;padding:8px;border-color:rgb(45,194,107);\">Trung Quốc</td>\r\n</tr>\r\n<tr>\r\n<td style=\"border-width:2px;padding:8px;border-color:rgb(45,194,107);\"><strong>Công suất</strong></td>\r\n<td style=\"border-width:2px;padding:8px;border-color:rgb(45,194,107);\">9</td>\r\n</tr>\r\n<tr>\r\n<td style=\"border-width:2px;padding:8px;border-color:rgb(45,194,107);\"><strong>Loại đèn</strong></td>\r\n<td style=\"border-width:2px;padding:8px;border-color:rgb(45,194,107);\">Bóng đèn</td>\r\n</tr>\r\n<tr style=\"height:22.4px;\">\r\n<td style=\"border-width:2px;padding:8px;border-color:rgb(45,194,107);height:22.4px;\"><strong>Hạn bảo hành</strong></td>\r\n<td style=\"border-width:2px;padding:8px;border-color:rgb(45,194,107);height:22.4px;\">6-12 tháng</td>\r\n</tr>\r\n<tr style=\"height:22.4px;\">\r\n<td style=\"border-width:2px;padding:8px;border-color:rgb(45,194,107);height:22.4px;\"><strong>Kho hàng</strong></td>\r\n<td style=\"border-width:2px;padding:8px;border-color:rgb(45,194,107);height:22.4px;\">736</td>\r\n</tr>\r\n<tr style=\"height:22.4px;\">\r\n<td style=\"border-width:2px;padding:8px;border-color:rgb(45,194,107);height:22.4px;\"><strong>Gửi từ</strong></td>\r\n<td style=\"border-width:2px;padding:8px;border-color:rgb(45,194,107);height:22.4px;\">TP. Hồ Chí Minh</td>\r\n</tr>\r\n</tbody>\r\n</table>\r\n<p style=\"text-align:justify;line-height:2;\">Tính năng sản phẩm:</p>\r\n<p style=\"text-align:justify;line-height:2;\">- Khác với các bóng đèn thông minh wifi, sử dụng kết nối wifi để điều khiển từ xa nhưng sẽ có một số hạn chế như kết nối bị gián đoạn do đường truyền wifi không ổn định hoặc phản ứng của thiết bị có độ trễ làm giảm trải nghiệm của người dùng. Bóng đèn thông minh sử dụng kết nối Bluetooth năng lượng thấp cho phép kết nối trực tiếp tới thiết bị di động thông qua Bluetooth, từ đó nâng cao hiệu xuất sử dụng.</p>\r\n<p style=\"text-align:justify;line-height:2;\">- Kết nối không dây dễ dàng trực tiếp qua thiết bị di động mà không cần kết nối wifi hay bộ kết nối trung gian.</p>\r\n<p style=\"text-align:justify;line-height:2;\">- Điều khiển cục bộ (trong 1 phòng, khu vực) mà không cần qua Cloud nên hoàn toàn bảo mật</p>\r\n<p style=\"text-align:justify;line-height:2;\">- Tiết kiệm chi phí cho phép người dùng tận hưởng trải nghiệm nhà thông minh với chi phí thấp.</p>\r\n<p style=\"text-align:justify;line-height:2;\">- Điều khiển cục bộ (trong 1 phòng, khu vực) mà không cần qua Cloud nên hoàn toàn bảo mật</p>\r\n<p style=\"text-align:justify;line-height:2;\">- Tiết kiệm chi phí cho phép người dùng tận hưởng trải nghiệm nhà thông minh với chi phí thấp</p>\r\n<p style=\"text-align:justify;line-height:2;\"> </p>', 159000, 129000, 434, '[\"20\"]', 1, 0, NULL, 4, 3, '2023-01-25 13:40:33', '2023-01-27 09:37:33', 0),
(46, 'Cảm Biến Đóng Mở Cửa Thông Minh TUYA, Zigbee 3.0', 'Cảm Biến Đóng Mở Cửa Thông Minh TUYA, Zigbee 3.0', 10, 2, 'Tuya', '<p style=\"text-align:justify;\"> </p>\r\n<table style=\"border-collapse:collapse;width:99.9629%;border-width:2px;border-spacing:8px;border-color:rgb(45,194,107);height:89.6px;\" border=\"1\"><colgroup><col style=\"width:49.9072%;\" /><col style=\"width:49.9072%;\" /></colgroup>\r\n<tbody>\r\n<tr style=\"height:22.4px;\">\r\n<td style=\"border-width:2px;padding:8px;border-color:rgb(45,194,107);height:22.4px;\"><strong>Thương hiệu</strong></td>\r\n<td style=\"border-width:2px;padding:8px;border-color:rgb(45,194,107);height:22.4px;\">Tuyasmart</td>\r\n</tr>\r\n<tr>\r\n<td style=\"border-width:2px;padding:8px;border-color:rgb(45,194,107);\"><strong>Xuất xứ</strong></td>\r\n<td style=\"border-width:2px;padding:8px;border-color:rgb(45,194,107);\">Trung Quốc</td>\r\n</tr>\r\n<tr>\r\n<td style=\"border-width:2px;padding:8px;border-color:rgb(45,194,107);\"><strong>Điện áp làm việc</strong></td>\r\n<td style=\"border-width:2px;padding:8px;border-color:rgb(45,194,107);\">2.4V ~ 3.3V</td>\r\n</tr>\r\n<tr>\r\n<td style=\"border-width:2px;padding:8px;border-color:rgb(45,194,107);\"><strong>Dòng điện tiêu thụ</strong></td>\r\n<td style=\"border-width:2px;padding:8px;border-color:rgb(45,194,107);\">5mA</td>\r\n</tr>\r\n<tr style=\"height:22.4px;\">\r\n<td style=\"border-width:2px;padding:8px;border-color:rgb(45,194,107);height:22.4px;\"><strong>Hạn bảo hành</strong></td>\r\n<td style=\"border-width:2px;padding:8px;border-color:rgb(45,194,107);height:22.4px;\">6-12 tháng</td>\r\n</tr>\r\n<tr style=\"height:22.4px;\">\r\n<td style=\"border-width:2px;padding:8px;border-color:rgb(45,194,107);height:22.4px;\"><strong>Loại pin</strong></td>\r\n<td style=\"border-width:2px;padding:8px;border-color:rgb(45,194,107);height:22.4px;\">pin lithium (CR2032)</td>\r\n</tr>\r\n<tr style=\"height:22.4px;\">\r\n<td style=\"border-width:2px;padding:8px;border-color:rgb(45,194,107);height:22.4px;\"><strong>Gửi từ</strong></td>\r\n<td style=\"border-width:2px;padding:8px;border-color:rgb(45,194,107);height:22.4px;\">TP. Hồ Chí Minh</td>\r\n</tr>\r\n</tbody>\r\n</table>\r\n<p style=\"text-align:justify;\">Thông tin sản phẩm</p>\r\n<p style=\"text-align:justify;\">- Nằm trong hệ sinh thái nhà thông minh chức năng chính của cảm biến cửa là quản lý an ninh nhà của bạn. Thiết bị bao gồm 2 bộ phận là bộ phận phát tín hiệu và bộ phận má từ, chúng được lắp đặt ở thành khung cửa ra vào, cửa sổ Khi có kẻ trộm đột nhập cạy cửa 2 bộ phận này tách rời nhau thì cảm biến má từ sẽ phát ra tín hiệu cảnh báo đến điện thoại của bạn ở bất cứ đâu có mạng internet, wifi, 3g.</p>\r\n<p style=\"text-align:justify;\">- Cảnh báo chống đột nhập khi trộm đột nhập mở cửa sổ hoặc cửa chính, phát hiện trạng thái cửa đang đóng hay mở.</p>\r\n<p style=\"text-align:justify;\">- Phối hợp ngữ cảnh với các công tắc thông minh mở cửa phòng vệ sinh đèn tự động sáng, đóng cửa đèn tự động tắt, hoặc tắt điều hòa khi cửa mở giúp tiết kiệm tiện năng sử dụng.</p>\r\n<p style=\"text-align:justify;\">- Cửa mở ở sân thượng, ban công, nhà kho hỗ trợ kết nối IFTTT… những nơi khó đi dây, thì chỉ cần sử dụng cảm biến mà không cần dây kết nối.</p>', 350000, 315000, 450, '[\"20\"]', 1, 0, NULL, 4, 3, '2022-12-31 17:00:00', '2023-01-27 09:37:43', 0),
(47, 'Máy Khoan Bắt Vít Không Dây Deli Chính Hãng Chạy Pin', 'Máy Khoan Bắt Vít Không Dây Deli Chính Hãng Chạy Pin', 10, 2, 'Deli', '<p> </p>\r\n<table style=\"border-collapse:collapse;width:99.9629%;border-width:2px;border-spacing:8px;border-color:rgb(45,194,107);height:89.6px;\" border=\"1\"><colgroup><col style=\"width:49.9072%;\" /><col style=\"width:49.9072%;\" /></colgroup>\r\n<tbody>\r\n<tr style=\"height:22.4px;\">\r\n<td style=\"border-width:2px;padding:8px;border-color:rgb(45,194,107);height:22.4px;\"><strong>Thương hiệu</strong></td>\r\n<td style=\"border-width:2px;padding:8px;border-color:rgb(45,194,107);height:22.4px;\">Deli</td>\r\n</tr>\r\n<tr>\r\n<td style=\"border-width:2px;padding:8px;border-color:rgb(45,194,107);\"><strong>Điện áp đầu vào</strong></td>\r\n<td style=\"border-width:2px;padding:8px;border-color:rgb(45,194,107);\">12V</td>\r\n</tr>\r\n<tr>\r\n<td style=\"border-width:2px;padding:8px;border-color:rgb(45,194,107);\"><strong>Công suất</strong></td>\r\n<td style=\"border-width:2px;padding:8px;border-color:rgb(45,194,107);\">18</td>\r\n</tr>\r\n<tr>\r\n<td style=\"border-width:2px;padding:8px;border-color:rgb(45,194,107);\"><strong>Loại khoan</strong></td>\r\n<td style=\"border-width:2px;padding:8px;border-color:rgb(45,194,107);\">Khoan không dây</td>\r\n</tr>\r\n<tr>\r\n<td style=\"border-width:2px;padding:8px;border-color:rgb(45,194,107);\"><strong>Hạn bảo hành</strong></td>\r\n<td style=\"border-width:2px;padding:8px;border-color:rgb(45,194,107);\">Hạn bảo hành</td>\r\n</tr>\r\n</tbody>\r\n</table>\r\n<p class=\"irIKAp\">DELI TOOLS OFFICIAL STORE</p>\r\n<p class=\"irIKAp\"><strong>MÁY KHOAN CHẠY PIN DELI DL6261/DL6262</strong></p>\r\n<p class=\"irIKAp\">THÔNG TIN SẢN PHẨM:</p>\r\n<p class=\"irIKAp\">- Hãng sản xuất: Deli</p>\r\n<p class=\"irIKAp\">- Mã sản phẩm: DL6261 - DL6262</p>\r\n<p class=\"irIKAp\">- Sản phẩm bao gồm:</p>\r\n<p class=\"irIKAp\">+ 1 máy khoan</p>\r\n<p class=\"irIKAp\">+ 1 dây sạc</p>\r\n<p class=\"irIKAp\">+ 1 pin 1500mA (DL6261) - 2 pin 1500mA (DL6262 - thời gian sử dụng nhiều hơn gấp đôi)</p>\r\n<p class=\"irIKAp\">+ 6 đầu vít</p>\r\n<p class=\"irIKAp\">+ 1 hộp đựng</p>\r\n<p class=\"irIKAp\">- Chức năng: Khoan, bắt vít</p>\r\n<p class=\"irIKAp\">- Đèn LED chiếu sáng: có</p>\r\n<p class=\"irIKAp\">- Các chức năng khác: điều tốc, đảo chiều</p>\r\n<p class=\"irIKAp\">- Các thiết lập mô-men xoắn 20Nm</p>\r\n<p class=\"irIKAp\">THÔNG TIN BẢO HÀNH:</p>\r\n<p class=\"irIKAp\">Bảo hành 1 đổi 1 trong 12 tháng nếu lỗi nhà sản xuất.</p>\r\n<p class=\"irIKAp\">-------------------------------------------------------------------------------------------------------------------------------------------------------------------------------------------</p>\r\n<p class=\"irIKAp\">Deli Tools Official Store - Cửa hàng độc quyền sản phẩm duy nhất tại Việt Nam</p>\r\n<p class=\"irIKAp\">Ngoài cung cấp các sản phẩm văn phòng phẩm, Deli còn cung cấp các sản phẩm dụng cụ tiện ích hỗ trợ cho việc tối ưu hóa hiệu quả làm việc cho việc sửa chữa, DIY, làm mới nhà cửa,... Với phương châm luôn luôn thấu hiểu khách hàng và cung cấp các giải pháp hoàn thiện hóa và trải nghiệm mới thông qua sự đổi mới không ngừng, do đó giúp khách hàng của Deli dễ dàng và thuận tiện hơn trong mọi việc của cuộc sống.</p>\r\n<p class=\"irIKAp\">Khách hàng lựa chọn các sản phẩm của Deli Tools Official Store sẽ được cam kết:</p>\r\n<p class=\"irIKAp\">Sản phẩm chính hãng từ nhà máy Deli, nguồn gốc rõ ràng và chất lượng đạt tiêu chuẩn.</p>\r\n<p class=\"irIKAp\">Các sản phẩm được nghiên cứu theo tiêu chuẩn quốc tế, trải qua quá trình thử nghiệm nghiêm ngặt tại nhà máy Deli.</p>\r\n<p class=\"irIKAp\">Bảo hành theo quy định của nhà sản xuất.</p>\r\n<p class=\"irIKAp\">Giá cả hợp lý, cạnh tranh, rẻ nhất thị trường.</p>\r\n<p class=\"irIKAp\">Hỗ trợ đổi trả hàng cho những sản phẩm bị lỗi.</p>', 1420000, 799000, 546, '[]', 1, 0, NULL, 4, 3, '2023-01-27 11:17:10', '2023-01-27 09:43:23', 0),
(48, 'Kìm Bấm Lỗ 9 Inch Deli Tools Màu Đen Cao Cấp', 'Kìm Bấm Lỗ 9 Inch Deli Tools Màu Đen Cao Cấp', 10, 2, 'Deli', '<p class=\"irIKAp\">DELI TOOLS OFFICIAL STORE</p>\r\n<p class=\"irIKAp\"><strong>KÌM BẤM LỖ 9 INCH DELI TOOLS DL1919A / DL1919B / DL1919C / DL1919 / DL0400</strong></p>\r\n<p class=\"irIKAp\">THÔNG TIN SẢN PHẨM</p>\r\n<p class=\"irIKAp\">- Kìm Bấm Lỗ DL1919 là dụng cụ rất cần thiết cho các cửa hàng chuyên bán sản phẩm được làm từ da như: dây thắt lưng, túi xách bằng da, đồng hồ đeo tay dây da, đồ mỹ nghệ làm từ da…</p>\r\n<p class=\"irIKAp\">- Các đầu bấm được chế tạo từ thép cao cấp và được xử lý nhiệt luyện đặc biệt, đảm bảo độ cứng và sắc bén cho đầu bấm.</p>\r\n<p class=\"irIKAp\">- Kích thước lỗ bấm đa dạng có thể đáp ứng được nhiều nhu cầu sử dụng khác nhau.</p>\r\n<p class=\"irIKAp\">- Cán kìm được chế tạo từ thép, có độ cứng tốt và được bọc lớp nhựa, giúp thao tác êm tay, chống trượt không bị đau khi dùng lực mạnh</p>\r\n<p class=\"irIKAp\">THÔNG SỐ KĨ THUẬT</p>\r\n<p class=\"irIKAp\">- Màu sắc: Vàng</p>\r\n<p class=\"irIKAp\">- Trọng lượng: 0,39kg.</p>\r\n<p class=\"irIKAp\">- Độ cứng: Chuẩn HRC42</p>\r\n<p class=\"irIKAp\">- Tính năng: Dùng để đục lỗ các dụng cụ, trang sức bằng da như: thắt lưng, đồng hồ, túi xách,...</p>\r\n<p class=\"irIKAp\">- Kích thước lỗ: 2 / 2.5 / 3 / 3.5 / 4 / 4.5mm</p>\r\n<p class=\"irIKAp\">THÔNG TIN BẢO HÀNH:</p>\r\n<p class=\"irIKAp\">Bảo hành 1 đổi 1 trong 12 tháng nếu lỗi nhà sản xuất.</p>\r\n<p class=\"irIKAp\">------------------------------------------------------------------------------------------------------------------------------------------------------------</p>\r\n<p class=\"irIKAp\">Deli Tools Official Store - Cửa hàng độc quyền sản phẩm duy nhất tại Việt Nam</p>\r\n<p class=\"irIKAp\">Ngoài cung cấp các sản phẩm văn phòng phẩm, Deli còn cung cấp các sản phẩm dụng cụ tiện ích hỗ trợ cho việc tối ưu hóa hiệu quả làm việc cho việc sửa chữa, DIY, làm mới nhà cửa,... Với phương châm luôn luôn thấu hiểu khách hàng và cung cấp các giải pháp hoàn thiện hóa và trải nghiệm mới thông qua sự đổi mới không ngừng, do đó giúp khách hàng của Deli dễ dàng và thuận tiện hơn trong mọi việc của cuộc sống.</p>\r\n<p class=\"irIKAp\">Khách hàng lựa chọn các sản phẩm của Deli Tools Official Store sẽ được cam kết:</p>\r\n<p class=\"irIKAp\">Sản phẩm chính hãng từ nhà máy Deli, nguồn gốc rõ ràng và chất lượng đạt tiêu chuẩn.</p>\r\n<p class=\"irIKAp\">Các sản phẩm được nghiên cứu theo tiêu chuẩn quốc tế, trải qua quá trình thử nghiệm nghiêm ngặt tại nhà máy Deli.</p>\r\n<p class=\"irIKAp\">Bảo hành theo quy định của nhà sản xuất.</p>\r\n<p class=\"irIKAp\">Giá cả hợp lý, cạnh tranh, rẻ nhất thị trường.</p>\r\n<p class=\"irIKAp\">Hỗ trợ đổi trả hàng cho những sản phẩm bị lỗi.</p>', 109000, 69000, 187, '[]', 1, 0, NULL, 4, 3, '2023-01-25 13:56:14', '2023-01-27 09:38:22', 0),
(49, 'Bơm Xe Đạp Deli Đạp Chân Chính Hãng', 'Bơm Xe Đạp Deli Đạp Chân Chính Hãng', 10, 2, 'Deli', '<p class=\"irIKAp\">DELI TOOLS OFFICIAL STORE</p>\r\n<p class=\"irIKAp\"><strong>BƠM XE ĐẠP DELI DL880002</strong></p>\r\n<p class=\"irIKAp\">THÔNG TIN SẢN PHẨM:</p>\r\n<p class=\"irIKAp\">- Hãng sản xuất: Deli</p>\r\n<p class=\"irIKAp\">- Mã sản phẩm: DL880002</p>\r\n<p class=\"irIKAp\">- Chiều dài của xi lanh: 130mm</p>\r\n<p class=\"irIKAp\">- Đường kính ống: 43.5mm</p>\r\n<p class=\"irIKAp\">- Chiều dài của dây bơm: 330mm</p>\r\n<p class=\"irIKAp\">- Áp suất không khí tối đa: 80 PSI</p>\r\n<p class=\"irIKAp\">TÍNH NĂNG SẢN PHẨM:</p>\r\n<p class=\"irIKAp\">1. Chất lượng sản phẩm tốt, thoải mái khi cầm, chất liệu kim loại chắc chắn.</p>\r\n<p class=\"irIKAp\">2. Có bàn đạp chân chống trượt giúp bơm dễ dàng mà không cần dùng tay, tiết kiệm sức.</p>\r\n<p class=\"irIKAp\">3. Tay cầm của bơm thoải mái khi cầm, bơm mạnh, thiết kế độc đáo làm đẹp, cảm giác tay tốt, ít lực, chống trơn trượt.</p>\r\n<p class=\"irIKAp\">4. Bề mặt sơn chống ăn mòn, độ bền cao.</p>\r\n<p class=\"irIKAp\">5. Sản phẩm chịu nhiệt (-20 °C-50 °C), độ đàn hồi tốt và tính linh hoạt cao</p>\r\n<p class=\"irIKAp\">6. Sản phẩm thông qua một thiết kế độc đáo, có chống đảo ngược hiệu suất, không đàn hồi khi bơm không khí.</p>\r\n<p class=\"irIKAp\">Lưu ý:</p>\r\n<p class=\"irIKAp\">1. Kiểm Tra xem tất cả các bộ phận được đậy kín trước khi sử dụng.</p>\r\n<p class=\"irIKAp\">2. Chú ý bôi trơn của khí xi lanh.</p>\r\n<p class=\"irIKAp\">3.Thường xuyên bỏ bụi bẩn trong xi lanh.</p>\r\n<p class=\"irIKAp\">Danh sách đóng gói:</p>\r\n<p class=\"irIKAp\">1 x Bơm Deli Đạp Chân</p>\r\n<p class=\"irIKAp\"> </p>\r\n<p class=\"irIKAp\">THÔNG TIN BẢO HÀNH:</p>\r\n<p class=\"irIKAp\">Bảo hành 1 đổi 1 trong 12 tháng nếu lỗi nhà sản xuất.</p>\r\n<p class=\"irIKAp\">-------------------------------------------------------------------------------------------------------------------------------------------------------------------------------------------</p>\r\n<p class=\"irIKAp\">Deli Tools Official Store - Cửa hàng độc quyền sản phẩm duy nhất tại Việt Nam</p>\r\n<p class=\"irIKAp\">Ngoài cung cấp các sản phẩm văn phòng phẩm, Deli còn cung cấp các sản phẩm dụng cụ tiện ích hỗ trợ cho việc tối ưu hóa hiệu quả làm việc cho việc sửa chữa, DIY, làm mới nhà cửa,... Với phương châm luôn luôn thấu hiểu khách hàng và cung cấp các giải pháp hoàn thiện hóa và trải nghiệm mới thông qua sự đổi mới không ngừng, do đó giúp khách hàng của Deli dễ dàng và thuận tiện hơn trong mọi việc của cuộc sống.</p>\r\n<p class=\"irIKAp\">Khách hàng lựa chọn các sản phẩm của Deli Tools Official Store sẽ được cam kết:</p>\r\n<p class=\"irIKAp\">Sản phẩm chính hãng từ nhà máy Deli, nguồn gốc rõ ràng và chất lượng đạt tiêu chuẩn.</p>\r\n<p class=\"irIKAp\">Các sản phẩm được nghiên cứu theo tiêu chuẩn quốc tế, trải qua quá trình thử nghiệm nghiêm ngặt tại nhà máy Deli.</p>\r\n<p class=\"irIKAp\">Bảo hành theo quy định của nhà sản xuất.</p>\r\n<p class=\"irIKAp\">Giá cả hợp lý, cạnh tranh, rẻ nhất thị trường.</p>\r\n<p class=\"irIKAp\">Hỗ trợ đổi trả hàng cho những sản phẩm bị lỗi.</p>', 142000, 79000, 185, '[]', 1, 0, NULL, 4, 3, '2023-01-25 13:57:09', '2023-01-27 09:38:48', 0),
(50, 'Kéo Cắt Tỉa Cành Cây Deli Chính Hãng 8inch DL580201', 'Kéo Cắt Tỉa Cành Cây Deli Chính Hãng 8inch DL580201', 10, 2, 'Deli', '<p><strong>DELI TOOLS OFFICIAL STORE KÉO CẮT CÀNH DELI DL580201 THÔNG TIN SẢN PHẨM:</strong></p>\r\n<p>- Tên sản phẩm: Kéo cắt cành Deli DL580201</p>\r\n<p>- Mã sản phẩm: DL580201</p>\r\n<p>- Kích thước: 8inch TÍNH NĂNG SẢN PHẨM:</p>\r\n<p>- Chuyên dụng trong cắt, tỉa cành cây bonsai</p>\r\n<p>- Kéo cắt cành Deli cho vết cắt ngọt</p>\r\n<p>- Tay cầm thiết kế vừa tay, có đệm cao su êm tay cắt không mỏi</p>\r\n<p>- Lưỡi kéo được tôi bằng thép cứng, sắc bén </p>\r\n<p>THÔNG TIN BẢO HÀNH: Bảo hành 1 đổi 1 trong 12 tháng nếu lỗi nhà sản xuất. </p>\r\n<p>-------------------------------------------------------------------------------------------------------------------------------------------------------------------------------------------</p>\r\n<p>Deli Tools Official Store</p>\r\n<p>- Cửa hàng độc quyền sản phẩm duy nhất tại Việt Nam Ngoài cung cấp các sản phẩm văn phòng phẩm, Deli còn cung cấp các sản phẩm dụng cụ tiện ích hỗ trợ cho việc tối ưu hóa hiệu quả làm việc cho việc sửa chữa, DIY, làm mới nhà cửa,... Với phương châm luôn luôn thấu hiểu khách hàng và cung cấp các giải pháp hoàn thiện hóa và trải nghiệm mới thông qua sự đổi mới không ngừng, do đó giúp khách hàng của Deli dễ dàng và thuận tiện hơn trong mọi việc của cuộc sống. Khách hàng lựa chọn các sản phẩm của Deli Tools Official Store sẽ được cam kết:</p>\r\n<p>Sản phẩm chính hãng từ nhà máy Deli, nguồn gốc rõ ràng và chất lượng đạt tiêu chuẩn.</p>\r\n<p>Các sản phẩm được nghiên cứu theo tiêu chuẩn quốc tế, trải qua quá trình thử nghiệm nghiêm ngặt tại nhà máy Deli.</p>\r\n<p>Bảo hành theo quy định của nhà sản xuất.</p>\r\n<p>Giá cả hợp lý, cạnh tranh, rẻ nhất thị trường. </p>\r\n<p>Hỗ trợ đổi trả hàng cho những sản phẩm bị lỗi.</p>', 129000, 79000, 151, '[]', 1, 0, NULL, 4, 3, '2022-12-31 17:00:00', '2023-01-27 09:39:10', 0),
(51, 'Bộ Dụng Cụ Sửa Chữa Đa Năng 31 Chi Tiết Deli', 'Bộ Dụng Cụ Sửa Chữa Đa Năng 31 Chi Tiết Deli', 10, 2, 'Deli', '<p><strong>DELI TOOLS OFFICIAL STORE THÔNG TIN SẢN PHẨM:</strong></p>\r\n<p>- Hãng sản xuất: Deli</p>\r\n<p>- Mã sản phẩm: DL5972 TÍNH NĂNG SẢN PHẨM: </p>\r\n<p>- Hộp dụng cụ chứa các công cụ cần thiết cho hầu hết các công việc sửa chữa và lắp ráp trong ngôi nhà của bạn. Là bộ dụng cụ hoàn hảo cho thợ sửa xe, thợ sửa chữa, công nhân xây dựng, thợ cơ khí, cửa hàng sửa chữa, v.v. Đồng thời cũng là một bộ công cụ tuyệt vời cần có ở nhà, ga ra và xưởng. </p>\r\n<p>- Bộ dụng cụ được đặt trong một hộp tiện dụng để dễ dàng cất giữ và di chuyển. Thiết kế chắc chắn giúp giữ các công cụ ở đúng vị trí. </p>\r\n<p>- Các dụng cụ được rèn từ thép chất lượng cao và được hoàn thiện bằng chrome đánh bóng cao, bảo vệ sức mạnh, độ bền, chống ăn mòn. Tất cả các công cụ đều đáp ứng hoặc vượt quá các tiêu chuẩn quan trọng ANSI. </p>\r\n<p>- Bộ dụng cụ bao gồm mỏ lết chuyên nghiệp, các đầu vít phẳng, philips, pozidriv và tua vít, búa, thước dây, kìm, dao, kéo v.v. </p>\r\n<p>- Vỏ hộp màu đen giúp chống bụi bẩn. Thiết kế độc đáo và thời trang. </p>\r\n<p>-------------------------------------------------------------------------------------------------------------------------------------------------------------------------------------------</p>\r\n<p>Deli Tools Official Store - Cửa hàng độc quyền sản phẩm duy nhất tại Việt Nam Ngoài cung cấp các sản phẩm văn phòng phẩm, Deli còn cung cấp các sản phẩm dụng cụ tiện ích hỗ trợ cho việc tối ưu hóa hiệu quả làm việc cho việc sửa chữa, DIY, làm mới nhà cửa,... Với phương châm luôn luôn thấu hiểu khách hàng và cung cấp các giải pháp hoàn thiện hóa và trải nghiệm mới thông qua sự đổi mới không ngừng, do đó giúp khách hàng của Deli dễ dàng và thuận tiện hơn trong mọi việc của cuộc sống. Khách hàng lựa chọn các sản phẩm của Deli Tools Official Store sẽ được cam kết: </p>\r\n<p>Sản phẩm chính hãng từ nhà máy Deli, nguồn gốc rõ ràng và chất lượng đạt tiêu chuẩn.</p>\r\n<p>Các sản phẩm được nghiên cứu theo tiêu chuẩn quốc tế, trải qua quá trình thử nghiệm nghiêm ngặt tại nhà máy Deli.</p>\r\n<p>Bảo hành theo quy định của nhà sản xuất.</p>\r\n<p>Giá cả hợp lý, cạnh tranh, rẻ nhất thị trường. </p>\r\n<p>Hỗ trợ đổi trả hàng cho những sản phẩm bị lỗi.</p>', 695000, 495000, 186, '[]', 1, 0, NULL, 4, 3, '2023-01-25 14:00:06', '2023-01-27 09:40:10', 0),
(52, 'Viên uống Puritan\'s Pride Triple Omega', 'Viên uống Puritan\'s Pride Triple Omega 500ml', 9, 3, 'Puritan\'s Pride', '<p style=\"line-height:2;\"> </p>\r\n<table style=\"border-collapse:collapse;width:99.9629%;border-width:2px;border-spacing:8px;border-color:rgb(22,145,121);height:156.8px;\" border=\"1\"><colgroup><col style=\"width:49.9072%;\" /><col style=\"width:49.9072%;\" /></colgroup>\r\n<tbody>\r\n<tr style=\"height:22.4px;\">\r\n<td style=\"border-width:2px;padding:8px;border-color:rgb(22,145,121);height:22.4px;\">Thương hiệu</td>\r\n<td style=\"border-width:2px;padding:8px;border-color:rgb(22,145,121);height:22.4px;\">Puritan\'s Pride</td>\r\n</tr>\r\n<tr style=\"height:22.4px;\">\r\n<td style=\"border-width:2px;padding:8px;border-color:rgb(22,145,121);height:22.4px;\">Lứa tuổi</td>\r\n<td style=\"border-width:2px;padding:8px;border-color:rgb(22,145,121);height:22.4px;\">Người lớn</td>\r\n</tr>\r\n<tr style=\"height:22.4px;\">\r\n<td style=\"border-width:2px;padding:8px;border-color:rgb(22,145,121);height:22.4px;\">Xuất xứ</td>\r\n<td style=\"border-width:2px;padding:8px;border-color:rgb(22,145,121);height:22.4px;\">Mỹ</td>\r\n</tr>\r\n<tr style=\"height:22.4px;\">\r\n<td style=\"border-width:2px;padding:8px;border-color:rgb(22,145,121);height:22.4px;\">Thể tích</td>\r\n<td style=\"border-width:2px;padding:8px;border-color:rgb(22,145,121);height:22.4px;\">500ml</td>\r\n</tr>\r\n<tr style=\"height:22.4px;\">\r\n<td style=\"border-width:2px;padding:8px;border-color:rgb(22,145,121);height:22.4px;\">Loại Da</td>\r\n<td style=\"border-width:2px;padding:8px;border-color:rgb(22,145,121);height:22.4px;\">Mọi loại da, Dầu, Da mụn trứng cá, Khô</td>\r\n</tr>\r\n<tr style=\"height:22.4px;\">\r\n<td style=\"border-width:2px;padding:8px;border-color:rgb(22,145,121);height:22.4px;\">Chức năng bổ sung</td>\r\n<td style=\"border-width:2px;padding:8px;border-color:rgb(22,145,121);height:22.4px;\">ngừa cao huyết áp, xơ vữa động mạch</td>\r\n</tr>\r\n<tr style=\"height:22.4px;\">\r\n<td style=\"border-width:2px;padding:8px;border-color:rgb(22,145,121);height:22.4px;\">Kho hàng</td>\r\n<td style=\"border-width:2px;padding:8px;border-color:rgb(22,145,121);height:22.4px;\">48</td>\r\n</tr>\r\n</tbody>\r\n</table>\r\n<p style=\"line-height:2;\">Công dụng: Giúp hỗ trợ tuần hoàn, bảo vệ tim mạch, ngăn ngừa các bệnh về tim mạch, cao huyết áp, xơ vữa động mạch, bảo vệ tế bào thần kinh não, tăng trí nhớ, bổ mắt, làm đẹp da. Liều dùng: Người lớn uống 3v/ ngày chia làm 3 lần sau ăn, trẻ em dùng theo chỉ định của bác sỹ Bảo quản: Nơi khô ráo, nhiệt độ 20-25oC, để xa tầm với của trẻ em.</p>\r\n<p style=\"line-height:2;\">Chú ý: Sản phẩm này không phải là thuốc và không có tác dụng thay thế thuốc chữa bệnh. Đóng gói: 120-200v </p>\r\n<p style=\"line-height:2;\">Hạn sử dụng: Xem trong phân loại sản phẩm Xuất xứ: Puritan\'s Pride Mỹ</p>', 1070000, 977000, 865, '[\"9\"]', 1, 0, NULL, 4, 3, '2023-01-25 14:24:30', '2023-01-26 16:26:53', 0),
(53, 'Viên uống bổ sung Puritan\'s Pride - Vitamin C 500mg', 'Viên uống bổ sung Puritan\'s Pride - Vitamin C 500mg 500ml', 9, 3, 'Puritan\'s Pride', '<p> </p>\r\n<table style=\"border-collapse:collapse;width:99.9629%;border-width:2px;border-spacing:8px;border-color:rgb(22,145,121);height:201.6px;\" border=\"1\"><colgroup><col style=\"width:49.9072%;\" /><col style=\"width:49.9072%;\" /></colgroup>\r\n<tbody>\r\n<tr style=\"height:22.4px;\">\r\n<td style=\"border-width:2px;padding:8px;border-color:rgb(22,145,121);height:22.4px;\">Thương hiệu</td>\r\n<td style=\"border-width:2px;padding:8px;border-color:rgb(22,145,121);height:22.4px;\">Puritan\'s Pride</td>\r\n</tr>\r\n<tr style=\"height:22.4px;\">\r\n<td style=\"border-width:2px;padding:8px;border-color:rgb(22,145,121);height:22.4px;\">Lứa tuổi</td>\r\n<td style=\"border-width:2px;padding:8px;border-color:rgb(22,145,121);height:22.4px;\">Người lớn</td>\r\n</tr>\r\n<tr style=\"height:22.4px;\">\r\n<td style=\"border-width:2px;padding:8px;border-color:rgb(22,145,121);height:22.4px;\">Xuất xứ</td>\r\n<td style=\"border-width:2px;padding:8px;border-color:rgb(22,145,121);height:22.4px;\">Mỹ</td>\r\n</tr>\r\n<tr style=\"height:22.4px;\">\r\n<td style=\"border-width:2px;padding:8px;border-color:rgb(22,145,121);height:22.4px;\">Thể tích</td>\r\n<td style=\"border-width:2px;padding:8px;border-color:rgb(22,145,121);height:22.4px;\">500ml</td>\r\n</tr>\r\n<tr style=\"height:44.8px;\">\r\n<td style=\"border-width:2px;padding:8px;border-color:rgb(22,145,121);height:44.8px;\">Loại Da</td>\r\n<td style=\"border-width:2px;padding:8px;border-color:rgb(22,145,121);height:44.8px;\">Mọi loại da, Dầu, Da mụn trứng cá, Nhạy cảm, Khô</td>\r\n</tr>\r\n<tr style=\"height:44.8px;\">\r\n<td style=\"border-width:2px;padding:8px;border-color:rgb(22,145,121);height:44.8px;\">Loại dinh dưỡng</td>\r\n<td style=\"border-width:2px;padding:8px;border-color:rgb(22,145,121);height:44.8px;\">Antioxident, Vitamin C</td>\r\n</tr>\r\n<tr style=\"height:22.4px;\">\r\n<td style=\"border-width:2px;padding:8px;border-color:rgb(22,145,121);height:22.4px;\">Chức năng bổ sung</td>\r\n<td style=\"border-width:2px;padding:8px;border-color:rgb(22,145,121);height:22.4px;\">Tim mạch &amp; huyết áp, Khả năng miễn dịch, Khớp, cơ bắp &amp; Xương, Ngừa viêm thâm mụn</td>\r\n</tr>\r\n</tbody>\r\n</table>\r\n<p class=\"irIKAp\">Công dụng: Bổ sung vitamin C cho cơ thể tăng cường sức đề kháng, tăng sức bền thành mạch, ngừa viêm thâm làm đẹp da.</p>\r\n<p class=\"irIKAp\">Hạn sử dụng: Xem trong phân loại sản phẩm</p>\r\n<p class=\"irIKAp\">Hướng dẫn sử dụng</p>\r\n<p class=\"irIKAp\">Người lớn: Uống 3 lần / ngày, mỗi lần uống 1 viên, uống trong bữa ăn, hoặc theo chỉ dẫn chuyên môn.</p>\r\n<p class=\"irIKAp\">Trẻ em từ 10-18 tuổi:</p>\r\n<p class=\"irIKAp\">Uống 1 viên mỗi ngày với bữa ăn, hoặc theo quy định chuyên môn.</p>\r\n<p class=\"irIKAp\">Bảo quản: Để nơi khô ráo, tránh ánh nắng mặt trời, nhiệt độ dưới 22’C. Vặn chặt nắp sau khi sử dụng, tốt nhất để trong ngăn mát tủ lạnh</p>\r\n<p class=\"irIKAp\">Khuyến cáo: Sản phẩm này không phải là thuốc và không có tác dụng thay thế thuốc chữa bệnh.</p>\r\n<p class=\"irIKAp\">Nhà sản xuất: Puritan’s Pride Inc</p>\r\n<p class=\"irIKAp\">Xuất xứ: New York, USA</p>', 385000, 349000, 257, '[\"9\"]', 1, 0, NULL, 4, 3, '2023-01-26 17:00:00', '2023-01-27 09:45:25', 0),
(54, 'Viên uống dầu tỏi Puritan\'s Pride Odorless Garlic 1000mg', 'Viên uống dầu tỏi Puritan\'s Pride Odorless Garlic 1000mg 1L', 9, 3, 'Puritan\'s Pride', '<p>Dầu tỏi không mùi Puritan\'s Pride Odorless Garlic 1000mg 100 viên Dầu tỏi không mùi Puritan\'s Pride Odorless Garlic 1000mg chứa thành phần Alliin, Allinase và Allicin tự nhiên có tác dụng kích thích tiêu hóa, tăng cường sức đề kháng cho cơ thể, giảm nguy cơ mắc các bệnh cảm cúm do thời tiết. Đồng thời, dầu tỏi giúp giảm Cholesterol trong máu, ngăn ngừa xơ vữa động mạch. Công thức bào chế độc đáo không gây ợ mùi.</p>\r\n<table style=\"border-collapse:collapse;width:99.9629%;border-width:2px;border-spacing:8px;border-color:rgb(22,145,121);height:156.8px;\" border=\"1\"><colgroup><col style=\"width:49.9072%;\" /><col style=\"width:49.9072%;\" /></colgroup>\r\n<tbody>\r\n<tr style=\"height:22.4px;\">\r\n<td style=\"border-width:2px;padding:8px;border-color:rgb(22,145,121);height:22.4px;\">Thương hiệu</td>\r\n<td style=\"border-width:2px;padding:8px;border-color:rgb(22,145,121);height:22.4px;\">Puritan\'s Pride</td>\r\n</tr>\r\n<tr style=\"height:22.4px;\">\r\n<td style=\"border-width:2px;padding:8px;border-color:rgb(22,145,121);height:22.4px;\">Lứa tuổi</td>\r\n<td style=\"border-width:2px;padding:8px;border-color:rgb(22,145,121);height:22.4px;\">Người lớn</td>\r\n</tr>\r\n<tr style=\"height:22.4px;\">\r\n<td style=\"border-width:2px;padding:8px;border-color:rgb(22,145,121);height:22.4px;\">Xuất xứ</td>\r\n<td style=\"border-width:2px;padding:8px;border-color:rgb(22,145,121);height:22.4px;\">Mỹ</td>\r\n</tr>\r\n<tr style=\"height:22.4px;\">\r\n<td style=\"border-width:2px;padding:8px;border-color:rgb(22,145,121);height:22.4px;\">Thể tích</td>\r\n<td style=\"border-width:2px;padding:8px;border-color:rgb(22,145,121);height:22.4px;\">1000ml</td>\r\n</tr>\r\n<tr style=\"height:22.4px;\">\r\n<td style=\"border-width:2px;padding:8px;border-color:rgb(22,145,121);height:22.4px;\">Loại dinh dưỡng</td>\r\n<td style=\"border-width:2px;padding:8px;border-color:rgb(22,145,121);height:22.4px;\">odorlelss garlic, tỏi không mùi</td>\r\n</tr>\r\n<tr style=\"height:22.4px;\">\r\n<td style=\"border-width:2px;padding:8px;border-color:rgb(22,145,121);height:22.4px;\">Chức năng bổ sung</td>\r\n<td style=\"border-width:2px;padding:8px;border-color:rgb(22,145,121);height:22.4px;\">giảm Cholesterol trong máu, Dầu tỏi không mùi giúp hỗ trợ tiêu hóa, Tăng cường miễn dịch, ngừa cảm cúm, không có mùi tỏi, ngăn ngừa xơ vữa động mạch</td>\r\n</tr>\r\n<tr style=\"height:22.4px;\">\r\n<td style=\"border-width:2px;padding:8px;border-color:rgb(22,145,121);height:22.4px;\">Kho hàng</td>\r\n<td style=\"border-width:2px;padding:8px;border-color:rgb(22,145,121);height:22.4px;\">48</td>\r\n</tr>\r\n</tbody>\r\n</table>\r\n<p>Sản phẩm không phải là thuốc, không có tác dụng thay thế thuốc chữa bệnh. Dùng cho người trưởng thành. Phụ nữ đang mang thai, cho con bú, người đang dùng thuốc hoặc điều trị bệnh nên hỏi ý kiến bác sĩ trước khi sử dụng. Uống 1- 4 lần/ngày, mỗi lần 1 viên. Nên uống trong bữa ăn Bảo quản nơi khô ráo, thoáng mát, tránh ánh nắng trực tiếp và nhiệt độ cao. Để xa tầm tay trẻ em Hạn sử dụng: xem trong phân loại sp</p>', 499000, 419000, 87, '[\"10\"]', 1, 0, NULL, 4, 3, '2022-12-31 17:00:00', '2023-01-26 16:26:50', 0),
(55, 'Viên uống Puritan\'s Pride Evening Primrose Oil 500mg', 'Viên uống Puritan\'s Pride Evening Primrose Oil 500mg 500ml', 9, 3, 'Puritan\'s Pride', '<p class=\"irIKAp\">Công dụng: Giúp cân bằng nội tiết, giảm thiếu hụt nội tiết tố tuổi tiền mãn kinh; khó chịu thời kỳ tiền kinh nguyệt (PMS); cải thiện tình trạng của da, tóc, móng, mụn trứng cá, ngăn ngừa tình trạng khô hạn, bốc hỏa giúp chuyển hoá mỡ và giảm cân</p>\r\n<p class=\"irIKAp\">Liều dùng: Uống 1-6 viên/ ngày, nên uống trong khi ăn.</p>\r\n<table style=\"border-collapse:collapse;width:99.9629%;border-width:2px;border-spacing:8px;border-color:rgb(22,145,121);height:156.8px;\" border=\"1\"><colgroup><col style=\"width:49.9072%;\" /><col style=\"width:49.9072%;\" /></colgroup>\r\n<tbody>\r\n<tr style=\"height:22.4px;\">\r\n<td style=\"border-width:2px;padding:8px;border-color:rgb(22,145,121);height:22.4px;\"><strong>Thương hiệu</strong></td>\r\n<td style=\"border-width:2px;padding:8px;border-color:rgb(22,145,121);height:22.4px;\">Puritan\'s Pride</td>\r\n</tr>\r\n<tr style=\"height:22.4px;\">\r\n<td style=\"border-width:2px;padding:8px;border-color:rgb(22,145,121);height:22.4px;\"><strong>Lứa tuổi</strong></td>\r\n<td style=\"border-width:2px;padding:8px;border-color:rgb(22,145,121);height:22.4px;\">Người lớn</td>\r\n</tr>\r\n<tr style=\"height:22.4px;\">\r\n<td style=\"border-width:2px;padding:8px;border-color:rgb(22,145,121);height:22.4px;\"><strong>Xuất xứ</strong></td>\r\n<td style=\"border-width:2px;padding:8px;border-color:rgb(22,145,121);height:22.4px;\">Mỹ</td>\r\n</tr>\r\n<tr style=\"height:22.4px;\">\r\n<td style=\"border-width:2px;padding:8px;border-color:rgb(22,145,121);height:22.4px;\"><strong>Thể tích</strong></td>\r\n<td style=\"border-width:2px;padding:8px;border-color:rgb(22,145,121);height:22.4px;\">500ml</td>\r\n</tr>\r\n<tr style=\"height:22.4px;\">\r\n<td style=\"border-width:2px;padding:8px;border-color:rgb(22,145,121);height:22.4px;\"><strong>Loại Da</strong></td>\r\n<td style=\"border-width:2px;padding:8px;border-color:rgb(22,145,121);height:22.4px;\">Mọi loại da, Dầu, Da mụn trứng cá, Khô</td>\r\n</tr>\r\n<tr style=\"height:22.4px;\">\r\n<td style=\"border-width:2px;padding:8px;border-color:rgb(22,145,121);height:22.4px;\"><strong>Chức năng bổ sung</strong></td>\r\n<td style=\"border-width:2px;padding:8px;border-color:rgb(22,145,121);height:22.4px;\">cân bằng nội tiết, ngừa mụn, đẹp da, tóc, móng, cải thiện chuyển hóa, giảm mỡ, giảm các triệu chứng tiền mãn kinh</td>\r\n</tr>\r\n<tr style=\"height:22.4px;\">\r\n<td style=\"border-width:2px;padding:8px;border-color:rgb(22,145,121);height:22.4px;\"><strong>Loại dinh dưỡng</strong></td>\r\n<td style=\"border-width:2px;padding:8px;border-color:rgb(22,145,121);height:22.4px;\">tinh dầu hoa anh thảo, evening primrose oil</td>\r\n</tr>\r\n</tbody>\r\n</table>\r\n<p class=\"irIKAp\">Hạn sử dụng: xem trong phân loại sản phẩm</p>\r\n<p class=\"irIKAp\">Bảo quản: 20-25oC</p>\r\n<p class=\"irIKAp\">Đóng gói: Lọ 100 - 120v</p>\r\n<p class=\"irIKAp\">Chú ý: Sản phẩm này không phải là thuốc và không có tác dụng thay thế thuốc chữa bệnh</p>\r\n<p class=\"irIKAp\">Nhà sản xuất: Puritan\'s Pride</p>\r\n<p class=\"irIKAp\">Địa chỉ: Rokonkoma, NY 11779 USA</p>', 44000, 380000, 562, '[\"9\"]', 1, 0, NULL, 4, 3, '2023-01-25 14:30:47', '2023-01-26 16:26:48', 0);
INSERT INTO `products` (`id`, `name`, `tittle`, `category_id`, `seller_id`, `brand`, `description`, `original_price`, `selling_price`, `qty`, `attributes`, `status`, `trending`, `other_attribute`, `average_star`, `sold`, `created_at`, `updated_at`, `del_flag`) VALUES
(56, 'Viên uống Kẽm ngừa mụn Puritan\'s Pride Zinc for acne 100v', 'Viên uống Kẽm ngừa mụn Puritan\'s Pride Zinc for acne 100v 500ml', 9, 3, 'Puritan\'s Pride', '<p>Công dụng: Bổ sung các vitamin và kẽm giúp làm sạch độc tố tích tụ dưới da để sạch mụn; hỗ trợ tăng cường miễn dịch; ngừa viêm da do mụn gây ra. Đóng gói: lọ 100 viên Liều dùng: Người lớn uống 1 viên sau ăn trưa + 1 viên sau ăn tối. Không được dùng quá liều lượng quy định. Hãng sản xuất: Puritan\'s Pride Inc Xuất xứ: New York, USA Đối tượng sử dụng: Người bị mụn trứng cá, viêm da, người muốn cải thiện hệ miễn dịch. Chú ý: Sản phẩm không phải là thuốc và không có tác dụng thay thế thuốc chữa bệnh. Để xa tầm với của trẻ em</p>\r\n<table style=\"border-collapse:collapse;width:99.9629%;border-width:2px;border-spacing:8px;border-color:rgb(22,145,121);height:156.8px;\" border=\"1\"><colgroup><col style=\"width:49.9072%;\" /><col style=\"width:49.9072%;\" /></colgroup>\r\n<tbody>\r\n<tr style=\"height:22.4px;\">\r\n<td style=\"border-width:2px;padding:8px;border-color:rgb(22,145,121);height:22.4px;\"><strong>Thương hiệu</strong></td>\r\n<td style=\"border-width:2px;padding:8px;border-color:rgb(22,145,121);height:22.4px;\">Puritan\'s Pride</td>\r\n</tr>\r\n<tr style=\"height:22.4px;\">\r\n<td style=\"border-width:2px;padding:8px;border-color:rgb(22,145,121);height:22.4px;\"><strong>Lứa tuổi</strong></td>\r\n<td style=\"border-width:2px;padding:8px;border-color:rgb(22,145,121);height:22.4px;\">Người lớn</td>\r\n</tr>\r\n<tr style=\"height:22.4px;\">\r\n<td style=\"border-width:2px;padding:8px;border-color:rgb(22,145,121);height:22.4px;\"><strong>Xuất xứ</strong></td>\r\n<td style=\"border-width:2px;padding:8px;border-color:rgb(22,145,121);height:22.4px;\">Mỹ</td>\r\n</tr>\r\n<tr style=\"height:22.4px;\">\r\n<td style=\"border-width:2px;padding:8px;border-color:rgb(22,145,121);height:22.4px;\"><strong>Thể tích</strong></td>\r\n<td style=\"border-width:2px;padding:8px;border-color:rgb(22,145,121);height:22.4px;\">500ml</td>\r\n</tr>\r\n<tr style=\"height:22.4px;\">\r\n<td style=\"border-width:2px;padding:8px;border-color:rgb(22,145,121);height:22.4px;\"><strong>Loại Da</strong></td>\r\n<td style=\"border-width:2px;padding:8px;border-color:rgb(22,145,121);height:22.4px;\">Mọi loại da, Dầu, Da mụn trứng cá, Khô</td>\r\n</tr>\r\n<tr style=\"height:22.4px;\">\r\n<td style=\"border-width:2px;padding:8px;border-color:rgb(22,145,121);height:22.4px;\"><strong>Chức năng bổ sung</strong></td>\r\n<td style=\"border-width:2px;padding:8px;border-color:rgb(22,145,121);height:22.4px;\">làm sạch mụn, ngừa viêm da, giảm mụn, tăng cường miễn dịch, bổ sung vitamin giúp thải độc tố dưới da</td>\r\n</tr>\r\n<tr style=\"height:22.4px;\">\r\n<td style=\"border-width:2px;padding:8px;border-color:rgb(22,145,121);height:22.4px;\"><strong>Thành Phần</strong></td>\r\n<td style=\"border-width:2px;padding:8px;border-color:rgb(22,145,121);height:22.4px;\">tinh chất trường xuân, Vitamin A, C, E, D, B6, kẽm rosehips</td>\r\n</tr>\r\n</tbody>\r\n</table>\r\n<p>#Kẽm được xem là một trong những khoáng chất quan trọng nhất trong cơ thể, đặc biệt là đối với làn da. Nhiều nghiên cứu cho thấy, biểu hiện rõ ràng nhất ở những người có lượng kẽm thấp thường là #mụn #trứng #cá.</p>\r\n<p>Vì khi thiếu kẽm, sức đề kháng và miễn dịch của cơ thể giảm, vết thương sẽ khó lành, giảm chức năng của hấu hết tế bào miễn dịch đồng thời làm gia tăng cho sự chuyển đổi hormone Testosterone thành Dihydro Testosteron, tức làm tăng tiết bã nhờn quá mức và sừng hóa nang lông, nguyên nhân chính gây ra mụn. Các bác sĩ khuyên rằng, nếu muốn sạch mụn tận gốc, người bị mụn nên bổ sung cho cơ thể một lượng kẽm phù hợp. Vì khi bổ sung lượng kẽm thiếu hụt vào cơ thể sẽ làm hệ miễn dịch gia tăng, giúp vết thương mau lành, lượng bã nhờn tiết ra ít hơn đồng thời kìm hãm quá trình sừng hóa nang lông, vốn là những nguyên nhân chủ yếu gây nên mụn. Viên uống kẽm #ngừa mụn Puritan\'s Pride Premium #Zinc #For #Acne là sự kết hợp chất chống oxy hóa của vitamin #A, #C, #E và #B6 giúp chống lại tế bào gốc tự do gây hại trong tất cả các tế bào của cơ thể, giúp tăng trưởng các tế bào mới, cho các mô da khỏe mạnh. Vitamin C giúp sản sinh #Collagen, cho da mịn màng căng bóng.</p>\r\n<p> </p>', 299000, 199000, 164, '[\"9\"]', 1, 0, NULL, 4, 3, '2022-12-31 17:00:00', '2023-01-27 09:45:46', 0),
(57, 'Viên uống DHC Biotin ngăn rụng tóc, hỗ trợ mọc tóc Biotin', 'Viên uống DHC Biotin ngăn rụng tóc, hỗ trợ mọc tóc Biotin', 9, 3, 'DHC', '<p class=\"irIKAp\" style=\"line-height:2;text-align:justify;\">Viên uống DHC Biotin ngăn rụng tóc, hỗ trợ mọc tóc Sustained Release Biotin gói 30 viên (30 Ngày)</p>\r\n<p class=\"irIKAp\" style=\"line-height:2;text-align:justify;\">Bổ sung biotin chính là một phương pháp hữu ích để giúp cơ thể tránh gặp phải tình trạng rụng tóc, viêm da dị ứng. Viên uống biotin DHC Sustained Release Biotin bổ sung hữu hiệu 500μg biotin mỗi ngày cho mái tóc và làn da khỏe đẹp.</p>\r\n<p class=\"irIKAp\" style=\"line-height:2;text-align:justify;\">Giới thiệu về viên uống biotin DHC Nhật Bản</p>\r\n<p class=\"irIKAp\" style=\"line-height:2;text-align:justify;\">Biotin là một loại chất dinh dưỡng thiết yếu được phân loại vào nhóm vitamin B và còn được gọi là \"vitamin H\" hoặc \"vitamin B7\", đóng các vai trò khác nhau trong cơ thể như chuyển hóa đường, lipid và axit amin. Đặc biệt, biotin tham gia sâu vào việc duy trì sức khỏe làn da, niêm mạc, sự phát triển của móng tay và tóc. Nếu thiếu biotin thì cơ thể sẽ xuất hiện các triệu chứng về da như viêm da dị ứng và rụng tóc.</p>\r\n<p class=\"irIKAp\" style=\"line-height:2;text-align:justify;\">Vì biotin có trong nhiều loại thực phẩm và cũng được tạo ra bởi vi khuẩn đường ruột nên về cơ bản đây là một chất dinh dưỡng hiếm khi bị thiếu hụt. Tuy nhiên, lối sống không đều đặn, thói quen ăn uống không cân bằng, hút thuốc, uống rượu sẽ làm lương biotin giảm đi. Ngoài ra, vì biotin tan trong nước nên nó sẽ nhanh chóng được đào thải ra khỏi cơ thể sau khi uống.</p>\r\n<p class=\"irIKAp\" style=\"line-height:2;text-align:justify;\">Viên uống bổ sung biotin của DHC sử dụng thành phần hydroxypropyl methylcellulose (HPMC), tạo thành cấu trúc giống như gel khi hòa tan và được tạo thành công thức giải phóng bền vững (giải phóng dần dần theo thời gian *).</p>\r\n<p class=\"irIKAp\" style=\"line-height:2;text-align:justify;\">Trong đó các thành phần được phân tán trong cơ sở (HPMC) và giải phóng từ từ. Các thành phần hữu ích dần dần được giải phóng, tính bền vững trong cơ thể có thể được nâng cao so với các sản phẩm thông thường. Sản phẩm bổ sung 500μg* biotin mỗi ngày giúp bạn có mái tóc và làn da khỏe đẹp.</p>\r\n<p class=\"irIKAp\" style=\"line-height:2;text-align:justify;\">*Theo hướng dẫn lượng hằng ngày.</p>\r\n<p class=\"irIKAp\" style=\"line-height:2;text-align:justify;\">Sản phẩm còn được gọi bằng nhiều cái tên khác như: viên uống trị rụng tóc, viên uống ngăn rụng tóc, viên biotin trị rụng tóc, viên mọc tóc,...</p>\r\n<p class=\"irIKAp\" style=\"line-height:2;text-align:justify;\">Cách nhận biết viên biotin trị rụng tóc DHC của Nhật chính hãng</p>\r\n<p class=\"irIKAp\" style=\"line-height:2;text-align:justify;\">Viên uống ngăn rụng tóc DHC Biotin được đóng trong gói dạng túi zip, chia theo thời gian 30 ngày. Với đặc điểm này, bạn có thể dễ dàng đem sản phẩm theo bên người dù đi đâu, và cũng dễ dàng chia liệu trình sử dụng hợp lý với nhu cầu cá nhân.</p>\r\n<p class=\"irIKAp\" style=\"line-height:2;text-align:justify;\">Công dụng của viên uống DHC ngăn rụng tóc</p>\r\n<p class=\"irIKAp\" style=\"line-height:2;text-align:justify;\">Biotin được biết đến như một loại vitamin làm đẹp có liên quan sâu sắc đến sức khỏe của da và niêm mạc. Viên uống DHC Sustained Release Biotin bổ sung hữu hiệu hàm lượng biotin để tham gia vào quá trình tổng hợp keratin - loại protein cơ bản tạo nên cấu trúc tóc.</p>\r\n<p class=\"irIKAp\" style=\"line-height:2;text-align:justify;\">Bổ sung viên uống biotin DHC mỗi ngày giúp bạn có mái tóc chắc khỏe, hạn chế được tình trạng gãy rụng và có thể giúp mọc tóc.</p>\r\n<p class=\"irIKAp\" style=\"line-height:2;text-align:justify;\">Công dụng viên uống biotin DHC:</p>\r\n<p class=\"irIKAp\" style=\"line-height:2;text-align:justify;\">Hỗ trợ mọc tóc</p>\r\n<p class=\"irIKAp\" style=\"line-height:2;text-align:justify;\">Ngăn rụng tóc do dị ứng, viêm da cơ địa</p>\r\n<p class=\"irIKAp\" style=\"line-height:2;text-align:justify;\">Làm đẹp da</p>\r\n<p class=\"irIKAp\" style=\"line-height:2;text-align:justify;\">Tăng cường thể lực</p>\r\n<p class=\"irIKAp\" style=\"line-height:2;text-align:justify;\">Ưu điểm của viên biotin DHC:</p>\r\n<p class=\"irIKAp\" style=\"line-height:2;text-align:justify;\">Viên uống DHC Sustained Release Biotin là viên nén giải phóng có kiểm soát.</p>\r\n<p class=\"irIKAp\" style=\"line-height:2;text-align:justify;\">Biotin thông thường tan trong nước nên nó sẽ nhanh chóng được đào thải ra khỏi cơ thể sau khi uống. Tuy nhiên, viên nén của DHC sẽ giải phóng biotin từ từ trong suốt thời gian đi vào cơ thể nhằm kéo dài tác dụng của dưỡng chất.</p>\r\n<p class=\"irIKAp\" style=\"line-height:2;text-align:justify;\">Thành phần viên uống biotin DHC</p>\r\n<p class=\"irIKAp\" style=\"line-height:2;text-align:justify;\">Mỗi viên nén có chứa:</p>\r\n<p class=\"irIKAp\" style=\"line-height:2;text-align:justify;\">Biotin 500μg.</p>\r\n<p class=\"irIKAp\" style=\"line-height:2;text-align:justify;\">Phụ liệu: cellulose, bột đường, hydroxymethylcellulose, calci stearate, silicon dioxide microparticles vừa đủ 1 viên.</p>\r\n<p class=\"irIKAp\" style=\"line-height:2;text-align:justify;\">Đối tượng sử dụng:</p>\r\n<p class=\"irIKAp\" style=\"line-height:2;text-align:justify;\">Người muốn duy trì sức khỏe của tóc và da</p>\r\n<p class=\"irIKAp\" style=\"line-height:2;text-align:justify;\">Người muốn bổ sung hàm lượng biotin hiệu quả</p>\r\n<p class=\"irIKAp\" style=\"line-height:2;text-align:justify;\">Người không thể dùng bổ sung biotin thường xuyên qua bữa ăn hằng ngày</p>\r\n<p class=\"irIKAp\" style=\"line-height:2;text-align:justify;\">Người muốn nâng cao sức khỏe</p>\r\n<p class=\"irIKAp\" style=\"line-height:2;text-align:justify;\">Hướng dẫn sử dụng viên uống DHC Biotin</p>\r\n<p class=\"irIKAp\" style=\"line-height:2;text-align:justify;\">Cách dùng: Uống 1 viên/ngày. Uống với nước hoặc nước ấm. Không nhai.</p>', 160000, 135000, 455, '[]', 1, 0, NULL, 4, 3, '2023-01-25 14:40:10', '2023-01-27 09:46:09', 0),
(58, 'Viên uống Mầm đậu nành DHC cân bằng nội tiết tố', 'Viên uống Mầm đậu nành DHC cân bằng nội tiết tố', 9, 3, 'DHC', '<p class=\"irIKAp\" style=\"text-align:justify;line-height:2;\">Viên uống Mầm đậu nành DHC giúp đẹp da, cân bằng nội tiết tố gói 40 viên (20 ngày)</p>\r\n<p class=\"irIKAp\" style=\"text-align:justify;line-height:2;\">Viên uống mầm đậu nành DHC Soy Isoflavone Absorption Type hỗ trợ cải thiện sinh lý cho phụ nữ độ tuổi trung niên, giúp chị em khỏe mạnh thanh thoát mỗi ngày.</p>\r\n<p class=\"irIKAp\" style=\"text-align:justify;line-height:2;\">- Thông tin chung:</p>\r\n<p class=\"irIKAp\" style=\"text-align:justify;line-height:2;\">Thành phần Isoflavone chiết xuất từ đậu nành có tác dụng hỗ trợ bổ sung, cân bằng nội tiết tố nữ, chống oxy hóa, hạn chế lão hóa và giúp da khỏe đẹp. Sản phẩm phù hợp với phụ nữ trung niên, mãn kinh, tiền mãn kinh có nhu cầu cải thiện sắc đẹp và sinh lý nữ.</p>\r\n<p class=\"irIKAp\" style=\"text-align:justify;line-height:2;\">Cơ thể phụ nữ thường có cơ chế hoạt động phức tạp nên khá dễ bị mất cân bằng sinh lý. Một số nguyên nhân dẫn đến mất cân bằng sinh lý ở phụ nữ là: rối loạn chu kỳ kinh nguyệt, xuống sức do tuổi tác, stress, hay thay đổi giờ giấc sinh hoạt,…</p>\r\n<p class=\"irIKAp\" style=\"text-align:justify;line-height:2;\">Viên uống mầm đậu nành DHC Soy Isoflavone Absorption Type có chứa isoflavone dạng dễ hấp thụ được chiết xuất từ đậu nành. Isoflavone chiết xuất đậu nành đã được nhiều người biết tới với tác dụng hỗ trợ cân bằng nội tiết tố nữ, giúp chị em khỏe mạnh thanh thoát mỗi ngày.</p>\r\n<p class=\"irIKAp\" style=\"text-align:justify;line-height:2;\">Isoflavone có 2 thể: thể IFA (Aglycones) và thể IFG (Glucosides). Thể IFG có thêm phần phân tử đường Gluco nên khá cồng kềnh và khó hấp thụ khi đi vào cơ thể. Còn thể IFA đã được loại bỏ phần đường, vì thế nó có kích thước phân tử nhỏ hơn hẳn và dễ hấp thụ hơn. Các nghiên cứu kiểm nghiệm lâm sàng cũng đã chỉ ra rằng thể IFA dễ hấp thụ hơn hẳn thể IFG. Sản phẩm Isoflavone Absorption Type của DHC đã sử dụng thể dễ hấp thụ IFA.</p>\r\n<p class=\"irIKAp\" style=\"text-align:justify;line-height:2;\">Ngoài thành phần isoflavone, viên uống còn được phối trộn thêm các thành phần lactose lên men (chứa acid lactobionic), chiết xuất hoa bia (humulus lupulus), chiết xuất hạt lanh (linum usitatissimum), vitamin D3, acid folic là những thành phần bổ trợ rất tốt cho sức khỏe và sắc đẹp của nữ giới.</p>\r\n<p class=\"irIKAp\" style=\"text-align:justify;line-height:2;\">- Khuyên dùng cho đối tượng khách hàng:</p>\r\n<p class=\"irIKAp\" style=\"text-align:justify;line-height:2;\">Phụ nữ trung niên, mãn kinh, tiền mãn kinh</p>\r\n<p class=\"irIKAp\" style=\"text-align:justify;line-height:2;\">Phụ nữ có dấu hiệu xuống sức do tuổi tác</p>\r\n<p class=\"irIKAp\" style=\"text-align:justify;line-height:2;\">Phụ nữ muốn cải thiện sắc đẹp và trẻ hóa làn da</p>\r\n<p class=\"irIKAp\" style=\"text-align:justify;line-height:2;\">Phụ nữ muốn cải thiện sinh lý, điều hòa kinh nguyệt</p>\r\n<p class=\"irIKAp\" style=\"text-align:justify;line-height:2;\">- Công dụng</p>\r\n<p class=\"irIKAp\" style=\"text-align:justify;line-height:2;\">Hỗ trợ cân bằng nội tiết tố nữ, nhờ đó đẩy lùi các triệu chứng khó chịu do tình trạng mất cân bằng nội tiết tố nữ gây ra.</p>\r\n<p class=\"irIKAp\" style=\"text-align:justify;line-height:2;\">Ngăn chặn quá trình lão hóa giúp làn da thêm săn chắc, khỏe đẹp.</p>\r\n<p class=\"irIKAp\" style=\"text-align:justify;line-height:2;\">- Thành phần</p>\r\n<p class=\"irIKAp\" style=\"text-align:justify;line-height:2;\">Isoflavone từ đậu nành (aglycone): 25 mg</p>\r\n<p class=\"irIKAp\" style=\"text-align:justify;line-height:2;\">Đường lactose lên men (chứa axit lactobionic): 185 mg (tương đương 83mg axit lactobionic)</p>\r\n<p class=\"irIKAp\" style=\"text-align:justify;line-height:2;\">Chiết xuất hoa bia: 10 mg</p>\r\n<p class=\"irIKAp\" style=\"text-align:justify;line-height:2;\">Chiết xuất hạt lanh: 5 mg (tương đương 40% lignan)</p>\r\n<p class=\"irIKAp\" style=\"text-align:justify;line-height:2;\">Folic acid: 200 μg</p>\r\n<p class=\"irIKAp\" style=\"text-align:justify;line-height:2;\">Vitamin D: 5,0 μg</p>\r\n<p class=\"irIKAp\" style=\"text-align:justify;line-height:2;\">- Cách dùng: Uống 2 viên/ngày. Uống với nước hoặc nước ấm. Không nhai viên.</p>\r\n<p class=\"irIKAp\" style=\"text-align:justify;line-height:2;\">- Lưu ý:</p>\r\n<p class=\"irIKAp\" style=\"text-align:justify;line-height:2;\">Sản phẩm này không phải là thuốc và không có tác dụng thay thế thuốc chữa bệnh.</p>\r\n<p class=\"irIKAp\" style=\"text-align:justify;line-height:2;\">Có thể dùng sản phẩm vào bất cứ lúc nào. Tuy nhiên, để cơ thể hấp thụ viên uống được tốt nhất thì hãy dùng sau bữa ăn.</p>\r\n<p class=\"irIKAp\" style=\"text-align:justify;line-height:2;\">Tuân theo liều lượng được khuyến nghị mỗi ngày.</p>\r\n<p class=\"irIKAp\" style=\"text-align:justify;line-height:2;\">Ngừng uống khi phát hiện có dấu hiệu bất thường.</p>\r\n<p class=\"irIKAp\" style=\"text-align:justify;line-height:2;\">Không sử dụng nếu bị dị ứng với bất kì thành phần nào của sản phẩm.</p>\r\n<p class=\"irIKAp\" style=\"text-align:justify;line-height:2;\">Không dùng cho phụ nữ đang mang thai, đang cho con bú, trẻ vị thành niên.</p>\r\n<p class=\"irIKAp\" style=\"text-align:justify;line-height:2;\">Người đang chữa trị bệnh cần tham vấn ý kiến của bác sĩ.</p>\r\n<p class=\"irIKAp\" style=\"text-align:justify;line-height:2;\">Bảo quản nơi khô ráo, thoáng mát, tránh ánh nắng mặt trời, nhiệt độ và độ ẩm cao.</p>\r\n<p class=\"irIKAp\" style=\"text-align:justify;line-height:2;\">Để xa tầm tay trẻ em. Đóng gói cẩn thận sau khi dùng và uống ngay sau khi mở gói.</p>', 350000, 299000, 560, '[]', 1, 0, NULL, 4, 3, '2023-01-25 14:41:16', '2023-01-27 09:46:32', 0),
(59, 'Viên uống Bổ sung Kẽm ZinC DHC', 'Viên uống Bổ sung Kẽm ZinC DHC', 9, 3, 'DHC', '<p class=\"irIKAp\" style=\"text-align:justify;line-height:2;\"><strong>Viên uống Bổ sung Kẽm ZinC DHC</strong></p>\r\n<p class=\"irIKAp\" style=\"text-align:justify;line-height:2;\">Thông tin chung</p>\r\n<p class=\"irIKAp\" style=\"text-align:justify;line-height:2;\">Kẽm là một trong những khoáng chất thiết yếu cho các hoạt động sống của cơ thể nhưng cơ thể lại không tự sản sinh ra kẽm được nên bắt buộc phải bổ sung qua đường ăn uống. Viên uống kẽm DHC Zinc bổ sung hữu hiệu 15mg kẽm cần thiết cho cơ thể khỏe mạnh.</p>\r\n<p class=\"irIKAp\" style=\"text-align:justify;line-height:2;\">Thực phẩm này không phải là thuốc và không có tác dụng thay thế thuốc chữa bệnh.</p>\r\n<p class=\"irIKAp\" style=\"text-align:justify;line-height:2;\">Giới thiệu về viên uống DHC kẽm</p>\r\n<p class=\"irIKAp\" style=\"text-align:justify;line-height:2;\">Kẽm là một loại khoáng thiết yếu không thể thiếu cho các hoạt động của cơ thể chúng ta và cũng đóng vai trò quan trọng trong việc điều tiết cân bằng thể lực.</p>\r\n<p class=\"irIKAp\" style=\"text-align:justify;line-height:2;\">Theo thống kê của Bộ y tế Nhật Bản thì lượng kẽm một người trưởng thành đưa vào cơ thể qua đường ăn uống chỉ có 7~10mg*. Tuy nhiên, cơ thể rất dễ thiếu hụt kẽm khi bạn có chế độ ăn uống mất cân bằng mà cơ thể lại không tự tổng hợp được.</p>\r\n<p class=\"irIKAp\" style=\"text-align:justify;line-height:2;\">Viên uống DHC Zinc là một sản phẩm thực phẩm chức năng bổ sung hiệu quả khoáng kẽm cho cơ thể. Ngoài ra, sản phẩm còn được bổ sung thêm thành phần selen và crom cũng là những khoáng chất thiết yếu.</p>\r\n<p class=\"irIKAp\" style=\"text-align:justify;line-height:2;\">*Theo tiêu chuẩn hấp thu qua đường ăn uống của người Nhật Bản (năm 2015)</p>\r\n<p class=\"irIKAp\" style=\"text-align:justify;line-height:2;\">Công dụng của viên kẽm DHC</p>\r\n<p class=\"irIKAp\" style=\"text-align:justify;line-height:2;\">Viên kẽm DHC là thực phẩm chức năng đáp ứng đầy đủ các tiêu chuẩn chất lượng với công dụng chính là bổ sung hữu hiệu hàm lượng kẽm cần thiết cho cơ thể. Hàm lượng kẽm này sẽ tham gia vào quá trình điều chỉnh tình trạng sức khỏe, trở thành nhân tố không thể thiếu cho các hoạt động sống của cơ thể.</p>\r\n<p class=\"irIKAp\" style=\"text-align:justify;line-height:2;\">Ngoài ra, kẽm cũng tham gia vào quá trình tổng hợp hóc môn sinh dục và được cơ thể phân phối nhiều tới tuyến tiền liệt của nam giới nên khi thiếu kẽm cũng sẽ dẫn đến suy yếu khả năng sinh sản.</p>\r\n<p class=\"irIKAp\" style=\"text-align:justify;line-height:2;\">Việc thiếu kẽm còn dẫn đến suy nhược cơ thể và chứng “bệnh vị giác”* gần đây có xu hướng gia tăng trong giới trẻ. Móng, tóc, da tái tạo được một cách trơn tru cũng là nhờ có kẽm.</p>\r\n<p class=\"irIKAp\" style=\"text-align:justify;line-height:2;\">Nếu bạn là người dễ mất cân bằng trong ăn uống, bạn đang ăn kiêng, bạn muốn tăng cường sinh lực phái mạnh, hãy dùng viên kẽm 1 viên mỗi ngày! </p>\r\n<p class=\"irIKAp\" style=\"text-align:justify;line-height:2;\">*Ăn gì cũng không cảm thấy ngon, ăn món khác nhau nhưng lại cảm thấy cùng một vị…là những dấu hiệu của “bệnh vị giác”</p>\r\n<p class=\"irIKAp\" style=\"text-align:justify;line-height:2;\">Thành phần</p>\r\n<p class=\"irIKAp\" style=\"text-align:justify;line-height:2;\">Thành phần thực phẩm chức năng bổ sung kẽm DHC</p>\r\n<p class=\"irIKAp\" style=\"text-align:justify;line-height:2;\">Mỗi viên kẽm có chứa:</p>\r\n<p class=\"irIKAp\" style=\"text-align:justify;line-height:2;\">Kẽm gluconat: 120mg (tương đương 15mg kẽm)</p>\r\n<p class=\"irIKAp\" style=\"text-align:justify;line-height:2;\">Chiết xuất nấm men (0,2% crôm): 30mg</p>\r\n<p class=\"irIKAp\" style=\"text-align:justify;line-height:2;\">Chiết xuất nấm men (0,2% selen): 25mg</p>\r\n<p class=\"irIKAp\" style=\"text-align:justify;line-height:2;\">Phụ liệu: cellulose vi tinh thể, ester acid béo glycerin, silicon dioxide, gelatin, caramel, titan dioxide vừa đủ 1 viên.</p>', 210000, 188000, 781, '[]', 1, 0, NULL, 4, 3, '2023-01-25 14:42:50', '2023-01-27 09:47:21', 0),
(60, 'Viên uống Rau củ DHC chứa 32 loại rau củ, giảm nóng', 'Viên uống Rau củ DHC chứa 32 loại rau củ, giảm nóng', 9, 3, 'DHC', '<p class=\"irIKAp\" style=\"text-align:justify;line-height:2;\">Viên uống Rau củ DHC chứa 32 loại rau củ, giảm táo bón, giảm nóng trong</p>\r\n<p class=\"irIKAp\" style=\"text-align:justify;line-height:2;\">Thông tin chung</p>\r\n<p class=\"irIKAp\" style=\"text-align:justify;line-height:2;\">Nhiều người có thói quen không ăn rau củ dẫn đến thiếu chất xơ khiến cho hệ tiêu hóa giảm năng suất. Viên uống rau củ DHC là sản phẩm bổ sung chất xơ từ 32 loại rau củ được trồng tại Nhật Bản của thương hiệu DHC giúp giảm táo bón, tiêu hóa khỏe mạnh.</p>\r\n<p class=\"irIKAp\" style=\"text-align:justify;line-height:2;\">Thực phẩm này không phải là thuốc và không có tác dụng thay thế thuốc chữa bệnh.</p>\r\n<p class=\"irIKAp\" style=\"text-align:justify;line-height:2;\">Giới thiệu về viên rau củ DHC</p>\r\n<p class=\"irIKAp\" style=\"text-align:justify;line-height:2;\">Theo kết quả tổng điều tra dinh dưỡng toàn quốc, mức hấp thụ rau trung bình của người dân Việt Nam là 231g/người/ngày và 140,7g quả chín/người/ngày. Hàm lượng này chỉ đạt khoảng 66,4 - 77,4% so với nhu cầu khuyến nghị.</p>\r\n<p class=\"irIKAp\" style=\"text-align:justify;line-height:2;\">Viên uống rau củ DHC Perfect Vegetable Premium Japanese Harvest chứa thành phần cô đặc từ 32 loại rau củ đặc sản Nhật Bản. Ngoài ra viên rau củ DHC còn được bổ sung thêm lợi khuẩn lactic, men và vitamin E đem lại cho bạn sự thanh thoát và trẻ trung mỗi ngày.</p>\r\n<p class=\"irIKAp\" style=\"text-align:justify;line-height:2;\">Công dụng của viên uống rau củ DHC</p>\r\n<p class=\"irIKAp\" style=\"text-align:justify;line-height:2;\">Viên uống rau củ DHC thực hiện rất tốt nhiệm vụ nâng cao sức khỏe một cách toàn diện.</p>\r\n<p class=\"irIKAp\" style=\"text-align:justify;line-height:2;\">Được cô đặc từ 32 loại rau củ tốt trồng tại Nhật Bản, viên rau củ DHC sẽ mang đến cho bạn sự chăm sóc tối ưu nhất nhờ hàm lượng chất xơ dồi dào. Nhờ đó mà cơ thể giảm được tình trạng nóng trong, khó chịu ảnh hưởng đến sức khỏe.</p>\r\n<p class=\"irIKAp\" style=\"text-align:justify;line-height:2;\">Bên cạnh đó, viên uống DHC rau củ còn được bổ sung thêm hơn 1000 tỷ nấm men và lợi khuẩn acid lactic giữ vai trò cải thiện hệ tiêu hóa. Cùng với đó là vitamin E sẽ duy trì vẻ mịn màng, khỏe mạnh cho làn da.</p>\r\n<p class=\"irIKAp\" style=\"text-align:justify;line-height:2;\">Ưu điểm viên rau củ DHC:</p>\r\n<p class=\"irIKAp\" style=\"text-align:justify;line-height:2;\">Bạn có thể dễ dàng hấp thụ đầy đủ các loại rau màu xanh, màu vàng, rau ăn lá hoặc rau ăn củ chỉ trong 1 lần uống.</p>\r\n<p class=\"irIKAp\" style=\"text-align:justify;line-height:2;\">Với những loại rau củ mà bạn khó ăn được hoặc khó chế biến thì bạn đều có cơ hội bổ sung được khi đã có viên rau củ DHC.</p>\r\n<p class=\"irIKAp\" style=\"text-align:justify;line-height:2;\">Chỉ với 4 viên uống mỗi ngày là bạn có thể cung cấp một cách đầy đủ và hiệu quả lượng dinh dưỡng cần thiết cho cơ thể, đặc biệt là đối với người thiếu rau.</p>\r\n<p class=\"irIKAp\" style=\"text-align:justify;line-height:2;\">Sản phẩm được nghiên cứu và sản xuất theo công nghệ tiên tiến, hiện đại, trải qua quá trình kiểm tra nghiêm ngặt về chất lượng, hiệu quả và an toàn với người sử dụng.</p>\r\n<p class=\"irIKAp\" style=\"text-align:justify;line-height:2;\">Viên DHC rau củ là 1 trong 3 sản phẩm bổ sung chất xơ bán chạy nhất tại Nhật Bản, được người dân Nhật Bản yêu thích và ưa chuộng sử dụng.</p>\r\n<p class=\"irIKAp\" style=\"text-align:justify;line-height:2;\">Thành phần viên uống rau củ DHC Perfect Vegetable</p>\r\n<p class=\"irIKAp\" style=\"text-align:justify;line-height:2;\">Mỗi 4 viên uống vitamin rau củ DHC có chứa</p>\r\n<p class=\"irIKAp\" style=\"text-align:justify;line-height:2;\">32 loại rau củ được trồng tại Nhật Bản bao gồm: bột cải bắp: 280mg, bột súp lơ xanh: 260mg, bột khoai lang tím: 220mg, bột hành: 220mg, bột khoai lang ngọt: 160mg, bột bí ngô: 160mg, bột ngô ngọt: 160mg, bột cải thảo: 72mg, bột cà rốt: 72mg, bột lá lúa mạch: 60mg, bột khoai tây ngọt: 12mg, bột cải Nhật: 12mg, bột rau đay: 4mg, bột bắp cải: 4mg, bột cải chân vịt: 4mg, bột lá cải củ: 4mg, khoai sọ: 4mg, bột dâu tằm: 4mg, bột tỏi: 4mg, bột tía tô trắng: 2mg, bột gừng: 2mg, bột mùi tây: 2mg, bột ngưu bàng: 2mg, bột cần tây: 2mg, bột bạch chỉ keiskei: 2mg, bột mướp đắng: 2mg, bột ngải cứu: 2mg, bột củ cải: 2mg, bột măng tây: 2mg, bột đậu tương: 2mg, bột đậu bắp: 2mg, bột củ từ: 2mg, ngô: 40mg</p>\r\n<p class=\"irIKAp\" style=\"text-align:justify;line-height:2;\">Bột thanh trùng lên men với lactobacillus và nấm men: 1mg</p>\r\n<p class=\"irIKAp\" style=\"text-align:justify;line-height:2;\">Vitamin E: 10mg.</p>\r\n<p class=\"irIKAp\" style=\"text-align:justify;line-height:2;\">Phụ liệu: celllulose, ester acid béo glycerin, silicon dioxide vừa đủ 4 viên.</p>', 450000, 399000, 357, '[]', 1, 0, NULL, 4, 3, '2023-01-01 14:44:04', '2023-01-27 09:47:15', 0),
(61, 'Viên uống bổ sung vitamin C DHC sáng da, mờ thâm', 'Viên uống bổ sung vitamin C DHC sáng da, mờ thâm', 9, 3, 'DHC', '<p class=\"irIKAp\">Viên uống bổ sung vitamin C DHC sáng da, mờ thâm và tăng cường đề kháng</p>\r\n<p class=\"irIKAp\">Thông tin chung</p>\r\n<p class=\"irIKAp\">Vitamin C là một loại vitamin thiết yếu nhưng lại dễ bị đào thải ra ngoài mà cơ thể cũng không tự tổng hợp được. Viên uống DHC Vitamin C là thực phẩm chức năng bổ sung hữu hiệu hàm lượng vitamin C cần thiết cho cơ thể lên tới 1000mg.</p>\r\n<p class=\"irIKAp\">Thực phẩm này không phải là thuốc, không có tác dụng thay thế thuốc chữa bệnh.</p>\r\n<p class=\"irIKAp\">Giới thiệu về viên uống vitamin C DHC</p>\r\n<p class=\"irIKAp\">Collagen là một thành phần cấu tạo của da, và vitamin C là hoạt chất không thể thiếu trong quá trình sản sinh collagen. Vitamin C còn là dưỡng chất có tác dụng chống oxy hóa và hỗ trợ duy trì sức khỏe của làn da và niêm mạc da. </p>\r\n<p class=\"irIKAp\">Tuy nhiên, vitamin C rất dễ bị tiêu hao trong sinh hoạt hàng ngày, đặc biệt là khi vận động, bị stress, tiếp xúc tia tử ngoại, uống rượu bia và hút thuốc lá.</p>\r\n<p class=\"irIKAp\">Thêm vào đó, vitamin C là loại vitamin hòa tan trong nước nên cơ thể không thể tích trữ lâu được, cho dù bạn có đưa vào cơ thể một lượng dư thừa vitamin C thì chỉ sau vài giờ chúng cũng bị đào thải ra khỏi cơ thể.</p>\r\n<p class=\"irIKAp\">Vì vậy việc bổ sung một lượng cố định vitamin C mỗi ngày là điều rất cần thiết. DHC Vitamin C được sản xuất với hàm lượng 1000mg vitamin C có trong 2 viên uống mỗi ngày (đây cũng là mức cao nhất theo tiêu chuẩn hiển thị thành phần dinh dưỡng của Nhật Bản). Hàm lượng này tương đương với vitamin C trong 50 trái chanh.</p>\r\n<p class=\"irIKAp\">Công dụng viên uống vitamin C DHC</p>\r\n<p class=\"irIKAp\">Hàm lượng 1000mg vitamin C dồi dào trong viên uống bổ sung vitamin C của DHC sẽ thể hiện rõ nhất là khả năng cải thiện sức khỏe, nâng cao hệ miễn dịch để. Bạn sẽ cảm thấy tràn đầy năng lượng từ bên trong, cơ thể khỏe mạnh và hạn chế bị ốm vặt như ho, cảm cúm,...</p>\r\n<p class=\"irIKAp\">Hơn nữa, viên uống Vitamin C DHC mang tới khả năng làm sáng các vết thâm do mụn để lại, chế ngự hắc tố melanin giúp trắng da, thúc đẩy quá trình tăng sinh collagen diễn ra mạnh mẽ, ngăn ngừa các dấu hiệu lão hóa xuất hiện từ bên trong.</p>\r\n<p class=\"irIKAp\">Ngoài thành phần vitamin C, sản phẩm còn được bổ sung thêm thành phần vitamin B2 cũng là thành phần hỗ trợ duy trì sức khỏe làn da và niêm mạc.</p>', 199000, 169000, 432, '[]', 1, 0, NULL, 4, 3, '2023-01-25 14:45:16', '2023-01-27 09:47:42', 1),
(62, 'Nước tẩy trang bí đao Cocoon giảm dầu 500ml', 'Nước tẩy trang bí đao Cocoon giảm dầu 500ml 500ml', 8, 3, 'Cocoon', '<p class=\"irIKAp\">Bigsize - Nước tẩy trang bí đao Cocoon tẩy sạch makeup &amp; giảm dầu 500ml</p>\r\n<p class=\"irIKAp\">Làn da dầu và mụn rất nhạy cảm nên cần được thiết kế một loại nước tẩy trang phù hợp. Với công nghệ Micellar, nước tẩy trang bí đao giúp làm sạch hiệu quả lớp trang điểm, bụi bẩn và dầu thừa, mang lại làn da sạch hoàn toàn và dịu nhẹ.</p>\r\n<table style=\"border-collapse:collapse;width:99.9629%;border-width:2px;border-spacing:8px;border-color:rgb(22,145,121);height:156.8px;\" border=\"1\"><colgroup><col style=\"width:49.9072%;\" /><col style=\"width:49.9072%;\" /></colgroup>\r\n<tbody>\r\n<tr style=\"height:22.4px;\">\r\n<td style=\"border-width:2px;padding:8px;border-color:rgb(22,145,121);height:22.4px;\"><strong>Thương hiệu</strong></td>\r\n<td style=\"border-width:2px;padding:8px;border-color:rgb(22,145,121);height:22.4px;\">cocoon</td>\r\n</tr>\r\n<tr style=\"height:22.4px;\">\r\n<td style=\"border-width:2px;padding:8px;border-color:rgb(22,145,121);height:22.4px;\"><strong>Dạng Tẩy Trang</strong></td>\r\n<td style=\"border-width:2px;padding:8px;border-color:rgb(22,145,121);height:22.4px;\">Nước tẩy trang</td>\r\n</tr>\r\n<tr style=\"height:22.4px;\">\r\n<td style=\"border-width:2px;padding:8px;border-color:rgb(22,145,121);height:22.4px;\"><strong>Loại Da</strong></td>\r\n<td style=\"border-width:2px;padding:8px;border-color:rgb(22,145,121);height:22.4px;\">Dầu, Da mụn trứng cá</td>\r\n</tr>\r\n<tr style=\"height:22.4px;\">\r\n<td style=\"border-width:2px;padding:8px;border-color:rgb(22,145,121);height:22.4px;\"><strong>Thể tích</strong></td>\r\n<td style=\"border-width:2px;padding:8px;border-color:rgb(22,145,121);height:22.4px;\">500ml</td>\r\n</tr>\r\n<tr style=\"height:22.4px;\">\r\n<td style=\"border-width:2px;padding:8px;border-color:rgb(22,145,121);height:22.4px;\"><strong>Vùng cơ thể</strong></td>\r\n<td style=\"border-width:2px;padding:8px;border-color:rgb(22,145,121);height:22.4px;\">Mặt</td>\r\n</tr>\r\n<tr style=\"height:22.4px;\">\r\n<td style=\"border-width:2px;padding:8px;border-color:rgb(22,145,121);height:22.4px;\"><strong>Xuất xứ</strong></td>\r\n<td style=\"border-width:2px;padding:8px;border-color:rgb(22,145,121);height:22.4px;\">Việt Nam</td>\r\n</tr>\r\n<tr style=\"height:22.4px;\">\r\n<td style=\"border-width:2px;padding:8px;border-color:rgb(22,145,121);height:22.4px;\"><strong>Hạn sử dụng</strong></td>\r\n<td style=\"border-width:2px;padding:8px;border-color:rgb(22,145,121);height:22.4px;\">3 năm kể từ ngày sản xuất</td>\r\n</tr>\r\n</tbody>\r\n</table>\r\n<p class=\"irIKAp\">Công dụng</p>\r\n<p class=\"irIKAp\">• Làm sạch lớp trang điểm, bụi bẩn và bã nhờn trên bề mặt da</p>\r\n<p class=\"irIKAp\">• Giúp giảm dầu trên da</p>\r\n<p class=\"irIKAp\">• Cung cấp độ ẩm cho da</p>\r\n<p class=\"irIKAp\">Thành phần chính</p>\r\n<p class=\"irIKAp\">• Bí đao: Theo sách y học cổ truyền, bí đao có đặc tính làm mát, làm giảm nhiệt, giúp ngăn ngừa mụn trứng cá</p>\r\n<p class=\"irIKAp\">• Rau má: Các hợp chất sinh học như axit asiatic, asiaticoside, axit madecassic và madecassoside có trong rau má là những chất chính giúp tăng sinh collagen cho làn da, làm dịu các vết đỏ.</p>\r\n<p class=\"irIKAp\">• Tinh dầu tràm trà: Loại tinh dầu có mùi thơm ấm áp, cay nồng giúp ngăn ngừa mụn trứng cá, vết thương, côn trùng cắn.</p>\r\n<p class=\"irIKAp\">• Betaine: là hoạt chất dưỡng ẩm được chiết xuất từ củ cải đường, có tác dụng bảo vệ tế bào da khỏi căng thẳng từ môi trường bên ngoài như bức xạ UV, ô nhiễm môi trường và tăng khả năng giữ ẩm cho da dưới tác động của nhiệt độ và khói bụi.</p>\r\n<p class=\"irIKAp\">• O-Cymen-5-Ol và Cetylpyridinium chloride: Có khả năng ngăn ngừa các tác nhân gây mụn.</p>\r\n<p class=\"irIKAp\">• NatraGem™ S150: Gồm tổ hợp chất Polyglyceryl-4 Laurate/Sebacate và Polyglyceryl-4 Caprylate/Caprate, sở hữu những ưu điểm vượt trội: có nguồn gốc 100% từ thực vật, được chứng nhận hữu cơ bởi Ecocert; có khả năng hoà tan những chất ưa dầu có trong các sản phẩm trang điểm, vì thế có khả năng làm sạch và cuốn trôi nhanh chóng lớp make up, bã nhờn và bụi bẩn trên da; khi so sánh với các chất làm sạch khác, tổ hợp chất này đã được chứng minh hạn chế gây mất nước qua da và rất an toàn trên làn da thông qua các bài test in-Vivo.</p>\r\n<p class=\"irIKAp\">Lý tưởng cho</p>\r\n<p class=\"irIKAp\">• Làn da cần tẩy sạch nhanh lớp trang điểm.</p>\r\n<p class=\"irIKAp\">• Da dầu, mụn thường xuyên trang điểm cần một sản phẩm tẩy trang phù hợp</p>\r\n<p class=\"irIKAp\">Hướng dẫn sử dụng</p>\r\n<p class=\"irIKAp\">Thấm đều sản phẩm lên bông tẩy trang, nhẹ nhàng lau khắp mặt để làm sạch lớp trang điểm và bụi bẩn. Dịu nhẹ cho vùng môi và mắt.</p>\r\n<p class=\"irIKAp\">Lượng dùng</p>\r\n<p class=\"irIKAp\">Lượng vừa đủ làm ướt 1 mặt bông tẩy trang.</p>\r\n<p class=\"irIKAp\">Kết cấu</p>\r\n<p class=\"irIKAp\">Dạng nước trong suốt không màu.</p>\r\n<p class=\"irIKAp\">Mùi hương</p>\r\n<p class=\"irIKAp\">Mùi tinh dầu tràm trà thoang thoảng.</p>\r\n<p class=\"irIKAp\">Cam kết</p>\r\n<p class=\"irIKAp\">• Không cồn</p>\r\n<p class=\"irIKAp\">• Không sulfate</p>\r\n<p class=\"irIKAp\">• Không paraben</p>\r\n<p class=\"irIKAp\">• Không dầu khoáng</p>\r\n<p class=\"irIKAp\">• Không thử nghiệm trên động vật</p>', 299000, 249000, 826, '[\"9\"]', 1, 0, NULL, 4, 3, '2023-01-01 11:46:54', '2023-01-27 11:36:57', 0),
(63, 'Nước dưỡng tóc tinh dầu bưởi Cocoon 140ml', 'Nước dưỡng tóc tinh dầu bưởi Cocoon 140ml', 8, 3, 'Cocoon', '<p class=\"irIKAp\">Với tinh dầu bưởi nguyên chất từ vỏ bưởi, kết hợp với hoạt chất Xylishine (chiết xuất từ gỗ và tảo nâu Pelvetia Canaliculata) và Vitamin B5 (Panthenol), nước dưỡng tóc dầu bưởi giúp tóc giảm gãy rụng và khô xơ, cung cấp dưỡng chất giúp tóc luôn suôn mượt, mềm mại.</p>\r\n<p class=\"irIKAp\">Công dụng</p>\r\n<p class=\"irIKAp\">• Giảm gãy rụng và phục hồi hư tổn</p>\r\n<p class=\"irIKAp\">• Tăng cường độ bóng và chắc khỏe của tóc</p>\r\n<p class=\"irIKAp\">• Cung cấp dưỡng chất giúp tóc suôn mượt và mềm mại</p>\r\n<p class=\"irIKAp\">Thành phần chính</p>\r\n<p class=\"irIKAp\">• Tinh dầu vỏ bưởi: Do có tính kháng khuẩn và chống oxy hóa cao, tinh dầu vỏ bưởi giúp ngăn ngừa nhiễm trùng, mang lại cho bạn da đầu và tóc khỏe mạnh, cải thiện rõ rệt tình trạng gãy rụng tóc.</p>\r\n<p class=\"irIKAp\">• Xylishine: Được chiết xuất từ các loại đường tự nhiên từ gỗ và từ tảo nâu Pelvetia Canaliculata giúp cấp ẩm, phục hồi và tăng cường độ bóng của tóc</p>\r\n<p class=\"irIKAp\">• Vitamin B5 (D-panthenol): Chức năng như một tác nhân dưỡng tóc để cung cấp độ ẩm lâu dài cho tóc, ngăn ngừa hư tổn, làm dày tóc và cải thiện độ bóng khỏe của mái tóc.</p>\r\n<p class=\"irIKAp\">Lý tưởng cho</p>\r\n<p class=\"irIKAp\">• Tóc yếu đang gặp tình trạng gãy rụng cần được phục hồi.</p>\r\n<p class=\"irIKAp\">• Tóc cần được nuôi dưỡng để mọc dày và chắc khỏe trở lại.</p>\r\n<p class=\"irIKAp\">Hướng dẫn sử dụng</p>\r\n<p class=\"irIKAp\">Lắc đều trước khi sử dụng, xịt sản phẩm lên chân tóc và mái tóc, tránh vùng mắt. Mát-xa nhẹ nhàng để dưỡng chất thấm sâu. Dùng mỗi ngày để đạt hiệu quả tốt nhất.</p>\r\n<p class=\"irIKAp\">Lượng dùng</p>\r\n<p class=\"irIKAp\">3-4 lần xịt đều lên mái tóc.</p>\r\n<p class=\"irIKAp\">Kết cấu</p>\r\n<p class=\"irIKAp\">Sản phẩm gồm 2 lớp: dầu và dung dịch nước dưỡng.</p>\r\n<p class=\"irIKAp\">Mùi hương</p>\r\n<p class=\"irIKAp\">Mùi tinh dầu bưởi thơm mát.</p>\r\n<p class=\"irIKAp\">Ưu điểm</p>\r\n<p class=\"irIKAp\">• Không chứa cồn (Alcohol free)</p>\r\n<p class=\"irIKAp\">• Không Paraben (Paraben free)</p>\r\n<p class=\"irIKAp\">Thành phần đầy đủ</p>\r\n<p class=\"irIKAp\">Water, C15-19 Alkane, Isododecane, Glycerin, Xylityglucoside, Anhydroxylitol, Maltitol, Xylitool, Citrus Grandis (Bưởi) Peel Oil, Betaine, Pelvetia Canaliculate Extract, Sodium Lactate, Panthenol (Vitamin B5), Sodium Gluconate, Glycereth-26, Phenoxyethanol, Trisodium Ethylenediamine Disuccinate, Bht, Ethyhexylglycerin.</p>', 145000, 130000, 454, '[]', 1, 0, NULL, 4, 3, '2023-01-25 15:05:09', '2023-01-27 09:52:32', 0),
(64, 'Mặt nạ bí đao Cocoon giảm dầu & mụn 30ml', 'Mặt nạ bí đao Cocoon giảm dầu &amp; mụn 30ml', 8, 3, 'Cocoon', '<p class=\"irIKAp\" style=\"text-align:justify;line-height:2;\">Mặt nạ bí đao gồm thành phần chính là bí đao thanh mát, bổ sung thêm rau má và tinh dầu tràm trà giúp giảm nhờn, làm thông thoáng lỗ chân lông, cải thiện nhanh tình trạng mụn, làm dịu vết đỏ, mang lại làn da sạch mụn và mịn màng.</p>\r\n<p class=\"irIKAp\" style=\"text-align:justify;line-height:2;\">Công dụng</p>\r\n<p class=\"irIKAp\" style=\"text-align:justify;line-height:2;\">• Làm thoáng lỗ chân lông</p>\r\n<p class=\"irIKAp\" style=\"text-align:justify;line-height:2;\">• giảm nhanh tình trạng mụn</p>\r\n<p class=\"irIKAp\" style=\"text-align:justify;line-height:2;\">• Kiểm soát lượng dầu thừa, ngăn ngừa mụn ẩn hình thành</p>\r\n<p class=\"irIKAp\" style=\"text-align:justify;line-height:2;\">• Cấp ẩm cho da, giúp làm da luôn rạng rỡ, căng bóng và mịn màng.</p>\r\n<p class=\"irIKAp\" style=\"text-align:justify;line-height:2;\">Thành phần chính</p>\r\n<p class=\"irIKAp\" style=\"text-align:justify;line-height:2;\">• Bí đao: bí đao có đặc tính làm mát</p>\r\n<p class=\"irIKAp\" style=\"text-align:justify;line-height:2;\">• Rau má: Các hợp chất có trong rau má là những chất chính giúp tăng sinh collagen cho làn da.</p>\r\n<p class=\"irIKAp\" style=\"text-align:justify;line-height:2;\">• Tinh dầu tràm trà: Loại tinh dầu có mùi thơm ấm áp, giúp ngừa mụn trứng cá.</p>\r\n<p class=\"irIKAp\" style=\"text-align:justify;line-height:2;\">Lý tưởng cho</p>\r\n<p class=\"irIKAp\" style=\"text-align:justify;line-height:2;\">• Da có mụn ẩn, mụn trứng cá</p>\r\n<p class=\"irIKAp\" style=\"text-align:justify;line-height:2;\">• Da tiết dầu nhiều</p>\r\n<p class=\"irIKAp\" style=\"text-align:justify;line-height:2;\">Hướng dẫn sử dụng</p>\r\n<p class=\"irIKAp\" style=\"text-align:justify;line-height:2;\">Thoa đều một lượng vừa đủ trên da sạch, tránh vùng mắt, để 20 phút rồi rửa sạch với nước. Dùng 4-5 lần một tuần để đạt hiệu quả tốt nhất.</p>\r\n<p class=\"irIKAp\" style=\"text-align:justify;line-height:2;\">Lượng dùng</p>\r\n<p class=\"irIKAp\" style=\"text-align:justify;line-height:2;\">Một lượng vừa đủ bằng một quả nho.</p>\r\n<p class=\"irIKAp\" style=\"text-align:justify;line-height:2;\">Kết cấu</p>\r\n<p class=\"irIKAp\" style=\"text-align:justify;line-height:2;\">Dạng kem mềm xốp màu xanh nhạt.</p>\r\n<p class=\"irIKAp\" style=\"text-align:justify;line-height:2;\">Mùi hương</p>\r\n<p class=\"irIKAp\" style=\"text-align:justify;line-height:2;\">Mùi tinh dầu tràm trà thoang thoảng.</p>\r\n<p class=\"irIKAp\" style=\"text-align:justify;line-height:2;\">Cam kết</p>\r\n<p class=\"irIKAp\" style=\"text-align:justify;line-height:2;\">Không chứa cồn</p>\r\n<p class=\"irIKAp\" style=\"text-align:justify;line-height:2;\">Không sulfate</p>\r\n<p class=\"irIKAp\" style=\"text-align:justify;line-height:2;\">Không dầu khoáng</p>\r\n<p class=\"irIKAp\" style=\"text-align:justify;line-height:2;\">Không paraben</p>\r\n<p class=\"irIKAp\" style=\"text-align:justify;line-height:2;\">Thành phần chi tiếtWater, Illite, Montmorillonite, Kaolin, Butylene Glycol, Niacinamide, Propanediol, Glycerin, Benincasa Cerifera Fruit Extract, Centella Asiatica Extract, Epilobium Angustifolium Flower/Leaf/Stem Extract, Phellodendron Amurense Bark Extract, Betaine, Xylitylglucoside, Pentylene Glycol, Anhydroxylitol, Xylitol, Hydroxyethyl Acrylate/Sodium Acryloyldimethyl Taurate Copolymer, Sodium Polyacrylate Starch, Sodium Acrylate/Sodium Acryloyldimethyl Taurate Copolymer, Hydroxypropyl Starch Phosphate, Hydrogenated Polydecene, Trideceth-6, Sorbitan Laurate, Caprylic/Capric Triglyceride, Phaseolus Radiatus Seed Extract, Avena Sativa Meal Extract, Bisabolol, Menthyl Lactate, Phenoxyethanol, Melaleuca Alternifolia Leaf Oil, Lavandula Angustifolia Oil, Rosmarinus Officinalis Leaf Oil, Ethylhexylglycerin, allantoin, Trisodium Ethylenediamine Disuccinate, Lactic Acid.</p>\r\n<p class=\"irIKAp\" style=\"text-align:justify;line-height:2;\">Xuất xứ: Việt Nam</p>\r\n<p class=\"irIKAp\" style=\"text-align:justify;line-height:2;\">Hạn sử dụng: 3 năm kể từ NSX</p>\r\n<p class=\"irIKAp\" style=\"text-align:justify;line-height:2;\">Trọng lượng: 30ml</p>', 145000, 129000, 87, '[]', 1, 0, NULL, 4, 3, '2023-01-01 17:00:00', '2023-01-27 09:55:06', 0),
(65, 'Tinh chất bí đao 15% niacinamide 70ml', 'Tinh chất bí đao 15% niacinamide 70ml', 8, 3, 'Cocoon', '<p class=\"irIKAp\" style=\"text-align:justify;line-height:2;\">Tinh chất bí đao N15 (15% niacinamide) dành cho da dầu mụn và nhạy cảm Cocoon 70ml</p>\r\n<p class=\"irIKAp\" style=\"text-align:justify;line-height:2;\">Một công thức mạnh mẻ với chiết xuất bí đao, 15% niacinamide tinh khiết, 4% NAG phối hợp cùng dầu lá neem và các chất ngừa ôx.y hoá phổ rộng mạng lại khả năng bảo vệ làn da khỏi các gố.c tự do phản ứng (ROS, RNS, RCS), giảm bóng nhờn và cải thiện tình trạng mụn.</p>\r\n<p class=\"irIKAp\" style=\"text-align:justify;line-height:2;\">Công dụng</p>\r\n<p class=\"irIKAp\" style=\"text-align:justify;line-height:2;\">- Giảm sưng vi.êm &amp; ngừa ôxi hóa</p>\r\n<p class=\"irIKAp\" style=\"text-align:justify;line-height:2;\">- Giảm bóng nhờn</p>\r\n<p class=\"irIKAp\" style=\"text-align:justify;line-height:2;\">- Tăng cường hàng rào bảo vệ da</p>\r\n<p class=\"irIKAp\" style=\"text-align:justify;line-height:2;\">Thành phần chính</p>\r\n<p class=\"irIKAp\" style=\"text-align:justify;line-height:2;\">• Chiết xuất bí đao: Có tác dụng làm mát, giảm nh.iệt, giúp giảm mụn sưng.</p>\r\n<p class=\"irIKAp\" style=\"text-align:justify;line-height:2;\">• Vitamin B3 (Niacinamide): Có tác dụng ngừa lão hóa, ngăn chặn các tác động xấ.u từ môi trường như khói bụi, giúp da sản sinh collagen và hyaluronic acid tự nhiên, cung cấp độ ẩm cho da.</p>\r\n<p class=\"irIKAp\" style=\"text-align:justify;line-height:2;\">• Acetyl Glucosamine (NAG): Có khả năng hấp thụ tốt qua da và giúp cải thiện độ ẩm của da. Ngoài ra, nó còn giúp thúc đẩy quá trình tổng hợp HA (axit hyaluronic), tăng độ đàn hồi của da, ngăn ngừa và làm dịu da thô ráp. NAG ứ.c ch.ế quá trình glycosyl hóa của tyrosinase, do đó ảnh hưởng đến sự trưởng thành của tyrosinase và làm giảm sự tổng hợp melanin giúp làm sáng da, đặc biệt mang lại hiệu quả đồng vận khi sử dụng kết hợp cùng Vitamin B3 (Niacinamide).</p>\r\n<p class=\"irIKAp\" style=\"text-align:justify;line-height:2;\">• Dầu lá neem: Được lấy từ dầu hạt Azadirachta indica ép lạnh, chứa đến hơn 50% Limonoid (cao hơn hàng chục lần so với loại dầu neem thông thường).</p>\r\n<p class=\"irIKAp\" style=\"text-align:justify;line-height:2;\">• Astaxanthin: Là một chất ngừa o.xy hóa tuyệt vời trong mỹ phẩm, lo.ại bỏ hiệu quả các gốc ox.y tự do trong tế b.ào, tăng cường tái tạo tế bào, giảm sự tích tụ của các tế b.ào lão hóa, bảo vệ làn da, ngừa lão hóa. Theo tài liệu, khả năng lo.ại bỏ các gốc tự do của Astaxanthin: gấp 6000 lần so với vitamin C; gấp 1000 lần so với vitamin E; gấp 800 lần so với coenzym Q10; gấp 700 lần so với anthocyanin; gấp 100 lần so với β-carotene; gấp 10 lần so với Carotol (lutein) ; gấp 200 lần so với Carotol; gấp 320 lần so với Teapolyphenol.</p>\r\n<p class=\"irIKAp\" style=\"text-align:justify;line-height:2;\">• Lipochroman (INCI Name: Dimethylmethoxy Chromanol): Lipochroman™ là một chất ngừa oxy hóa si.nh học, tương tự như γ–tocopherol, mang lại khả năng bảo vệ gấp ba lần khỏi các phản ứng (ROS, RNS, RCS). Từ đó giúp giảm các dấu hiệu lã.o hóa và cải thiện vẻ ngoài của da.</p>\r\n<p class=\"irIKAp\" style=\"text-align:justify;line-height:2;\">• Synoxyl (INCI Name: AZ Acetyl Zingerone): Là hoạt chất ngừa lão hóa đa mục tiêu nhằm ng.ăn c.hặn quá trình lão hóa trước khi nó xảy ra và giúp hạn chế tổn th.ương da.</p>\r\n<p class=\"irIKAp\" style=\"text-align:justify;line-height:2;\">• Ferulic Acid: Có tác dụng ngừa oxy hóa, trung hòa các gốc tự do, ngừa lão hóa và bảo vệ da khỏi tia cực tím. Ngoài ra, đây cũng là một chất ức chế tyrosinase, ngăn cản việc sản xuất melanin.</p>\r\n<p class=\"irIKAp\" style=\"text-align:justify;line-height:2;\">Lý tưởng cho</p>\r\n<p class=\"irIKAp\" style=\"text-align:justify;line-height:2;\">- Da tiết nhiều dầu bóng nhãy</p>\r\n<p class=\"irIKAp\" style=\"text-align:justify;line-height:2;\">- Da bị mụn sư.ng vi.êm</p>\r\n<p class=\"irIKAp\" style=\"text-align:justify;line-height:2;\">- Da yếu dễ tổng thư.ơng</p>\r\n<p class=\"irIKAp\" style=\"text-align:justify;line-height:2;\">Cách sử dụng</p>\r\n<p class=\"irIKAp\" style=\"text-align:justify;line-height:2;\">Sau khi rửa sạch da mặt và dùng nước cân bằng. Lấy 5-6 giọt ra lòng bàn tay, dàn trải đều sản phẩm và võ nhẹ đến khi da được thẩm khấu khô ráo.</p>\r\n<p class=\"irIKAp\" style=\"text-align:justify;line-height:2;\">Lượng dùng</p>\r\n<p class=\"irIKAp\" style=\"text-align:justify;line-height:2;\">Sử dụng 5-6 giọt</p>\r\n<p class=\"irIKAp\" style=\"text-align:justify;line-height:2;\">Kết cấu</p>\r\n<p class=\"irIKAp\" style=\"text-align:justify;line-height:2;\">Dung dịch sánh vừa có màu trắng đục</p>\r\n<p class=\"irIKAp\" style=\"text-align:justify;line-height:2;\">Lưu ý</p>\r\n<p class=\"irIKAp\" style=\"text-align:justify;line-height:2;\">Tránh dùng vùng mắt, chỉ dùng ngoài da</p>\r\n<p class=\"irIKAp\" style=\"text-align:justify;line-height:2;\">Cam kết</p>\r\n<p class=\"irIKAp\" style=\"text-align:justify;line-height:2;\">Không chứa cồn</p>\r\n<p class=\"irIKAp\" style=\"text-align:justify;line-height:2;\">Không sulfate</p>\r\n<p class=\"irIKAp\" style=\"text-align:justify;line-height:2;\">Không dầu khoáng</p>\r\n<p class=\"irIKAp\" style=\"text-align:justify;line-height:2;\">Không paraben</p>\r\n<p class=\"irIKAp\" style=\"text-align:justify;line-height:2;\">Thành phần chi tiết</p>\r\n<p class=\"irIKAp\" style=\"text-align:justify;line-height:2;\">Aqua/Water, Niacinamide, Acetyl Glucosamine, Cyclopentasiloxane, Mandelic Acid, Hydrogenated Lecithin, Ethoxydiglycol, Aminomethyl Propanol, Melia Azadirachta Seed Oil, Dimethyl Isosorbide, Cetyl Alcohol, Aluminum Starch Octenylsuccinate, Benincasa Cerifera Fruit Extract, Acetyl Zingerone, Ferulic Acid, Bisabolol, Piroctone Olamine, Tetrahydrodiferuloylmethane, Tetrahydrodemethoxydiferuloylmethane, Tetrahydrobisdemethoxydiferuloylmethane, Haematococcus Pluvialis Extract, Superoxide Dismutase, Dimethylmethoxy Chromanol, Polyacrylate Crosspolymer-6, Pentylene Glycol, Butylene Glycol, Hydroxyacetophenone, Caprylyl Methicone, Dimethiconol, Dimethicone/Vinyl Dimethicone Crosspolymer, Caprylic/Capric Triglyceride, Tocopherol, Tocopheryl Acetate, Rosmarinus Officinalis Leaf Extract, Melaleuca Alternifolia Leaf Oil, Lavandula Angustifolia Flower Oil, Rosmarinus Officinalis Leaf Oil, Trisodium Ethylenediamine Disuccinate, Menthyl Lactate.</p>\r\n<p class=\"irIKAp\" style=\"text-align:justify;line-height:2;\">Xuất xứ: Việt Nam</p>\r\n<p class=\"irIKAp\" style=\"text-align:justify;line-height:2;\">Dung tích: 70ml</p>\r\n<p class=\"irIKAp\" style=\"text-align:justify;line-height:2;\">Hạn sử dụng: 3 năm kể từ NSX</p>', 495000, 409000, 170, '[]', 1, 0, NULL, 4, 3, '2022-12-31 17:00:00', '2023-01-28 09:34:59', 0);
INSERT INTO `products` (`id`, `name`, `tittle`, `category_id`, `seller_id`, `brand`, `description`, `original_price`, `selling_price`, `qty`, `attributes`, `status`, `trending`, `other_attribute`, `average_star`, `sold`, `created_at`, `updated_at`, `del_flag`) VALUES
(66, 'Nước tẩy trang hoa hồng Cocoon 500ml', 'Nước tẩy trang hoa hồng Cocoon 500ml 500ml', 8, 3, 'Cocoon', '<p class=\"irIKAp\" style=\"text-align:justify;line-height:2;\">Với nước cất hoa hồng hữu cơ tinh khiết kết hợp với công nghệ Micellar, nước tẩy trang hoa hồng giúp làm sạch sâu lớp trang điểm, bụi bẩn, cấp ẩm và làm dịu, mang lại làn da sạch và mịn màng.</p>\r\n<p class=\"irIKAp\" style=\"text-align:justify;line-height:2;\">Công dụng</p>\r\n<p class=\"irIKAp\" style=\"text-align:justify;line-height:2;\">• Làm sạch lớp trang điểm, bụi bẩn và bã nhờn trên bề mặt da</p>\r\n<p class=\"irIKAp\" style=\"text-align:justify;line-height:2;\">• Cung cấp độ ẩm và làm dịu các vết đỏ trên da</p>\r\n<p class=\"irIKAp\" style=\"text-align:justify;line-height:2;\">• Mang đến làn da sạch và mềm mịn</p>\r\n<table style=\"border-collapse:collapse;width:99.9629%;border-width:2px;border-spacing:8px;border-color:rgb(22,145,121);height:156.8px;\" border=\"1\"><colgroup><col style=\"width:49.9072%;\" /><col style=\"width:49.9072%;\" /></colgroup>\r\n<tbody>\r\n<tr style=\"height:22.4px;\">\r\n<td style=\"border-width:2px;padding:8px;border-color:rgb(22,145,121);height:22.4px;\"><strong>Thương hiệu</strong></td>\r\n<td style=\"border-width:2px;padding:8px;border-color:rgb(22,145,121);height:22.4px;\">cocoon</td>\r\n</tr>\r\n<tr style=\"height:22.4px;\">\r\n<td style=\"border-width:2px;padding:8px;border-color:rgb(22,145,121);height:22.4px;\"><strong>Dạng Tẩy Trang</strong></td>\r\n<td style=\"border-width:2px;padding:8px;border-color:rgb(22,145,121);height:22.4px;\">Nước tẩy trang</td>\r\n</tr>\r\n<tr style=\"height:22.4px;\">\r\n<td style=\"border-width:2px;padding:8px;border-color:rgb(22,145,121);height:22.4px;\"><strong>Loại Da</strong></td>\r\n<td style=\"border-width:2px;padding:8px;border-color:rgb(22,145,121);height:22.4px;\">Nhạy cảm, Khô</td>\r\n</tr>\r\n<tr style=\"height:22.4px;\">\r\n<td style=\"border-width:2px;padding:8px;border-color:rgb(22,145,121);height:22.4px;\"><strong>Thể tích</strong></td>\r\n<td style=\"border-width:2px;padding:8px;border-color:rgb(22,145,121);height:22.4px;\">500ml</td>\r\n</tr>\r\n<tr style=\"height:22.4px;\">\r\n<td style=\"border-width:2px;padding:8px;border-color:rgb(22,145,121);height:22.4px;\"><strong>Vùng cơ thể</strong></td>\r\n<td style=\"border-width:2px;padding:8px;border-color:rgb(22,145,121);height:22.4px;\">Mặt</td>\r\n</tr>\r\n<tr style=\"height:22.4px;\">\r\n<td style=\"border-width:2px;padding:8px;border-color:rgb(22,145,121);height:22.4px;\"><strong>Xuất xứ</strong></td>\r\n<td style=\"border-width:2px;padding:8px;border-color:rgb(22,145,121);height:22.4px;\">Việt Nam</td>\r\n</tr>\r\n<tr style=\"height:22.4px;\">\r\n<td style=\"border-width:2px;padding:8px;border-color:rgb(22,145,121);height:22.4px;\"><strong>Hạn sử dụng</strong></td>\r\n<td style=\"border-width:2px;padding:8px;border-color:rgb(22,145,121);height:22.4px;\">3 năm kể từ ngày sản xuất</td>\r\n</tr>\r\n</tbody>\r\n</table>\r\n<p class=\"irIKAp\" style=\"text-align:justify;line-height:2;\">Thành phần chính</p>\r\n<p class=\"irIKAp\" style=\"text-align:justify;line-height:2;\">• Nước cất hoa hồng hữu cơ (hydrosol): Nước hoa hồng có tính năng làm mềm làn da.</p>\r\n<p class=\"irIKAp\" style=\"text-align:justify;line-height:2;\">• Bisabolol: Hoạt chất dạng dầu có trong Cúc La Mã giúp làm dịu da, giảm ửng đỏ, dành cho da nhạy cảm.</p>\r\n<p class=\"irIKAp\" style=\"text-align:justify;line-height:2;\">• Chiết xuất nha đam: Có tác dụng dưỡng ẩm, làm dịu da, làm lành da, có tác dụng tốt với da nhạy cảm và da dễ bị kí.ch ứng.</p>\r\n<p class=\"irIKAp\" style=\"text-align:justify;line-height:2;\">• Vitamin B5 (Panthenol): Có tác dụng dưỡng ẩm, làm dịu làn da dễ bị kí.ch ứng và da nhạy cảm.</p>\r\n<p class=\"irIKAp\" style=\"text-align:justify;line-height:2;\">Lý tưởng cho</p>\r\n<p class=\"irIKAp\" style=\"text-align:justify;line-height:2;\">• Làn da cần tẩy sạch nhanh lớp trang điểm.</p>\r\n<p class=\"irIKAp\" style=\"text-align:justify;line-height:2;\">• Da khô thường xuyên trang điểm cần một sản phẩm tẩy trang phù hợp.</p>\r\n<p class=\"irIKAp\" style=\"text-align:justify;line-height:2;\">Hướng dẫn sử dụng</p>\r\n<p class=\"irIKAp\" style=\"text-align:justify;line-height:2;\">Thấm đều sản phẩm lên bông tẩy trang, nhẹ nhàng lau khắp mặt để làm sạch lớp trang điểm và bụi bẩn. Dịu nhẹ cho vùng môi và mắt.</p>\r\n<p class=\"irIKAp\" style=\"text-align:justify;line-height:2;\">Màu sắc của sản phẩm có thể thay đổi nhẹ phụ thuộc vào các thành phần tự nhiên.</p>\r\n<p class=\"irIKAp\" style=\"text-align:justify;line-height:2;\"> </p>\r\n<p class=\"irIKAp\" style=\"text-align:justify;line-height:2;\">Lượng dùng</p>\r\n<p class=\"irIKAp\" style=\"text-align:justify;line-height:2;\">Lượng vừa đủ làm ướt 1 mặt bông tẩy trang.</p>\r\n<p class=\"irIKAp\" style=\"text-align:justify;line-height:2;\">Kết cấu</p>\r\n<p class=\"irIKAp\" style=\"text-align:justify;line-height:2;\">Dạng nước màu vàng nhạt, có cánh hoa hồng bên trong.</p>\r\n<p class=\"irIKAp\" style=\"text-align:justify;line-height:2;\">Mùi hương</p>\r\n<p class=\"irIKAp\" style=\"text-align:justify;line-height:2;\">Mùi hoa hồng thoang thoảng.</p>\r\n<p class=\"irIKAp\" style=\"text-align:justify;line-height:2;\">Cam kết</p>\r\n<p class=\"irIKAp\" style=\"text-align:justify;line-height:2;\">• Không cồn</p>\r\n<p class=\"irIKAp\" style=\"text-align:justify;line-height:2;\">• Không thử nghiệm trên động vật</p>\r\n<p class=\"irIKAp\" style=\"text-align:justify;line-height:2;\">• Không paraben</p>\r\n<p class=\"irIKAp\" style=\"text-align:justify;line-height:2;\">• Đã được kiểm nghiệm bởi chuyên gia da liễu</p>\r\n<p class=\"irIKAp\" style=\"text-align:justify;line-height:2;\">Thành phần đầy đủ</p>\r\n<p class=\"irIKAp\" style=\"text-align:justify;line-height:2;\">AQUA/WATER, GLYCERIN, PROPANEDIOL, PEG-6 CAPRYLIC/CAPRIC GLYCERIDES, ROSA DAMASCENA FLOWER WATER, ROSA DAMASCENA FLOWER, PANTHENOL, SODIUM COCOAMPHOACETATE, BETAINE, POLYSORBATE 20, BISABOLOL, ALLANTOIN, TRISODIUM ETHYLENEDIAMINE DISUCCINATE, PEG-40 HYDROGENATED CASTOR OIL, ROSA DAMASCENA FLOWER OIL, SODIUM BENZOATE, POTASSIUM SORBATE, LACTIC ACID</p>\r\n<p class=\"irIKAp\" style=\"text-align:justify;line-height:2;\">Xuất xứ: Việt Nam</p>\r\n<p class=\"irIKAp\" style=\"text-align:justify;line-height:2;\">Dung tích: 500ml</p>\r\n<p class=\"irIKAp\" style=\"text-align:justify;line-height:2;\">Hạn sử dụng: 3 năm kể từ NSX</p>', 299000, 265000, 166, '[\"9\"]', 1, 0, NULL, 4, 3, '2022-12-31 17:00:00', '2023-01-28 09:34:59', 0),
(67, 'Phấn phủ FOCALLURE trang điểm nền 3 màu', 'Phấn phủ FOCALLURE trang điểm nền 3 màu', 8, 3, 'Focallure', '<p class=\"irIKAp\" style=\"line-height:2;text-align:justify;\">Thời gian giao hàng dự kiến cho sản phẩm này là 7-9 ngày</p>\r\n<table style=\"border-collapse:collapse;width:99.9629%;border-width:2px;border-spacing:8px;border-color:rgb(22,145,121);height:156.8px;\" border=\"1\"><colgroup><col style=\"width:49.9072%;\" /><col style=\"width:49.9072%;\" /></colgroup>\r\n<tbody>\r\n<tr style=\"height:22.4px;\">\r\n<td style=\"border-width:2px;padding:8px;border-color:rgb(22,145,121);height:22.4px;\"><strong>Thương hiệu</strong></td>\r\n<td style=\"border-width:2px;padding:8px;border-color:rgb(22,145,121);height:22.4px;\">FOCALLURE</td>\r\n</tr>\r\n<tr style=\"height:22.4px;\">\r\n<td style=\"border-width:2px;padding:8px;border-color:rgb(22,145,121);height:22.4px;\"><strong>Công Thức</strong></td>\r\n<td style=\"border-width:2px;padding:8px;border-color:rgb(22,145,121);height:22.4px;\">Lỏng</td>\r\n</tr>\r\n<tr style=\"height:22.4px;\">\r\n<td style=\"border-width:2px;padding:8px;border-color:rgb(22,145,121);height:22.4px;\"><strong>Loại Da</strong></td>\r\n<td style=\"border-width:2px;padding:8px;border-color:rgb(22,145,121);height:22.4px;\">Dầu, Da mụn trứng cá</td>\r\n</tr>\r\n<tr style=\"height:22.4px;\">\r\n<td style=\"border-width:2px;padding:8px;border-color:rgb(22,145,121);height:22.4px;\"><strong>Hạn sử dụng</strong></td>\r\n<td style=\"border-width:2px;padding:8px;border-color:rgb(22,145,121);height:22.4px;\">36 tháng</td>\r\n</tr>\r\n<tr style=\"height:22.4px;\">\r\n<td style=\"border-width:2px;padding:8px;border-color:rgb(22,145,121);height:22.4px;\"><strong>Kho hàng</strong></td>\r\n<td style=\"border-width:2px;padding:8px;border-color:rgb(22,145,121);height:22.4px;\">29301</td>\r\n</tr>\r\n</tbody>\r\n</table>\r\n<p class=\"irIKAp\" style=\"line-height:2;text-align:justify;\">Thời đại của phong cách trang điểm màu nude nhẹ nhàng như đôi cánh tinh tế, mang lại cảm giác khó quên.</p>\r\n<p class=\"irIKAp\" style=\"line-height:2;text-align:justify;\">Lớp phủ bột có đệm khí, nhẹ, giúp lớp trang điểm lâu trôi</p>\r\n<p class=\"irIKAp\" style=\"line-height:2;text-align:justify;\">Nhẹ và tự nhiên, giúp da mịn màng hơn</p>\r\n<p class=\"irIKAp\" style=\"line-height:2;text-align:justify;\">Chống mồ hôi, tạo phong cách trang điểm mà không sợ bóng dầu mới.</p>\r\n<p class=\"irIKAp\" style=\"line-height:2;text-align:justify;\">Hấp thụ dầu, duy trì cân bằng nước và dầu, trang điểm một lần, kéo dài cả ngày.</p>\r\n<p class=\"irIKAp\" style=\"line-height:2;text-align:justify;\">01: làm sáng và cân bằng, làm sáng da, thích hợp cho các quý cô có làn da trắng</p>\r\n<p class=\"irIKAp\" style=\"line-height:2;text-align:justify;\">02: phù hợp với màu da Châu Á, phù hợp với phụ nữ có làn da tự nhiên hoặc màu da trung bình</p>\r\n<p class=\"irIKAp\" style=\"line-height:2;text-align:justify;\">03: quyến rũ, thanh lịch, phù hợp với phụ nữ da ngăm đen</p>\r\n<p class=\"irIKAp\" style=\"line-height:2;text-align:justify;\">Mềm mại, đẹp, không nhờn và thoáng khí, giữ cho làn da của bạn luôn khô thoáng suốt cả ngày</p>\r\n<p class=\"irIKAp\" style=\"line-height:2;text-align:justify;\">Thành phần: TALC, ZEA MAYS (CORN) STARCH, SILICA, ATHYLHEXYL PALMITATE, MINERAL OIL, DIMETHICONE, METHYLPARABEN, PROPYLPARABEN, CI 77891, CCI 77491, 77492, 79999</p>\r\n<p class=\"irIKAp\" style=\"line-height:2;text-align:justify;\">Bảo quản: Nơi thoáng mát, tránh ánh nắng trực tiếp</p>\r\n<p class=\"irIKAp\" style=\"line-height:2;text-align:justify;\">Kem nền tinh tế, dầu kiềm:</p>\r\n<p class=\"irIKAp\" style=\"line-height:2;text-align:justify;\">1. Phấn có đệm khí. Giữ được trong 24 giờ, chống mồ hôi</p>\r\n<p class=\"irIKAp\" style=\"line-height:2;text-align:justify;\">2. Nhẹ nhàng và tự nhiên. Phấn phủ có lớp đệm khí mịn, đều giúp che phủ lỗ chân lông</p>\r\n<p class=\"irIKAp\" style=\"line-height:2;text-align:justify;\">3. Che khuyết điểm và làm sáng. Phấn phủ có 3 tùy chọn màu sắc, cân bằng màu da</p>\r\n<p class=\"irIKAp\" style=\"line-height:2;text-align:justify;\">4. Kiểm soát dầu và thoáng khí. Trang điểm hoàn hảo, thấm dầu và giúp da mịn màng hơn</p>\r\n<p class=\"irIKAp\" style=\"line-height:2;text-align:justify;\">Trang điểm hoàn hảo, phù hợp với nhiều phong cách khác nhau</p>\r\n<p class=\"irIKAp\" style=\"line-height:2;text-align:justify;\">• Hướng dẫn sử dụng</p>\r\n<p class=\"irIKAp\" style=\"line-height:2;text-align:justify;\">B1: Dùng cọ hoặc miếng mút trang điểm để thoa đều sản phẩm lên mặt.</p>\r\n<p class=\"irIKAp\" style=\"line-height:2;text-align:justify;\">B2: Để có một lớp nền hoàn hảo, hoàn hảo, hãy sử dụng như sau:</p>\r\n<p class=\"irIKAp\" style=\"line-height:2;text-align:justify;\">- Sử dụng kem lót - giúp làm mịn và mờ vết thâm, đồng thời giúp giữ lớp trang điểm lâu trôi hơn.</p>\r\n<p class=\"irIKAp\" style=\"line-height:2;text-align:justify;\">- Kem che khuyết điểm, dùng kem nền để khóa lớp trang điểm trên da.</p>\r\n<p class=\"irIKAp\" style=\"line-height:2;text-align:justify;\">* Nếu bạn chỉ mới bắt đầu trang điểm và chưa sử dụng kem nền tốt, hãy dùng kem nền trực tiếp lên da sau bước lót.</p>\r\n<p class=\"irIKAp\" style=\"line-height:2;text-align:justify;\">Thương hiệu: FOCALLURE</p>\r\n<p class=\"irIKAp\" style=\"line-height:2;text-align:justify;\">Tên sản phẩm: Lớp phủ bột khoáng nhẹ FOCALLURE</p>\r\n<p class=\"irIKAp\" style=\"line-height:2;text-align:justify;\">Thời hạn sử dụng mỹ phẩm: 36 tháng</p>\r\n<p class=\"irIKAp\" style=\"line-height:2;text-align:justify;\">Đây có phải là mỹ phẩm chuyên dụng không: Không.</p>\r\n<p class=\"irIKAp\" style=\"line-height:2;text-align:justify;\">Phân loại màu: 01 02 03</p>\r\n<p class=\"irIKAp\" style=\"line-height:2;text-align:justify;\">Phân loại bột: mịn / lấp lánh</p>\r\n<p class=\"irIKAp\" style=\"line-height:2;text-align:justify;\">Chi tiết sản phẩm: chung</p>\r\n<p class=\"irIKAp\" style=\"line-height:2;text-align:justify;\">Tác dụng: cố định lớp trang điểm, che phủ lỗ chân lông, không thấm nước</p>\r\n<p class=\"irIKAp\" style=\"line-height:2;text-align:justify;\">Loại da phù hợp: Mọi loại da</p>\r\n<p class=\"irIKAp\" style=\"line-height:2;text-align:justify;\">Ngày hết hạn: 3 năm</p>\r\n<p class=\"irIKAp\" style=\"line-height:2;text-align:justify;\">Chi tiết sản phẩm:</p>\r\n<p class=\"irIKAp\" style=\"line-height:2;text-align:justify;\">Kích thước: 6,7 * 1,7cm (Đường kính * Chiều cao)</p>\r\n<p class=\"irIKAp\" style=\"line-height:2;text-align:justify;\">Trọng lượng sản phẩm: 7g</p>\r\n<p class=\"irIKAp\" style=\"line-height:2;text-align:justify;\">Xuất xứ: Trung Quốc</p>\r\n<p class=\"irIKAp\" style=\"line-height:2;text-align:justify;\">Thời hạn sử dụng: 3 năm</p>\r\n<p class=\"irIKAp\" style=\"line-height:2;text-align:justify;\">Ghi chú:</p>\r\n<p class=\"irIKAp\" style=\"line-height:2;text-align:justify;\">1. Vui lòng không sử dụng nó cho các mục đích khác ngoài trang điểm.</p>\r\n<p class=\"irIKAp\" style=\"line-height:2;text-align:justify;\">2. Vui lòng không phơi dưới ánh nắng trực tiếp hoặc nhiệt độ quá cao hoặc quá thấp.</p>\r\n<p class=\"irIKAp\" style=\"line-height:2;text-align:justify;\"> </p>', 90000, 49000, 563, '[]', 1, 1, NULL, 4, 4, '2023-01-01 15:20:14', '2023-02-11 14:31:57', 0),
(68, 'Phấn Phủ FOCALLURE Trang Điểm Giúp Kiềm Dầu 10g', 'Phấn Phủ FOCALLURE Trang Điểm Giúp Kiềm Dầu 10g', 8, 3, 'Focallure', '<p class=\"irIKAp\">Một loại bột lỏng hoàn hảo mới 100% mang tính cách mạng.</p>\r\n<p class=\"irIKAp\">Kiểm soát dầu tối đa - có thể kiểm soát dầu ở mức độ lớn nhất và giảm nếp nhăn và lỗ chân lông, giúp điều chỉnh tông màu da không đồng đều.</p>\r\n<table style=\"border-collapse:collapse;width:99.9629%;border-width:2px;border-spacing:8px;border-color:rgb(22,145,121);height:156.8px;\" border=\"1\"><colgroup><col style=\"width:49.9072%;\" /><col style=\"width:49.9072%;\" /></colgroup>\r\n<tbody>\r\n<tr style=\"height:22.4px;\">\r\n<td style=\"border-width:2px;padding:8px;border-color:rgb(22,145,121);height:22.4px;\"><strong>Thương hiệu</strong></td>\r\n<td style=\"border-width:2px;padding:8px;border-color:rgb(22,145,121);height:22.4px;\">FOCALLURE</td>\r\n</tr>\r\n<tr style=\"height:22.4px;\">\r\n<td style=\"border-width:2px;padding:8px;border-color:rgb(22,145,121);height:22.4px;\"><strong>Công Thức</strong></td>\r\n<td style=\"border-width:2px;padding:8px;border-color:rgb(22,145,121);height:22.4px;\">Lỏng</td>\r\n</tr>\r\n<tr style=\"height:22.4px;\">\r\n<td style=\"border-width:2px;padding:8px;border-color:rgb(22,145,121);height:22.4px;\"><strong>Loại Da</strong></td>\r\n<td style=\"border-width:2px;padding:8px;border-color:rgb(22,145,121);height:22.4px;\">Dầu, Da mụn trứng cá</td>\r\n</tr>\r\n<tr style=\"height:22.4px;\">\r\n<td style=\"border-width:2px;padding:8px;border-color:rgb(22,145,121);height:22.4px;\"><strong>Hạn sử dụng</strong></td>\r\n<td style=\"border-width:2px;padding:8px;border-color:rgb(22,145,121);height:22.4px;\">36 tháng</td>\r\n</tr>\r\n<tr style=\"height:22.4px;\">\r\n<td style=\"border-width:2px;padding:8px;border-color:rgb(22,145,121);height:22.4px;\"><strong>Kho hàng</strong></td>\r\n<td style=\"border-width:2px;padding:8px;border-color:rgb(22,145,121);height:22.4px;\">29301</td>\r\n</tr>\r\n</tbody>\r\n</table>\r\n<p class=\"irIKAp\">Siêu cấp nước - Các thành phần dưỡng ẩm độc đáo có thể giúp tạo ra một làn da rạng rỡ và khỏe mạnh.</p>\r\n<p class=\"irIKAp\">Nhẹ - Cảm giác nhẹ và mịn như lông vũ, có thể giữ cho làn da của bạn thoáng khí cả ngày.</p>\r\n<p class=\"irIKAp\">Bột lỏng có độ nét cao tuyệt đẹp, kết cấu cực kỳ mềm mại và trong mờ cho phép bạn không bao giờ có được lớp bột màu trắng hoặc trông giống như ánh sáng tươi sáng, ảnh tự sướng và ảnh.</p>\r\n<p class=\"irIKAp\"> </p>\r\n<p class=\"irIKAp\">#1clear: Bột lỏng trong suốt, thích hợp cho mọi tông màu da</p>\r\n<p class=\"irIKAp\">#2ivory: Thích hợp cho tông màu hồng, tông màu da sáng đến sáng.</p>\r\n<p class=\"irIKAp\">#3natural beige: Thích hợp cho tông màu vàng, màu be ấm cho tông màu da trung bình.</p>\r\n<p class=\"irIKAp\">#4warm BEIGE: Thích hợp cho tông màu vàng ấm, ô liu rất đậm đến vàng da.</p>\r\n<p class=\"irIKAp\">· Kết thúc mờ</p>\r\n<p class=\"irIKAp\">· Kiểm soát dầu tối đa</p>\r\n<p class=\"irIKAp\">· Kem dưỡng ẩm</p>\r\n<p class=\"irIKAp\">· Màu sắc tự nhiên</p>\r\n<p class=\"irIKAp\">· Che giấu các đường nhăn và lỗ chân lông</p>\r\n<p class=\"irIKAp\">· Lâu dài</p>\r\n<p class=\"irIKAp\">Hướng DẪN Người dùng:</p>\r\n<p class=\"irIKAp\">1.Trực tiếp dùng bông phấn ấn nhẹ lên mặt, giúp lớp trang điểm kết dính và tự nhiên.</p>\r\n<p class=\"irIKAp\">2. Sử dụng cọ bột lỏng chuyên nghiệp để có được hiệu ứng nhẹ, mỏng và trong suốt.</p>\r\n<p class=\"irIKAp\">3. Nướng để sử dụng.</p>\r\n<p class=\"irIKAp\">Thành phần: TALC, SILICA, ALUMINUM STARCH OCTENYLSUCCINATE, CYCLOPENTASILOXANE, FRAGRANCE, PHENOXYETHANOL, ETHYLHEXYLGLYCERIN</p>\r\n<p class=\"irIKAp\">Có THỂ CHỨA:</p>\r\n<p class=\"irIKAp\">Ci 77491, CI 77492, CI 77499</p>\r\n<p class=\"irIKAp\">Bảo quản: Nơi khô ráo thoáng mát</p>\r\n<p class=\"irIKAp\">Thương hiệu: FOCALLURE</p>\r\n<p class=\"irIKAp\">Nguồn gốc: Trung Quốc</p>\r\n<p class=\"irIKAp\">Thời hạn sử dụng: 3 Năm</p>', 120000, 86000, 452, '[]', 1, 0, NULL, 4, 3, '2023-01-26 17:00:00', '2023-01-27 11:35:52', 0),
(69, 'Phấn phủ FOCALLURE trang điểm nền với 3 màu 7g', 'Phấn phủ FOCALLURE trang điểm nền với 3 màu 7g', 8, 3, 'Focallure', '<p class=\"irIKAp\">Một thời đại mới của trang điểm màu nude, nhẹ như cánh mỏng, không thể quên</p>\r\n<p class=\"irIKAp\">Phấn phủ dạng lỏng thoáng khí, nhẹ nhàng và thích hợp, trang điểm lâu trôi</p>\r\n<p class=\"irIKAp\">Nhẹ nhàng và tự nhiên, giúp da mềm mượt hơn</p>\r\n<p class=\"irIKAp\">Chống mồ hôi lâu dài, mở kỷ nguyên không chứa dầu sảng khoái</p>\r\n<p class=\"irIKAp\">Hấp thụ thêm dầu, duy trì cân bằng nước và dầu, trang điểm một lần, làm mới cả ngày</p>\r\n<table style=\"border-collapse:collapse;width:99.9629%;border-width:2px;border-spacing:8px;border-color:rgb(22,145,121);height:156.8px;\" border=\"1\"><colgroup><col style=\"width:49.9072%;\" /><col style=\"width:49.9072%;\" /></colgroup>\r\n<tbody>\r\n<tr style=\"height:22.4px;\">\r\n<td style=\"border-width:2px;padding:8px;border-color:rgb(22,145,121);height:22.4px;\"><strong>Thương hiệu</strong></td>\r\n<td style=\"border-width:2px;padding:8px;border-color:rgb(22,145,121);height:22.4px;\">FOCALLURE</td>\r\n</tr>\r\n<tr style=\"height:22.4px;\">\r\n<td style=\"border-width:2px;padding:8px;border-color:rgb(22,145,121);height:22.4px;\"><strong>Công Thức</strong></td>\r\n<td style=\"border-width:2px;padding:8px;border-color:rgb(22,145,121);height:22.4px;\">Lỏng</td>\r\n</tr>\r\n<tr style=\"height:22.4px;\">\r\n<td style=\"border-width:2px;padding:8px;border-color:rgb(22,145,121);height:22.4px;\"><strong>Loại Da</strong></td>\r\n<td style=\"border-width:2px;padding:8px;border-color:rgb(22,145,121);height:22.4px;\">Dầu, Da mụn trứng cá</td>\r\n</tr>\r\n<tr style=\"height:22.4px;\">\r\n<td style=\"border-width:2px;padding:8px;border-color:rgb(22,145,121);height:22.4px;\"><strong>Hạn sử dụng</strong></td>\r\n<td style=\"border-width:2px;padding:8px;border-color:rgb(22,145,121);height:22.4px;\">36 tháng</td>\r\n</tr>\r\n<tr style=\"height:22.4px;\">\r\n<td style=\"border-width:2px;padding:8px;border-color:rgb(22,145,121);height:22.4px;\"><strong>Kho hàng</strong></td>\r\n<td style=\"border-width:2px;padding:8px;border-color:rgb(22,145,121);height:22.4px;\">29301</td>\r\n</tr>\r\n</tbody>\r\n</table>\r\n<p class=\"irIKAp\">01: sáng và trắng, tỏa sáng vô hạn, phù hợp với các quý cô da trắng</p>\r\n<p class=\"irIKAp\">02: tùy chỉnh cho màu da Châu Á, bộ đồ dành cho phụ nữ da tự nhiên hoặc trung bình</p>\r\n<p class=\"irIKAp\">03: quyến rũ, sang trọng với ít chìa khóa, bộ đồ dành cho phụ nữ da đen hoặc lúa mì</p>\r\n<p class=\"irIKAp\">Mềm mượt, đẹp, không bóng dầu và thoáng khí, giúp da bạn luôn khô thoáng suốt cả ngày dài</p>\r\n<p class=\"irIKAp\">Kem nền tinh tế, không trang điểm dầu</p>\r\n<p class=\"irIKAp\">1. Phấn phủ không khí. 24 giờ bền lâu, chống mồ hôi</p>\r\n<p class=\"irIKAp\">2. Nhẹ và tự nhiên. Bột mịn đệm khí, đồng đều, giúp lỗ chân lông được vô hình</p>\r\n<p class=\"irIKAp\">3. Che khuyết điểm và làm sáng. Bột điều chỉnh ba màu, cân bằng màu da</p>\r\n<p class=\"irIKAp\">4. Kiểm soát dầu và thoáng khí. Phấn phủ trong suốt trang điểm, hút dầu giúp da trắng sáng và mềm mượt hơn</p>\r\n<p class=\"irIKAp\">Trang điểm hoàn hảo, vui chơi với nhiều kiểu trang điểm khác nhau</p>\r\n<p class=\"irIKAp\">Thương hiệu: FOCALLURE</p>\r\n<p class=\"irIKAp\">Tên sản phẩm: Bột lỏng nhẹ khoáng FOCALLURE</p>\r\n<p class=\"irIKAp\">Thời gian đưa ra thị trường: Tháng Năm 2016: Tháng 3</p>\r\n<p class=\"irIKAp\">Nội dung tịnh: 7g</p>\r\n<p class=\"irIKAp\">Thời hạn sử dụng mỹ phẩm: 36 tháng</p>\r\n<p class=\"irIKAp\">Có phải là mỹ phẩm chuyên dụng hay không: Không</p>\r\n<p class=\"irIKAp\">Phân loại màu: 01 02 03</p>\r\n<p class=\"irIKAp\">Phân loại bột lỏng: mờ / ngọc trai</p>\r\n<p class=\"irIKAp\">Loại đặc điểm kỹ thuật: Thông số kỹ thuật bình thường</p>\r\n<p class=\"irIKAp\">Hiệu quả: trang điểm cố định lỗ chân lông vô hình kiểm soát dầu không thấm nước</p>\r\n<p class=\"irIKAp\">Loại da phù hợp: Mọi loại da</p>\r\n<p class=\"irIKAp\">Xuất xứ: Sản xuất tại Trung Quốc</p>\r\n<p class=\"irIKAp\">Thời hạn sử dụng: 3 năm</p>\r\n<p class=\"irIKAp\">Chi tiết:</p>\r\n<p class=\"irIKAp\">Trọng lượng: 7g</p>\r\n<p class=\"irIKAp\">Kích thước: 6,7 * 1,7cm (D * H)</p>\r\n<p class=\"irIKAp\">Thận trọng:</p>\r\n<p class=\"irIKAp\">1.Vui lòng không dùng cho các mục đích khác ngoài trang điểm.</p>\r\n<p class=\"irIKAp\">2.Vui lòng không để dưới ánh nắng trực tiếp hoặc nhiệt độ quá cao hoặc quá thấp.</p>', 62000, 50000, 87, '[]', 1, 0, NULL, 5, 3, '2022-12-31 17:00:00', '2023-01-27 11:36:24', 0),
(70, 'Bảng Phấn Mắt FOCALLURE 10 Màu Kèm Cọ Và Gương 10g', 'Bảng Phấn Mắt FOCALLURE 10 Màu Kèm Cọ Và Gương 10g', 8, 3, 'Focallure', '<p style=\"text-align:justify;line-height:2;\">Thời gian giao hàng dự kiến cho sản phẩm này là từ 7-9 ngày</p>\r\n<p style=\"text-align:justify;line-height:2;\">Bảng phấn mắt FOCALLURE đã trở lại với bao bì tiện lợi và chất lượng tốt hơn. Hãy luôn mang theo bên mình để biến bạn trở thành người nổi bật nhất trong đám đông!</p>\r\n<p style=\"text-align:justify;line-height:2;\">1. Mỗi bảng đều có kem lót mí mắt + màu lì + nhũ + ánh kim, dễ dàng tạo mọi kiểu trang điểm mắt khác nhau. </p>\r\n<p style=\"text-align:justify;line-height:2;\">2. Chất phấn mịn, có sắc tố cao và dễ lên màu, tạo kiểu trang điểm lâu trôi từ ngày đến đêm.</p>\r\n<p style=\"text-align:justify;line-height:2;\">3. Thiết kế phong cách hoa hồng, hoa anh đào và hoa hướng dương, mang lại vẻ ngoài mộng mơ cho bạn.</p>\r\n<p style=\"text-align:justify;line-height:2;\">Cách sử dụng:</p>\r\n<p style=\"text-align:justify;line-height:2;\">1. Thoa đều kem lót lên bầu mắt.</p>\r\n<p style=\"text-align:justify;line-height:2;\">2. Dùng cọ tán đều màu sáng lên bầu mắt theo diện rộng, sau đó sử dụng màu tối để tạo chiều sâu cho đường viền mắt.</p>\r\n<p style=\"text-align:justify;line-height:2;\">3. Tán màu nhũ kim tuyến vào giữa mí mắt.</p>\r\n<table style=\"border-collapse:collapse;width:99.9629%;border-width:2px;border-spacing:8px;border-color:rgb(22,145,121);height:156.8px;\" border=\"1\"><colgroup><col style=\"width:49.9072%;\" /><col style=\"width:49.9072%;\" /></colgroup>\r\n<tbody>\r\n<tr style=\"height:22.4px;\">\r\n<td style=\"border-width:2px;padding:8px;border-color:rgb(22,145,121);height:22.4px;\"><strong>Thương hiệu</strong></td>\r\n<td style=\"border-width:2px;padding:8px;border-color:rgb(22,145,121);height:22.4px;\">FOCALLURE</td>\r\n</tr>\r\n<tr style=\"height:22.4px;\">\r\n<td style=\"border-width:2px;padding:8px;border-color:rgb(22,145,121);height:22.4px;\"><strong>Công Thức</strong></td>\r\n<td style=\"border-width:2px;padding:8px;border-color:rgb(22,145,121);height:22.4px;\">Lỏng</td>\r\n</tr>\r\n<tr style=\"height:22.4px;\">\r\n<td style=\"border-width:2px;padding:8px;border-color:rgb(22,145,121);height:22.4px;\"><strong>Loại Da</strong></td>\r\n<td style=\"border-width:2px;padding:8px;border-color:rgb(22,145,121);height:22.4px;\">Dầu, Da mụn trứng cá</td>\r\n</tr>\r\n<tr style=\"height:22.4px;\">\r\n<td style=\"border-width:2px;padding:8px;border-color:rgb(22,145,121);height:22.4px;\"><strong>Hạn sử dụng</strong></td>\r\n<td style=\"border-width:2px;padding:8px;border-color:rgb(22,145,121);height:22.4px;\">36 tháng</td>\r\n</tr>\r\n<tr style=\"height:22.4px;\">\r\n<td style=\"border-width:2px;padding:8px;border-color:rgb(22,145,121);height:22.4px;\"><strong>Kho hàng</strong></td>\r\n<td style=\"border-width:2px;padding:8px;border-color:rgb(22,145,121);height:22.4px;\">29301</td>\r\n</tr>\r\n</tbody>\r\n</table>\r\n<p style=\"line-height:2;text-align:left;\">Thành phần: MICA,TALC,MAGNESIUM STEARATE,SILICA,ETHYLHEXYL PALMITATE,MINERAL OIL,DIMETHICONE,SQUALANE,POLYBUTENE,PEG-10 DIMETHICONE,ISONONYL ISONONANOATE,HYDROGENATED POLYISOBUTENE,CANDELILLA CERA,ISOPROPYL MYRISTATE,OCTYLDODECANOL,POLYETHYLENE,BEESWAX,DIMETHICONE/VINYL DIMETHICONE CROSSPOLYMER,LECITHIN,POLYHYDROXYSTEARIC ACID,ISOSTEARIC ACID,POLYETHYLENE TEREPHTHALATE,TIN OXIDE,METHYLPARABEN,PROPYLPARABEN</p>\r\n<p style=\"text-align:justify;line-height:2;\">Màu sắc thời trang hợp xu hướng, hãy chọn ngay phong cách bạn yêu thích. Công thức được cải tiến, sắc tố cao, dễ tạo màu và giữ lớp trang điểm lâu trôi cả ngày dài. Sự kết hợp của các kết cấu khác nhau, có thể tạo ra nhiều kiểu trang điểm mắt. Bảng phấn mắt gồm một chiếc cọ hai đầu và một chiếc gương trang điểm tiện dụng. Bảo quản: Bảo quản ở nhiệt độ thường, nơi khô ráo thoáng mát Hạn sử dụng: 3 năm Nơi sản xuất: Trung Quốc</p>', 99000, 66000, 649, '[]', 1, 1, NULL, 5, 3, '2023-01-25 15:24:34', '2023-01-28 09:32:42', 0),
(71, 'Mút tán kem nền FOCALLURE dạng giọt nước', 'Mút tán kem nền FOCALLURE dạng giọt nước', 8, 3, 'Focallure', '<p class=\"irIKAp\">Thời gian giao hàng dự kiến cho sản phẩm này là từ 7-9 ngày</p>\r\n<table style=\"border-collapse:collapse;width:99.9629%;border-width:2px;border-spacing:8px;border-color:rgb(22,145,121);height:156.8px;\" border=\"1\"><colgroup><col style=\"width:49.9072%;\" /><col style=\"width:49.9072%;\" /></colgroup>\r\n<tbody>\r\n<tr style=\"height:22.4px;\">\r\n<td style=\"border-width:2px;padding:8px;border-color:rgb(22,145,121);height:22.4px;\"><strong>Thương hiệu</strong></td>\r\n<td style=\"border-width:2px;padding:8px;border-color:rgb(22,145,121);height:22.4px;\">FOCALLURE</td>\r\n</tr>\r\n<tr style=\"height:22.4px;\">\r\n<td style=\"border-width:2px;padding:8px;border-color:rgb(22,145,121);height:22.4px;\"><strong>Công Thức</strong></td>\r\n<td style=\"border-width:2px;padding:8px;border-color:rgb(22,145,121);height:22.4px;\">Lỏng</td>\r\n</tr>\r\n<tr style=\"height:22.4px;\">\r\n<td style=\"border-width:2px;padding:8px;border-color:rgb(22,145,121);height:22.4px;\"><strong>Loại Da</strong></td>\r\n<td style=\"border-width:2px;padding:8px;border-color:rgb(22,145,121);height:22.4px;\">Dầu, Da mụn trứng cá</td>\r\n</tr>\r\n<tr style=\"height:22.4px;\">\r\n<td style=\"border-width:2px;padding:8px;border-color:rgb(22,145,121);height:22.4px;\"><strong>Hạn sử dụng</strong></td>\r\n<td style=\"border-width:2px;padding:8px;border-color:rgb(22,145,121);height:22.4px;\">36 tháng</td>\r\n</tr>\r\n<tr style=\"height:22.4px;\">\r\n<td style=\"border-width:2px;padding:8px;border-color:rgb(22,145,121);height:22.4px;\"><strong>Kho hàng</strong></td>\r\n<td style=\"border-width:2px;padding:8px;border-color:rgb(22,145,121);height:22.4px;\">29301</td>\r\n</tr>\r\n</tbody>\r\n</table>\r\n<p class=\"irIKAp\">Mút tán kem trang điểm Focallure mềm mại có thể được sử dụng dạng khô và nước, kích thước lớn hơn sau khi làm ướt, an toàn và không mùi</p>\r\n<p class=\"irIKAp\">1. Kết cấu mút tinh tế và mềm mại, thoáng khí, không dễ để thấm phấn vào trong sản phẩm.</p>\r\n<p class=\"irIKAp\">2. Sử dụng cả với loại trang điểm khô và ướt - Sử dụng khô (đối với phấn phủ, phấn nén), sử dụng ướt (đối với kem BB, kem nền dạng lỏng)</p>\r\n<p class=\"irIKAp\">3. Thành phần nhập khẩu, không phải lo lắng khi sử dụng, mút hydrophilic không latex (polyurethane) với khả năng đàn hồi tốt</p>\r\n<p class=\"irIKAp\">4. Dễ thông hơi và thoát nước, khả năng đàn hồi nhanh, nhanh khô, dễ sử dụng</p>\r\n<p class=\"irIKAp\">Mang đến cảm giác mềm mại khi chạm vào làn da, tự do vắt và không bị biến dạng</p>\r\n<p class=\"irIKAp\">Sử dụng được với loại trang điểm ướt và khô, sử dụng dạng khô để lớp trang điểm đều màu; sử dụng dạng ướt cho lớp trang điểm rõ nét và tự nhiên, tiết kiệm phấn</p>\r\n<p class=\"irIKAp\">Mút ưa nước nhanh chóng nở ra và trở nên lớn hơn khi tiếp xúc với nước, và không bị co lại, cải thiện tốc độ trang điểm</p>\r\n<p class=\"irIKAp\">Sản phẩm hoàn toàn có thể được sử dụng chỉ với một lượng phấn rất ít và có thể sử dụng cho hầu hết các loại phấn nền cho da mặt.</p>\r\n<p class=\"irIKAp\">*Cách sử dụng:</p>\r\n<p class=\"irIKAp\">Thoa kem nền lên trán, mũi, cằm, má, sau đó làm ẩm mút, tán kem nền, phương pháp là nhẹ nhàng từ bên trong ra bên ngoài, chủ yếu là sử dụng phương pháp vỗ nhẹ.</p>\r\n<p class=\"irIKAp\">Lưu ý</p>\r\n<p class=\"irIKAp\">Không vặn khi vệ sinh mút để tránh móng tay làm trầy xước mút</p>\r\n<p class=\"irIKAp\">Các bước làm sạch:</p>\r\n<p class=\"irIKAp\">Bước 1: Lấy một lượng chất tẩy thích hợp và đổ vào sản phẩm để thẩm thấu.</p>\r\n<p class=\"irIKAp\">Bước 2: Sử dụng một lực nhẹ để bóp sản phẩm, lặp lại nhiều lần cho đến khi cặn trang điểm ra hết.</p>\r\n<p class=\"irIKAp\">Bước 3: Rửa sạch mút bằng nước sạch và để khô ở nơi thoáng khí.</p>\r\n<p class=\"irIKAp\">Tên thương hiệu: FOCALLURE</p>\r\n<p class=\"irIKAp\">Tên sản phẩm: Mút tán phấn</p>\r\n<p class=\"irIKAp\">Chất liệu: mút hydrophilic không chứa latex (polyurethane)</p>\r\n<p class=\"irIKAp\">Lưu ý : Nên vệ sinh sản phẩm mỗi tuần một lần</p>\r\n<p class=\"irIKAp\">Thông số chi tiết: Bình thường</p>\r\n<p class=\"irIKAp\">Trọng lượng sản phẩm: 20g</p>\r\n<p class=\"irIKAp\">Nơi sản xuất: Trung Quốc</p>\r\n<p class=\"irIKAp\">Thời hạn sản phẩm: 3 năm</p>\r\n<p class=\"irIKAp\">Hướng dẫn bảo quản: Nơi thoáng mát, tránh ánh nắng trực tiếp</p>', 39000, 26000, 1650, '[]', 1, 0, NULL, 5, 3, '2023-01-01 15:26:09', '2023-01-27 09:53:41', 0),
(72, 'Lốc 12 hộp cà phê uống liền Nescafé® (hộp 180ml)', 'Lốc 12 hộp cà phê uống liền Nescafé® (hộp 180ml)', 6, 5, 'Nestlé', '<p>NESCAFE CAFE SỮA ĐÁ PHIÊN BẢN KHUYẾN MẠI QUÉT MÃ SĂN QUÀ DU LỊCH</p>\r\n<p>- NESCAFE CAFE Sữa Đá \"\"Gấp đôi cà phê - Gấp đôi sữa\"\", đậm ngon bất biến tới ngụm cuối cùng nay đã có thêm diện mạo mới với chương trình khuyến mãi Quét Mã Săn Quà Du Lịch.</p>\r\n<p>- Chỉ cần mở nắp, quét mã bằng Zalo, bạn đã có ngay cơ hội trúng voucher máy bay trị giá 50 triệu đồng và hàng ngàn giải thưởng hấp dẫn khác chỉ trong tíc tắc. Thông tin chi tiết xem tại https://monapsanqua.com/. Tham gia ngay!</p>\r\n<p>BỘ SẢN PHẨM BAO GỒM 12 hộp cà phê uống liền Nescafé® cà phê sữa đá (hộp 180ml)</p>\r\n<p>ĐẶC ĐIỂM NỔI BẬT</p>\r\n<p>- Công thức mới “Đậm cà phê + Sánh quyện sữa”.</p>\r\n<p>- Làm từ 100% hạt cà phê chất lượng từ vùng đất Tây Nguyên, Việt Nam.</p>\r\n<p>- Hương vị thơm ngon khó cưỡng, là sự lựa chọn hoàn hảo cho khách hàng yêu thích vị cà phê sữa đá truyền thống.</p>\r\n<p>- Phù hợp với cuộc sống năng động, thưởng thức café mọi lúc mọi nơi của người tiêu dùng.</p>\r\n<p>THÀNH PHẦN Nước, đường, bột kem pha cà phê (có chứa sữa-contain milk), sữa bột 1,6% (milk powder), hỗn hợp cà phê hòa tan 1,3% (có chứa đậu nành-contain soya), chất điều chỉnh độ acid (500(ii), 332(ii)), bột sữa dừa (coconut milk powder), chất ổn định (460(i), 471, 466, 407), hương giống tự nhiên (cà phê, caramen), muối i-ốt, chất tạo ngọt tổng hợp acesulfam kali.</p>\r\n<p>LƯU Ý Sản phẩm có thể chứa gluten (may contain gluten) Không dùng cho người dị ứng với thành phần của sản phẩm. Thành phần béo và cà phê có khả năng bị nổi hoặc lắng nhưng chất lượng không thay đổi.</p>\r\n<p> </p>', 199000, 129000, 452, '[]', 1, 0, NULL, 5, 3, '2022-12-31 17:00:00', '2023-01-26 16:26:02', 0),
(73, 'Hộp cà phê sữa đá Nescafé (10 gói x 24g)', 'Hộp cà phê sữa đá Nescafé (10 gói x 24g)', 6, 5, 'Nestlé', '<p>Tết này còn chần chờ gì mà hãy MUA NGAY NESCAFÉ để có cơ hội TRÚNG MỖI NGÀY 1 XE MÁY SH MODE VÀ HÀNG TRĂM NGÀN THẺ CÀO ĐIỆN THOẠI LÊN ĐẾN 100.000 VND</p>\r\n<p>Nescafé cà phê sữa đá trong công thức 24 gram mới, tự hào mang đến cho bạn một ly cà phê sữa đá thuần túy Việt Nam. Nhân đôi sánh quyện với nhiều cà phê và sữa hơn, cho bạn 1 ly cà phê sữa thơm béo như pha phin, đậm ngon khó cưỡng. Một ly Nescafé cà phê sữa đá mỗi sáng giúp khơi dậy nguồn hứng khởi cả về thể chất lẫn tinh thần, kích thích các giác quan và tăng cường sự tập trung cho bạn.</p>\r\n<p>ĐẶC ĐIỂM NỔI BẬT</p>\r\n<p>- Công thức mới chuẩn vị pha phin.</p>\r\n<p>- Nhân đôi sánh quyện, x2 vị sữa, x2 vị cà phê.</p>\r\n<p>- Vị cà phê thuần túy Việt Nam với vị cà phê mạnh mẽ kết hợp với vị sữa thật béo dịu.</p>\r\n<p>- Hương vị thơm ngon khó cưỡng như cà phê phin pha sữa đặc.</p>\r\n<p>- Gói mới nhiều hơn với 24g.</p>\r\n<p>LƯU Ý</p>\r\n<p>- Sản phẩm có chứa đậu nành (contain soya).</p>\r\n<p>- Không dùng cho người dị ứng với các thành phần của sản phẩm.</p>\r\n<p>HƯỚNG DẪN SỬ DỤNG</p>\r\n<p>- Uống lạnh: Hòa 1 gói Nescafé cà phê sữa đá với 50ml nước nóng và khuấy đều. Cho thêm đá và thưởng thức.</p>\r\n<p>HÔNG TIN THƯƠNG HIỆU NESCAFÉ là một trong những thương hiệu cà phê hàng đầu trên toàn thế giới với lịch sử phát triên lâu đời. NESCAFÉ luôn nhận được sự tín nhiệm và tin yêu của người tiêu dùng trên toàn thế giới nhờ không ngừng sáng tạo và mang đến những ly cà phê thơm ngon đa hương vị. Các sản phẩm của NESCAFÉ được đóng hộp và đóng gói lẻ theo dây, đảm bảo cung cấp những ly cà phê chất lượng và hợp túi tiền cho mỗi gia đình người Việt.</p>', 46000, 42000, 383, '[]', 1, 0, NULL, 5, 4, '2023-01-27 11:21:23', '2023-01-28 09:20:27', 0),
(74, 'Sữa lúa mạch Nestlé® MILO® thùng 48 hộp x 115ml', 'Sữa lúa mạch Nestlé® MILO® thùng 48 hộp x 115ml', 6, 5, 'Nestlé', '<p>Bao bì được giao theo từng đợt nhập hàng</p>\r\n<p>Được nghiên cứu và giới thiệu lần đầu tại Úc vào năm 1934, Nestlé MILO ban đầu là một loại thức uống kết hợp từ sữa, ngũ cốc và cacao, bổ sung thêm vitamin và muối khoáng. Tại Việt Nam, Nestlé MILO lần đầu tiên được giới thiệu vào năm 1994. Sau 25 năm, nhãn hàng đã cung cấp hơn 10,5 tỷ hộp MILO cho trẻ em trên cả nước với nỗ lực đem đến cho trẻ em Việt Nam nguồn năng lượng và dinh dưỡng cần thiết, cho trẻ năng động mỗi ngày.</p>\r\n<p>Bên cạnh đó, ngoài cung cấp nguồn dinh dưỡng và năng lượng cho trẻ em Việt Nam thông qua các sản phẩm của mình, Nestlé MILO giới thiệu nền tảng \"\"Năng động Việt Nam\"\" với các hoạt động thể thao khuyến khích lối sống năng động ở trẻ. Đã có 2,5 triệu trẻ em Việt Nam được tiếp cận hoạt động thể thao do Nestlé MILO tổ chức hoặc tài trợ trong giai đoạn 1994-2019.\"</p>\r\n<p>• Sữa lúa mạch MILO hộp nhí với thể tích 115 ml, khẩu phần thích hợp cho nhà vô địch \"\"nhí\"\"</p>\r\n<p>• Sữa lúa mạch MILO đóng vai trò quan trọng trong việc giải phóng năng lượng, tăng cường chức năng cơ và hệ xương, hỗ trợ tích cực cho các hoạt động thể chất và não bộ của trẻ.</p>\r\n<p>• Hương vị thơm ngon trẻ yêu thích và giàu dinh dưỡng với sự hòa quyện của cacao, sữa và lúa mạch</p>\r\n<p>• Uống sữa lúa mạch Nestlé® MILO® mỗi ngày giúp bổ sung năng lượng và dưỡng chất thiết yếu, cho trẻ năng động mỗi ngày!</p>\r\n<p>Lưu ý: Không dùng cho người dị ứng với các thành phần của sản phẩm</p>\r\n<p>• Nhu cầu khuyến nghị: sử dụng 2 khẩu phần (180ml) MILO mỗi ngày cho trẻ từ 6 tuổi trở lên. Không dùng cho trẻ nhỏ dưới 2 tuổi. </p>\r\n<p>• Cách sử dụng: Lắc đều trước khi uống. Dùng trực tiếp. Ngon hơn khi uống lạnh</p>\r\n<p>• Cách bảo quản: Bảo quản sản phẩm nơi khô ráo, thoáng mát, tránh ánh nắng trực tiếp. Thể tích thực: 115 ml ** bao bì thay đổi theo từng đợt nhập hàng</p>', 300000, 222000, 752, '[]', 1, 1, NULL, 5, 3, '2023-01-01 15:44:44', '2023-01-26 16:25:58', 0),
(75, 'Thùng 48 hộp sữa Nestlé Gấu hương việt quất (48x180ml)', 'Thùng 48 hộp sữa Nestlé Gấu hương việt quất (48x180ml)', 6, 5, 'Nestlé', '<p>Đến từ Thụy Sĩ, sữa Nestle Gấu cung cấp đến 25% nhu cầu canxi mỗi ngày &amp; các dưỡng chất thiết yếu cho xương chắc khỏe, giúp trẻ luôn sẵng sàng trước mọi thử thách!</p>\r\n<p>ĐẶC ĐIỂM NỔI BẬT</p>\r\n<p>- Với công thức NutriStrong, mỗi hộp sữa Nestle Gấu cung cấp đến 25% nhu cầu canxi mỗi ngày &amp; các dưỡng chất thiết yếu như Vitamin D, A, B3, B6, B8, B9, chất đạm... cho xương chắc khỏe, giúp trẻ MẠNH MẼ để luôn sẵng sàng trước mọi thử thách!</p>\r\n<p>- Nhiều lựa chọn mỗi ngày với 4 hương vị thơm ngon của Sữa Nestle Gấu:</p>\r\n<p>+ Sữa Nestle Gấu có đường</p>\r\n<p>+ Sữa Nestle Gấu ít đường</p>\r\n<p>+ Sữa Nestle Gấu hương dâu trắng</p>\r\n<p>+ Sữa Nestle Gấu hương việt quất</p>\r\n<p>- Mẹ có thể cho trẻ sử dụng sữa Nestlé Gấu vào bất cứ thời điểm nào trong ngày, tốt nhất là 1 hộp buổi sáng &amp; 1 hộp buổi tối trước khi đi ngủ 1-2 tiếng để trẻ có giấc ngủ ngon</p>\r\n<p>THÀNH PHẦN Nước, sữa bột tách kem 9% (skimmed milk powder), đường, dầu bơ từ sữa (from milk), dầu thực vật, calci phosphat tự nhiên từ sữa (from milk), chất ổn định (460i, 471, 466, 407), hương việt quất giống tự nhiên và các vitamin (B3, A, D, B6, B9, B8)</p>', 400, 329000, 452, '[]', 1, 0, NULL, 4, 3, '2023-01-25 15:46:01', '2023-01-26 16:25:57', 0),
(76, 'Cà phê sữa NESCAFÉ Vị Hạnh Nhân (Hộp 10 gói x 24g)', 'Cà phê sữa NESCAFÉ Vị Hạnh Nhân (Hộp 10 gói x 24g)', 6, 5, 'Nestlé', '<p>Được truyền cảm hứng từ sự kết hợp độc đáo của các nguyên vật liệu từ các chuyên gia pha chế Barista, Nescafé Latte sữa hạt là sự hòa quyện của cà phê latte sành điệu và sữa hạt sánh mịn, mang đến trải nghiệm cà phê thơm ngon khó cưỡng, nâng tầm ly cà phê hòa tan ngon chuẩn như cà phê pha tại quán.</p>\r\n<p> ĐẶC ĐIỂM NỔI BẬT</p>\r\n<p>- Nescafé Latte sữa hạt với vị hạt hạnh nhân đậm vị đem đến cho bạn đa dạng sự lựa chọn cho trải nghiệm cà phê ngon mỗi ngày.</p>\r\n<p>- Một gói cà phê nay lên đến 24gram mang đến cho bạn 1 ly cà phê latte đá sánh mịn, rất đáng thử!</p>\r\n<p>THÀNH PHẦN</p>\r\n<p>Đường, bột kem pha cà phê (có chứa sữa và lactose - contain milk and lactose), cà phê hòa tan* (7.3%), đậu Navy (2,8%), chất làm dầy 1440, hương tổng hợp (sữa, cà phê, ngũ cốc, hạnh nhân), bột sữa dừa – coconut milk powder, muối i-ốt, sữa bột tách kem - skimmed milk powder (0.5%), chất điều chỉnh độ axit 500(ii).</p>\r\n<p>LƯU Ý: Sản phẩm có chứa đậu nành (contain soya). Không dùng cho người dị ứng với các thành phần của sản phẩm.</p>\r\n<p>HƯỚNG DẪN SỬ DỤNG Uống nóng: Hòa 1 gói cà phê hòa tan Nescafé Latte vị hạnh nhân với 100 ml nước nóng, khuấy đều và thưởng thức. Uống lạnh: Hòa 1 gói cà phê hòa tan Nescafé Latte vị hạnh nhân với 50 ml nước nóng. Khuấy đều, thêm đá và thưởng thức.</p>', 65000, 59000, 674, '[]', 1, 0, NULL, 4, 3, '2022-12-31 17:00:00', '2023-01-26 16:26:07', 0),
(77, 'Kẹo Mềm Alpenliebe 2Chew Hương Hỗn Hợp Dâu & Nho', 'Kẹo Mềm Alpenliebe 2Chew Hương Hỗn Hợp Dâu &amp; Nho', 6, 5, 'Alpenliebe', '<p class=\"irIKAp\" style=\"text-align:justify;line-height:2;\">Kẹo Mềm Alpenliebe 2Chew Hương Hỗn Hợp Dâu &amp; Nho</p>\r\n<p class=\"irIKAp\" style=\"text-align:justify;line-height:2;\">Kẹo Mềm Alpenliebe 2Chew quyện vị trái cây dai ngon ngất ngây</p>\r\n<p class=\"irIKAp\" style=\"text-align:justify;line-height:2;\">Sản xuất tại Việt Nam, bởi Cty Perffeti Van Melle Việt Nam</p>\r\n<p class=\"irIKAp\" style=\"text-align:justify;line-height:2;\">Hạn sử dụng: 15 tháng</p>\r\n<p class=\"irIKAp\" style=\"text-align:justify;line-height:2;\">Bảo quản nơi khô thoáng, tránh ánh nắng trực tiếp.</p>\r\n<p class=\"irIKAp\" style=\"text-align:justify;line-height:2;\">Thông tin thương hiệu</p>\r\n<p class=\"irIKAp\" style=\"text-align:justify;line-height:2;\">Perfetti Van Melle (PVM) được thành lập vào tháng 3 năm 2001 khi Perfetti Spa mua lại Van Melle, tạo ra công ty bánh kẹo lớn thứ ba thế giới. Năm 2006 Perfetti Van Melle mua lại công ty Chupa Chups của Tây Ban Nha. Năm 1958 chúng tôi được ví von là \"\"\"\"\"\"\"\"ăn kẹo bằng nĩa\"\"\"\"\"\"\"\": Enric Bernat đã tạo ra sản phẩm khiến cho mọi lứa tuổi đều yêu thích – kẹo mút và bắt đầu giúp cho Chupa Chups trở nên nổi tiếng hơn bao giờ hết. Đến năm 1969, Salvador Dalí đã minh họa logo Chupa Chups như bông hoa cúc xinh xắn trên một tờ báo trong khi đang ngồi ăn trưa cùng nhà sáng lập thương hiệu này. Logo này hiện vẫn còn được sử dụng đến ngày nay. Là một trong những nhà sản xuất, phân phối kẹo và kẹo cao su lớn nhất thế giới, chúng tôi tạo ra hàng loạt các thương hiệu và sản phẩm độc đáo được yêu thích ở khắp hơn 150 quốc gia trên toàn cầu. Sứ mệnh của chúng tôi:</p>\r\n<p class=\"irIKAp\" style=\"text-align:justify;line-height:2;\">- Phát triển, sản xuất và mang đến thị trường những sản phẩm cải tiến, chất lượng cao cho người tiêu dùng thông qua việc sử dụng hiệu quả các nguồn lực cũng như phối hợp chặt chẽ với các đối tác kinh doanh;</p>\r\n<p class=\"irIKAp\" style=\"text-align:justify;line-height:2;\">- Tạo ra một môi trường làm việc hoàn hảo cho nhân viên xây dựng trên nền tảng của sự tin cậy, tôn trọng lẫn nhau và trân trọng tính đa dạng;</p>\r\n<p class=\"irIKAp\" style=\"text-align:justify;line-height:2;\">- Coi trọng vai trò của chính mình trong cộng đồng với tư cách là một tổ chức có những cam kết tốt đẹp vì lợi ích của xã hội và môi trường;</p>\r\n<p class=\"irIKAp\" style=\"text-align:justify;line-height:2;\">- Tạo ra giá trị kinh tế thông qua tăng trưởng và lợi nhuận vượt trội.Sự kiên định với những nguyên tắc này sẽ dẫn dắt chúng tôi đến gần hơn với những định hướng ban đầu của mình.</p>', 29000, 25000, 153, '[]', 1, 0, NULL, 5, 3, '2022-12-31 17:00:00', '2023-01-27 09:57:51', 0),
(78, 'Kẹo Alpenliebe Trà Sữa và Trà Bưởi Mật Ong (Gói 94 viên)', 'Kẹo Alpenliebe Trà Sữa và Trà Bưởi Mật Ong (Gói 94 viên)', 6, 5, 'Alpenliebe', '<p>Kẹo Alpenliebe Trà Sữa và Trà Bưởi Mật Ong (Gói 94 viên) Hương Hồng Trà Sữa và Trà Bưởi thơm ngon, ngọt ngào  </p>\r\n<p>Sản phẩm bổ sung một số dưỡng chất tốt cho cơ thể người dùng. Một vài viên kẹo ngọt trong túi đôi khi sẽ giúp bạn giảm stress, giúp trí não hoạt động minh mẫn hơn, tăng lượng đường trong máu. Đóng gói nhỏ gọn, có thể mang theo bên mình. Thành phần an toàn cho sức khoẻ  </p>\r\n<p>Mỗi khoảnh khắc là một cơ hội sẻ chia yêu thương, mang hạnh phúc đến cho mọi người và tận hưởng cuộc sống ngọt ngào.  </p>\r\n<p>- Bảo quản nơi khô ráo, mát mẻ. Tránh ánh nắng mặt trời. </p>\r\n<p>- Sản xuất tại Việt Nam, bởi Cty Perffeti Van Melle Việt Nam.  </p>\r\n<p>- Hạn sử dụng: 18 Tháng kể từ ngày sản xuất.</p>', 29000, 27000, 784, '[]', 1, 0, NULL, 5, 3, '2022-12-31 17:00:00', '2023-01-26 16:26:04', 0),
(79, 'Kẹo Alpenliebe Hương Matcha Dâu (Gói 33 viên - 115.5g)', 'Kẹo Alpenliebe Hương Matcha Dâu (Gói 33 viên - 115.5g)', 6, 5, 'Alpenliebe', '<p class=\"irIKAp\" style=\"text-align:justify;line-height:2;\">Kẹo Alpenliebe Hương Dâu Matcha</p>\r\n<p class=\"irIKAp\" style=\"text-align:justify;line-height:2;\">--------------------</p>\r\n<p class=\"irIKAp\" style=\"text-align:justify;line-height:2;\">Ngọt ngào kẹo tết - Yêu thương về nhà!</p>\r\n<p class=\"irIKAp\" style=\"text-align:justify;line-height:2;\">Khai xuân cùng Kẹo Alpenliebe Hương Dâu Matcha. Hương vị Dâu Matcha mới lạ, hòa quyện giữa hương vị ngọt ngào và thơm thơm vị trà xanh Matcha cho ngày Tết gắn kết.</p>\r\n<p class=\"irIKAp\" style=\"text-align:justify;line-height:2;\">- Bảo quản nơi khô ráo, mát mẻ. Tránh ánh nắng mặt trời.</p>\r\n<p class=\"irIKAp\" style=\"text-align:justify;line-height:2;\">- Sản xuất tại Việt Nam, bởi Cty Perffeti Van Melle Việt Nam.</p>\r\n<p class=\"irIKAp\" style=\"text-align:justify;line-height:2;\">- Hạn sử dụng: 15 tháng kể từ ngày sản xuất.</p>\r\n<p class=\"irIKAp\" style=\"text-align:justify;line-height:2;\">Thông tin thương hiệu</p>\r\n<p class=\"irIKAp\" style=\"text-align:justify;line-height:2;\">Perfetti Van Melle (PVM) được thành lập vào tháng 3 năm 2001 khi Perfetti Spa mua lại Van Melle, tạo ra công ty bánh kẹo lớn thứ ba thế giới. Năm 2006 Perfetti Van Melle mua lại công ty Chupa Chups của Tây Ban Nha. Năm 1958 chúng tôi được ví von là \"ăn kẹo bằng nĩa\": Enric Bernat đã tạo ra sản phẩm khiến cho mọi lứa tuổi đều yêu thích – kẹo mút và bắt đầu giúp cho Chupa Chups trở nên nổi tiếng hơn bao giờ hết. Đến năm 1969, Salvador Dalí đã minh họa logo Chupa Chups như bông hoa cúc xinh xắn trên một tờ báo trong khi đang ngồi ăn trưa cùng nhà sáng lập thương hiệu này. Logo này hiện vẫn còn được sử dụng đến ngày nay. Là một trong những nhà sản xuất, phân phối kẹo và kẹo cao su lớn nhất thế giới, chúng tôi tạo ra hàng loạt các thương hiệu và sản phẩm độc đáo được yêu thích ở khắp hơn 150 quốc gia trên toàn cầu. Sứ mệnh của chúng tôi:</p>\r\n<p class=\"irIKAp\" style=\"text-align:justify;line-height:2;\">- Phát triển, sản xuất và mang đến thị trường những sản phẩm cải tiến, chất lượng cao cho người tiêu dùng thông qua việc sử dụng hiệu quả các nguồn lực cũng như phối hợp chặt chẽ với các đối tác kinh doanh;</p>\r\n<p class=\"irIKAp\" style=\"text-align:justify;line-height:2;\">- Tạo ra một môi trường làm việc hoàn hảo cho nhân viên xây dựng trên nền tảng của sự tin cậy, tôn trọng lẫn nhau và trân trọng tính đa dạng;</p>\r\n<p class=\"irIKAp\" style=\"text-align:justify;line-height:2;\">- Coi trọng vai trò của chính mình trong cộng đồng với tư cách là một tổ chức có những cam kết tốt đẹp vì lợi ích của xã hội và môi trường;</p>\r\n<p class=\"irIKAp\" style=\"text-align:justify;line-height:2;\">- Tạo ra giá kinh tế thông qua tăng trưởng và lợi nhuận vượt trội.Sự kiên định với những nguyên tắc này sẽ dẫn dắt chúng tôi đến gần hơn với những định hướng ban đầu của mình.</p>', 14000, 12000, 54, '[]', 1, 0, NULL, 4, 4, '2023-01-01 17:00:00', '2023-01-28 10:02:14', 0),
(80, 'Alpenliebe 2Chew Hương Dâu và Nho (48 viên - 168g)', 'Alpenliebe 2Chew Hương Dâu và Nho (48 viên - 168g)', 6, 5, 'Alpenliebe', '<p class=\"irIKAp\">Hộp Quà Tết Kẹo Mềm 2Chew Alpenliebe Hương Dâu và Nho</p>\r\n<p class=\"irIKAp\">- Kẹo Alpenliebe 2chew hương hỗn hợp dâu &amp; nho là một phần thú vị không thể thiếu trong những buổi sum họp hay nhâm nhi lúc rảnh rỗi</p>\r\n<p class=\"irIKAp\">- Với hương trái cây hỗn hợp dâu và nho, Kẹo mềm Alpenliebe mang hương vị ngọt ngào trong từng viên kẹo. Mềm dai, nhai ngon</p>\r\n<p class=\"irIKAp\">- Với bao bì Tết 2023 nổi bật rực sắc đỏ, Hộp quà Alpenliebe 2chew còn là một món quà đáng yêu, giá trị dành tặng bạn bè, người thân.</p>\r\n<p class=\"irIKAp\">-----------------</p>\r\n<p class=\"irIKAp\">- Bảo quản nơi khô ráo, mát mẻ. Tránh ánh nắng mặt trời.</p>\r\n<p class=\"irIKAp\">- Sản xuất tại Việt Nam, bởi Cty Perffeti Van Melle Việt Nam.</p>\r\n<p class=\"irIKAp\">- Hạn sử dụng: 18 tháng kể từ ngày sản xuất.</p>\r\n<p class=\"irIKAp\">Thông tin thương hiệu</p>\r\n<p class=\"irIKAp\">Perfetti Van Melle (PVM) được thành lập vào tháng 3 năm 2001 khi Perfetti Spa mua lại Van Melle, tạo ra công ty bánh kẹo lớn thứ ba thế giới. Năm 2006 Perfetti Van Melle mua lại công ty Chupa Chups của Tây Ban Nha. Năm 1958 chúng tôi được ví von là \"ăn kẹo bằng nĩa\": Enric Bernat đã tạo ra sản phẩm khiến cho mọi lứa tuổi đều yêu thích – kẹo mút và bắt đầu giúp cho Chupa Chups trở nên nổi tiếng hơn bao giờ hết. Đến năm 1969, Salvador Dalí đã minh họa logo Chupa Chups như bông hoa cúc xinh xắn trên một tờ báo trong khi đang ngồi ăn trưa cùng nhà sáng lập thương hiệu này. Logo này hiện vẫn còn được sử dụng đến ngày nay. Là một trong những nhà sản xuất, phân phối kẹo và kẹo cao su lớn nhất thế giới, chúng tôi tạo ra hàng loạt các thương hiệu và sản phẩm độc đáo được yêu thích ở khắp hơn 150 quốc gia trên toàn cầu. Sứ mệnh của chúng tôi:</p>\r\n<p class=\"irIKAp\">- Phát triển, sản xuất và mang đến thị trường những sản phẩm cải tiến, chất lượng cao cho người tiêu dùng thông qua việc sử dụng hiệu quả các nguồn lực cũng như phối hợp chặt chẽ với các đối tác kinh doanh;</p>\r\n<p class=\"irIKAp\">- Tạo ra một môi trường làm việc hoàn hảo cho nhân viên xây dựng trên nền tảng của sự tin cậy, tôn trọng lẫn nhau và trân trọng tính đa dạng;</p>\r\n<p class=\"irIKAp\">- Coi trọng vai trò của chính mình trong cộng đồng với tư cách là một tổ chức có những cam kết tốt đẹp vì lợi ích của xã hội và môi trường;</p>\r\n<p class=\"irIKAp\">- Tạo ra giá kinh tế thông qua tăng trưởng và lợi nhuận vượt trội.Sự kiên định với những nguyên tắc này sẽ dẫn dắt chúng tôi đến gần hơn với những định hướng ban đầu của mình.</p>', 60000, 49000, 397, '[]', 1, 0, NULL, 4, 3, '2022-12-31 17:00:00', '2023-01-27 09:58:19', 0);
INSERT INTO `products` (`id`, `name`, `tittle`, `category_id`, `seller_id`, `brand`, `description`, `original_price`, `selling_price`, `qty`, `attributes`, `status`, `trending`, `other_attribute`, `average_star`, `sold`, `created_at`, `updated_at`, `del_flag`) VALUES
(81, 'Kẹo Alpenliebe Hương Xoài Nhân Muối Ớt (Gói 77 viên)', 'Kẹo Alpenliebe Hương Xoài Nhân Muối Ớt (Gói 77 viên)', 6, 5, 'Alpenliebe', '<p class=\"irIKAp\">Kẹo Alpenliebe Tết 2023 Hương Xoài Nhân Muối Ớt (Gói 77 viên - 223g)</p>\r\n<p class=\"irIKAp\">--------------------</p>\r\n<p class=\"irIKAp\">- Viên kẹo là sự kết hợp mới lạ giữa vị chua ngọt dịu của xoài cùng vị cay cay từ muối ớt, tan ngay từ đầu lưỡi, thơm ngon khó cưỡng. Thật sự ngon ngất ngây không thể chối từ.</p>\r\n<p class=\"irIKAp\">- Sản phẩm đóng thành nhiều viên nhỏ gọn, có thể mang theo bên mình khi ra ngoài. Và chia sẻ dễ dàng cùng bạn bè, người thân.</p>\r\n<p class=\"irIKAp\">Sản xuất và phân phối bởi: Công ty TNHH Perfetti Van Melle (Việt Nam).</p>\r\n<p class=\"irIKAp\">Bảo quản nơi khô ráo, mát mẻ. Tránh ánh nắng mặt trời.</p>\r\n<p class=\"irIKAp\">Hạn sử dụng: 18 tháng kể từ ngày sản xuất.</p>', 28000, 25000, 451, '[]', 1, 0, NULL, 5, 3, '2023-01-25 16:01:49', '2023-01-27 09:58:29', 0),
(82, 'Bộ 6 món vá sạn nhựa nấu ăn Green Cook chất liệu PA66', 'Bộ 6 món vá sạn nhựa nấu ăn Green Cook chất liệu PA66', 5, 5, 'Green Cook', '<p>• Bộ 6 Món: Vá Múc Canh, Vá Vớt Trứng, Muỗng Vớt, Muỗng Canh Nhỏ, Xạn Xúc Trứng, Vá Vớt Mì được làm từ chất liệu nhựa có độ bền cao, không tương tác hóa học với thực phẩm kể cả ghi gặp nhiệt độ cao, đảm bảo an toàn cho sức khỏe người sử dụng.</p>\r\n<p>• Bộ sản phẩm có thiết kế nhiều hình dạng độc đáo. Mỗi sản phẩm phù hợp với từng món ăn khác nhau, tạo sự tiện lợi tối đa cho bạn trong quá trình nấu nướng</p>\r\n<p>+ Thiết kế gọn nhẹ, dễ dàng bảo quản </p>\r\n<p>• Được thiết kế với kích thước gọn, tay cầm vừa vặn hỗ trợ tối đa cho việc nấu bếp của bạn. Sản phẩm được chế tạo tỉ mỉ và chỉn chu trong từng đường nét kết cấu và kiểu dáng tạo hình, với màu đen sang trọng bạn có thể vừa dùng để phục vụ việc nấu ăn vừa làm cho gian bếp nhà bạn trở nên chuyên nghiệp hơn.</p>\r\n<p>+ Tay cầm cùng móc treo tiện lợi Thiết kế tay cầm vừa vặn, chống trơn trượt giúp bạn thực hiện các công việc nấu nướng được dễ dàng hơn. Bộ sản phẩm được trang bị kèm theo móc treo tiện lợi để bạn có thể cất giữ gọn gàng sau khi sử dụng.</p>\r\n<p>+ Thích hợp với mọi không gian bếp</p>\r\n<p>• Bếp của bạn sẽ trông hoàn thiện hơn, đồ dùng thiết yếu phù hợp cho mọi nhu cầu nấu ăn của bạn. Bạn sẽ cảm thấy thoải mái, dễ chịu hơn khi có thể thoả thích sử dụng đồ dùng bếp để tạo nên những món ăn, mình yêu thích. + Chất liệu tốt, cho giá trị sử dụng lâu dài</p>\r\n<p>• Sản phẩm được làm từ chất liệu nhựa PP với độ bền cao, cho thời gian sử dụng lâu dài, hạn chế việc phải thay mới thường xuyên gây tốn kém. Chất liệu này không chứa chất độc hại, đảm bảo an toàn cho sức khoẻ của các thành viên trong gia đình.</p>\r\n<p>+ Vệ sinh nhanh chóng, tiết kiệm thời gian</p>\r\n<p>• Với bề mặt trơn nên sẽ khó bám bẩn thế nên việc vệ sinh rất dễ dàng không tốn quá nhiều thời gian. Bạn có thể dành thời gian quý báu của mình chăm sóc cho gia đình thân yêu.</p>', 179000, 119000, 462, '[\"18\"]', 1, 0, NULL, 5, 3, '2023-01-01 16:19:53', '2023-01-26 15:26:34', 0),
(83, 'Lẩu, nướng điện chống dính 5L (30cm) Green Cook GCEH30', 'Lẩu, nướng điện chống dính 5L (30cm) Green Cook GCEH30', 5, 5, 'Green Cook', '<p>ĐẶC ĐIỂM SẢN PHẨM:</p>\r\n<p>1. DUNG TÍCH LỚN 5L Lẩu điện Green Cook có dung tích 5L, đường kính 30cm, phù hợp để chế biến cho bữa ăn lên đến 4- 6 người.</p>\r\n<p>2. CHỐNG DÍNH ƯU VIỆT Nồi được tráng chống dính cao cấp theo tiêu chuẩn Hàn Quốc hoàn toàn mới, giúp cho bề mặt khó trầy xước, chống dính ưu việt, an toàn cho sức khoẻ.</p>\r\n<p>3. CHẤT LIỆU CAO CẤP Nắp kính được làm từ chất liệu chịu nhiệt cao cấp, có thể dựng đứng để tiết kiệm diện tích. Tay cầm nhựa chịu nhiệt cao cấp, chống bỏng, an toàn sử dụng</p>\r\n<p>4. 5 MỨC ĐIỀU CHỈNH NHIỆT ĐỘ Nồi lẩu điện ngoài chức năng chính dùng để nấu lẩu còn có thể dùng để chiên, xào, nấu canh rất tiện lợi, giúp bạn bổ sung nhiều món ăn hấp dẫn vào thực đơn hàng ngày của gia đình</p>\r\n<p>5. CÔNG SUẤT VÀ HIỆU NĂNG Mức công suất lớn 1350W giúp nước mau sôi để nhanh chóng làm chín thực phẩm; cùng mâm nhiệt hiệu suất tối ưu</p>\r\n<p>6. HIỆU QUẢ DẪN NHIỆT TỐI ƯU Lòng nồi với cấu tạo 3 lớp, được đúc từ hợp kim nhôm nguyên khối giúp dẫn nhiệt nhanh và tản nhiệt đều hơn, tiết kiệm điện năng.</p>\r\n<p>LƯU Ý : Lần đầu tiên sử dụng có khả năng xuất hiện mùi và khói, nhưng sau này sẽ không còn nữa, ngoài ra do hiện tượng thanh mayso đốt nóng co giãn vì nhiệt, nên trong quá trình nấu nướng sẽ xuất hiện âm thanh đó là hiện tượng bình thường, không phải sự cố hư hỏng.</p>', 549000, 459000, 193, '[\"11\"]', 1, 0, NULL, 4, 3, '2023-01-27 11:19:19', '2023-01-26 15:26:33', 0),
(84, 'Thảm chùi chân Memory Foam Lock&Lock 430*1000*15mm', 'Thảm chùi chân Memory Foam Lock&amp;Lock 430*1000*15mm', 5, 5, 'Lock&Lock', '<ul>\r\n<li>Thảm chùi chân Memory Foam, Lock&amp;Lock, kiểu Basic, cỡ L, 430*1000*15mm - MAT514</li>\r\n<li>Thảm chùi chân Memory Foam, Lock&amp;Lock, kiểu Basic, cỡ L, 430*1000*15mm - MAT514</li>\r\n<li>Thảm chùi Lock&amp;Lock làm từ hạt mút Microfiber có khả năng thấm hút nước vượt trội</li>\r\n<li>Khô nhanh đến 55% so với các loại thảm nhà tắm thông thường</li>\r\n<li>Chất liệumềm mại, êm ái</li>\r\n<li>Hấp thụ những tác động mạnh, phân tán áp lực của đôi chân ra toàn bộ tấm thảm,mang đến cho bạn cảm giác thoải mái</li>\r\n<li>Không trơn trượt trên sàn, đảm bảo an toàn khi sử dụng</li>\r\n<li>Mặt dưới làm bằng cao su tổng hợp thân thiện với môi trường</li>\r\n<li>Có thể giặt trong máy giặt<br />\r\n<p><strong>Thông tin chung</strong></p>\r\n<p>Thảm chùi chân Memory Foam, Lock&amp;Lock, kiểu Basic, cỡ L, 430*1000*15mm</p>\r\n<p>Hình dạng: Kiểu trơn</p>\r\n<p>Chất liệu: Bề mặt: 100% polyester, phần giữa: mút hoạt tính, đế thảm: cao su tổng hợp.</p>\r\n<p>Kích thước: 430*1000*15mm</p>\r\n<p>Nơi sản xuất: Trung Quốc</p>\r\n<p><strong>Cấu trúc thảm 4 lớp</strong></p>\r\n<p>1. Microfiber : Thấm hút vượt trội và nhanh khô</p>\r\n<p>2. Memory Foam: Lõi memory foam chống mỏi</p>\r\n<p>3. Vải không dệt: Có thể ngăn chặn việc thảm bị biến dạng</p>\r\n<p>4. Cao su tổng hợp: Mặt đáy chống trượt</p>\r\n<p><strong>Phù hợp với mọi căn phòng</strong></p>\r\n<p>Thảm Memory Foam phù hợp với tất cả các phòng và khu vực trong nhà bạn như: Phòng tắm, Phòng ngủ, Phòng khách, Nhà bếp, Bậc cửa.</p>\r\n<p class=\"pdp-mod-section-title\"><strong><span style=\"font-size:14pt;\">Đặc tính sản phẩm Thảm chùi chân Memory Foam Lock&amp;Lock kiểu Basic cỡ L 430*1000*15mm - MAT514</span></strong></p>\r\n<div class=\"pdp-general-features\">\r\n<ul class=\"specification-keys\">\r\n<li class=\"key-li\"><span class=\"key-title\">Thương hiệu</span>\r\n<div class=\"key-value\">Lock&amp;Lock</div>\r\n</li>\r\n<li class=\"key-li\"><span class=\"key-title\">SKU</span>\r\n<div class=\"key-value\">274456500_VNAMZ-420292463</div>\r\n</li>\r\n<li class=\"key-li\"><span class=\"key-title\">Chất liệu thảm</span>\r\n<div class=\"key-value\">Sợi tổng hợp</div>\r\n</li>\r\n<li class=\"key-li\"><span class=\"key-title\">Phong cách</span>\r\n<div class=\"key-value\">Essential</div>\r\n</li>\r\n<li class=\"key-li\"><span class=\"key-title\">Hình dáng thảm</span>\r\n<div class=\"key-value\">Hình chữ nhật</div>\r\n</li>\r\n<li class=\"key-li\"><span class=\"key-title\">Loại thảm</span>\r\n<div class=\"key-value\">Thảm lối vào</div>\r\n</li>\r\n<li class=\"key-li\"><span class=\"key-title\">Độ dày thảm (mm)</span>\r\n<div class=\"key-value\">15</div>\r\n</li>\r\n<li class=\"key-li\"><span class=\"key-title\">Dòng sản phẩm</span>\r\n<div class=\"key-value\">MAT514</div>\r\n</li>\r\n<li class=\"key-li\"><span class=\"key-title\">Loại bảo hành</span>\r\n<div class=\"key-value\">Không bảo hành</div>\r\n</li>\r\n</ul>\r\n</div>\r\n</li>\r\n</ul>', 527000, 473000, 23, '[]', 1, 0, NULL, 4, 3, '2022-12-31 17:00:00', '2023-01-27 10:01:17', 0),
(85, 'Bộ cây lau nhà xoay tay mini bằng thép không gỉ Lock&Lock', 'Bộ cây lau nhà xoay tay mini bằng thép không gỉ Lock&amp;Lock', 5, 5, 'Lock&Lock', '<ul>\r\n<li>Thiết kế với trục cố định ở giữa giúp cho sản phẩm hoạt động ổn định hơn</li>\r\n<li>sản phẩm chỉ với 1 ngăn giặt giúp quá trình giặt sấy dễ dàng và hiệu quả hơn</li>\r\n<li>Vòi rót tự động có thể tránh bắn nước tung tóe, dễ dàng hơn và tiết kiệm sức lực hơn</li>\r\n<li>Trang bị công nghệ vắt khô vô cùng hiệu quả</li>\r\n<li>Đầu cây lau có thế kế lỗ treo giúp không gian sạch sẽ và gọn gàng</li>\r\n<li>Thiết kế thùng lau cao cấp, trọng lượng nhẹ, có tay cầm tiện lợi khi mang</li>\r\n<li>Bông lau bằng thép không gỉ cứng cáp và chắc chắn</li>\r\n<li>Lồng quay bằng nhựa PP cao cấp<br />\r\n<p class=\"pdp-mod-section-title\"><span style=\"font-size:12pt;\"><strong>Đặc tính sản phẩm Bộ cây lau nhà xoay tay mini bằng thép không gỉ Lock&amp;Lock + 3 miếng bông lau thay thế - ETM498MITS2</strong></span></p>\r\n<div class=\"pdp-general-features\">\r\n<ul class=\"specification-keys\">\r\n<li class=\"key-li\"><span class=\"key-title\">Thương hiệu</span>\r\n<div class=\"key-value\">Lock&amp;Lock</div>\r\n</li>\r\n<li class=\"key-li\"><span class=\"key-title\">SKU</span>\r\n<div class=\"key-value\">2088444934_VNAMZ-9801202553</div>\r\n</li>\r\n<li class=\"key-li\"><span class=\"key-title\">Nguyên liệu</span>\r\n<div class=\"key-value\">Metal</div>\r\n</li>\r\n<li class=\"key-li\"><span class=\"key-title\">Đặc tính lưu trữ</span>\r\n<div class=\"key-value\">Collapsible</div>\r\n</li>\r\n<li class=\"key-li\"><span class=\"key-title\">Dòng sản phẩm</span>\r\n<div class=\"key-value\">Lau nhà</div>\r\n</li>\r\n<li class=\"key-li\"><span class=\"key-title\">Loại bảo hành</span>\r\n<div class=\"key-value\">Không bảo hành</div>\r\n</li>\r\n</ul>\r\n</div>\r\n</li>\r\n</ul>', 799000, 699000, 152, '[\"14\"]', 1, 0, NULL, 5, 3, '2022-12-31 17:00:00', '2023-01-27 10:01:37', 0),
(86, 'BÌNH GIỮ NHIỆT LOCK&LOCK LHC4244 - 460ML', 'BÌNH GIỮ NHIỆT LOCK&amp;LOCK LHC4244 - 460ML', 5, 5, 'Lock&Lock', '<p class=\"pdp-mod-section-title\"><strong>Đặc tính sản phẩm BÌNH GIỮ NHIỆT LOCK&amp;LOCK LHC4244 - 460ML</strong></p>\r\n<div class=\"pdp-general-features\">\r\n<ul class=\"specification-keys\">\r\n<li class=\"key-li\"><span class=\"key-title\">Thương hiệu</span>\r\n<div class=\"key-value\">Lock&amp;Lock</div>\r\n</li>\r\n<li class=\"key-li\"><span class=\"key-title\">SKU</span>\r\n<div class=\"key-value\">1595550604_VNAMZ-6839279540</div>\r\n</li>\r\n<li class=\"key-li\"><span class=\"key-title\">Mẫu Mã</span>\r\n<div class=\"key-value\">Stainless Steel</div>\r\n</li>\r\n<li class=\"key-li\"><span class=\"key-title\">Loại bảo hành</span>\r\n<div class=\"key-value\">Bằng Hóa đơn mua hàng</div>\r\n</li>\r\n<li class=\"key-li\"><span class=\"key-title\">Thời gian bảo hành</span>\r\n<div class=\"key-value\">6 tháng</div>\r\n</li>\r\n</ul>\r\n</div>', 600000, 450000, 152, '[\"11\",\"15\",\"18\",\"20\"]', 1, 0, NULL, 5, 3, '2023-01-25 16:27:49', '2023-01-27 10:01:45', 0),
(87, 'INP421LS3 - Set 3 thùng đựng đồ Lock&Lock', 'INP421LS3 - Set 3 thùng đựng đồ Lock&amp;Lock', 5, 5, 'Lock&Lock', '<ul>\r\n<li>Set 3 thùng đựng đồ Lock&amp;Lock INP421LS3 có nhiều ưu điểm cực kì tiện dụngcho mái ấm của bạn:</li>\r\n<li>Dùng để bảo quản nhiều vật dụng sinh hoạt khác nhau</li>\r\n<li>Có thể xếp chồng lên nhau giúp tiết kiệm diện tích</li>\r\n<li>Mặt trước rổ là cấu trúc mở lượn tròn giúp bạn dễ tìm vật trong rổ hơn</li>\r\n<li>Lỗ thông gió giúp lưu thông không khí, chống ẩm và nấm mốc tốt</li>\r\n<li>Tận dụng không gian tốt nhờ bảo quản đơn giản</li>\r\n<li>Bộ sản phẩm bao gồm nắp rổ, có thể sử dụng như kệ để đồ<br />\r\n<p class=\"pdp-mod-section-title\"><strong>Đặc tính sản phẩm INP421LS3 - Set 3 thùng đựng đồ Lock&amp;Lock thiết kế thông minh màu sắc trang nhã tiết kiệm không gian. Hàng chính hãng</strong></p>\r\n<div class=\"pdp-general-features\">\r\n<ul class=\"specification-keys\">\r\n<li class=\"key-li\"><span class=\"key-title\">Thương hiệu</span>\r\n<div class=\"key-value\">Lock&amp;Lock</div>\r\n</li>\r\n<li class=\"key-li\"><span class=\"key-title\">SKU</span>\r\n<div class=\"key-value\">266222960_VNAMZ-385744582</div>\r\n</li>\r\n<li class=\"key-li\"><span class=\"key-title\">Vật Liệu</span>\r\n<div class=\"key-value\">Resin</div>\r\n</li>\r\n<li class=\"key-li\"><span class=\"key-title\">Tính Năng Lưu Trữ</span>\r\n<div class=\"key-value\">Mobile,Foldable,Có thể xếp chồng lên nhau,Chịu nước,Nhiều ngăn,Chứa đồ</div>\r\n</li>\r\n<li class=\"key-li\"><span class=\"key-title\">Xuất xứ</span>\r\n<div class=\"key-value\">Korea</div>\r\n</li>\r\n<li class=\"key-li\"><span class=\"key-title\">Mẫu Mã</span>\r\n<div class=\"key-value\">Thùng đựng đồ</div>\r\n</li>\r\n<li class=\"key-li\"><span class=\"key-title\">Loại Bảo Hành</span>\r\n<div class=\"key-value\">Không bảo hành</div>\r\n</li>\r\n</ul>\r\n</div>\r\n</li>\r\n</ul>', 999000, 754000, 291, '[\"20\"]', 1, 0, NULL, 4, 3, '2022-12-31 17:00:00', '2023-01-27 10:01:57', 0),
(88, 'LDE1283IH - Chảo Lock&Lock DECORE 28CM - Màu Navy', 'LDE1283IH - Chảo Lock&amp;Lock DECORE 28CM - Màu Navy', 5, 5, 'Lock&Lock', '<ul>\r\n<li>Nồi Decore Lock&amp;Lock LDE1283IH - 28cm</li>\r\n<li>Chất liệu: nhôm, lớp phủ bên trong là lớp chống dính Titanium, bên ngoài là phủ Ceramic</li>\r\n<li>Chất liệu an toàn, PFOA Free, PFOS Free</li>\r\n<li>Khả năng dẫn nhiệt tối ưu</li>\r\n<li>Màu sắc đa dạng và bắt mắt cho gian bếp thêm sinh động và hiện đại</li>\r\n<li>Tay cầm dễ dàng nấu nướng, cách nhiệt<br /><br /></li>\r\n</ul>', 799000, 699000, 164, '[\"16\"]', 1, 0, NULL, 4, 3, '2022-12-31 17:00:00', '2023-01-26 15:26:36', 0),
(89, 'Nồi chiên không dầu kèm hấp 2in1 Lock&Lock 7L EJF881', 'Nồi chiên không dầu kèm hấp 2in1 Lock&amp;Lock 7L EJF881', 5, 5, 'Lock&Lock', '<ul>\r\n<li>Màu sắc: Trắng/ Đen</li>\r\n<li>Thành phần thép không gỉ, Cấu trúc bằng thép không gỉ bền bỉ đã được loại bỏ chất PFOA/PFOS, tiêu chuẩn an toàn khi tiếp xúc với thực phẩm</li>\r\n<li>Kết hợp 2 trong 1 chế độ chiên không dầu và hấp hơi nước giúp giữ Bề mặt thức ăn giòn, bên trong mềm và ẩm, nấu ăn ngon và bổ dưỡng lành mạnh hơn mỗi ngày.</li>\r\n<li>Giỏ chiên có kích thước rộng rãi dễ dàng phù hợp cho 4-6 người</li>\r\n<li>Kèm khay chiên tùy chỉnh độ cao cho hai chế độ hấp và chiên</li>\r\n<li>Màn hình cảm ứng giúp chọn nhanh, tiện lợi với 8 Menu có sẵn hoặc tùy chỉnh nhiệt độ và dễ dàng theo dõi quá trình nấu thông qua mặt kính trong suốt</li>\r\n<li>Có báo tín hiệu khi cần đảo mặt thức ăn, công nghệ Auto Stopping an toàn - dừng nấu khi mở nồi chiên<br />\r\n<div class=\"html-content detail-content\">\r\n<article class=\"lzd-article\">\r\n<p>EJF881 - Nồi chiên không dầu kèm hấp 2in1 Lock&amp;Lock - Dung tích 7L lớn phù hợp với nhu cầu bữa ăn cả gia đình 4-6 người với công thức nấu ăn cho 8 chế độ từ LocknLock. Quét mã QR ngay để khám phá chi tiết.</p>\r\n</article>\r\n</div>\r\n<div class=\"pdp-mod-specification\">\r\n<p class=\"pdp-mod-section-title\"><strong>Đặc tính sản phẩm [Trả góp 0%] Nồi chiên không dầu kèm hấp 2in1 Lock&amp;Lock 7L EJF881 - Màu Đen/Trắng - Chiên/Nướng/Hấp - 8 chế độ nấu - Độ cao khay điều chỉnh - Lòng nồi chống dính - Làm sạch bằng hơi nước - Chính hãng - Bảo hành 2 năm</strong></p>\r\n<div class=\"pdp-general-features\">\r\n<ul class=\"specification-keys\">\r\n<li class=\"key-li\"><span class=\"key-title\">Thương hiệu</span>\r\n<div class=\"key-value\">Lock&amp;Lock</div>\r\n</li>\r\n<li class=\"key-li\"><span class=\"key-title\">SKU</span>\r\n<div class=\"key-value\">1365156470_VNAMZ-5645992354</div>\r\n</li>\r\n<li class=\"key-li\"><span class=\"key-title\">Tính năng</span>\r\n<div class=\"key-value\">Temperature Control,Non-Sticky,Pre-Set Timer,Điều khiển cảm ứng,Keep Warm, Menu cài đặt sẵn,Favorite Setting Save,Màn hình LED</div>\r\n</li>\r\n<li class=\"key-li\"><span class=\"key-title\">Dung Tích (Ml)</span>\r\n<div class=\"key-value\">7</div>\r\n</li>\r\n<li class=\"key-li\"><span class=\"key-title\">Xuất xứ</span>\r\n<div class=\"key-value\">China</div>\r\n</li>\r\n<li class=\"key-li\"><span class=\"key-title\">Dòng sản phẩm</span>\r\n<div class=\"key-value\">EJF881</div>\r\n</li>\r\n<li class=\"key-li\"><span class=\"key-title\">Loại Bảo Hành</span>\r\n<div class=\"key-value\">Bằng Thẻ bảo hành và Hóa đơn</div>\r\n</li>\r\n<li class=\"key-li\"><span class=\"key-title\">Thời gian bảo hành</span>\r\n<div class=\"key-value\">2 Năm</div>\r\n</li>\r\n</ul>\r\n</div>\r\n</div>\r\n</li>\r\n</ul>', 6490000, 4990000, 158, '[\"18\",\"20\"]', 1, 1, NULL, 5, 3, '2023-01-25 16:43:23', '2023-01-27 10:02:15', 0),
(90, 'Máy Sấy Tóc Lock&Lock - 3 chế độ nhiệt - 2200W', 'Máy Sấy Tóc Lock&amp;Lock - 3 chế độ nhiệt - 2200W', 5, 5, 'Lock&Lock', '<ul>\r\n<li>Máy Sấy Tóc Lock&amp;Lock - Thiết kế thời trang cao cấp - 3 chế độ nhiệt - Công suất lớn 2200W - Màu Trắng - Hàng chính hãng -ENA136WHT</li>\r\n<li>Nhấn giữ để dùng chức năng làm mát</li>\r\n<li>Khớp xoay 360 độ</li>\r\n<li>Đầu sấy dẹt giúp tóc thẳng và mềm hơn</li>\r\n<li>Bộ lọc có thể tháo rời, dễ vệ sinh</li>\r\n<li>Vòng treo tường thuận tiện<br />\r\n<p class=\"pdp-mod-section-title\"><strong>Đặc tính sản phẩm Máy Sấy Tóc Lock&amp;Lock - Thiết kế thời trang cao cấp - 3 chế độ nhiệt - Công suất lớn 2200W - Màu Trắng - Hàng chính hãng -ENA136WHT - Bảo hành 2 năm</strong></p>\r\n<div class=\"pdp-general-features\">\r\n<ul class=\"specification-keys\">\r\n<li class=\"key-li\"><span class=\"key-title\">Thương hiệu</span>\r\n<div class=\"key-value\">Lock&amp;Lock</div>\r\n</li>\r\n<li class=\"key-li\"><span class=\"key-title\">SKU</span>\r\n<div class=\"key-value\">594656347_VNAMZ-1345306538</div>\r\n</li>\r\n<li class=\"key-li\"><span class=\"key-title\">Tính năng</span>\r\n<div class=\"key-value\">Làm dày,Giảm xoăn,Heat Protection,Làm bóng tóc,Nóng &amp; Lạnh,Chống bỏng</div>\r\n</li>\r\n<li class=\"key-li\"><span class=\"key-title\">Mẫu mã</span>\r\n<div class=\"key-value\">ENA136WHT</div>\r\n</li>\r\n<li class=\"key-li\"><span class=\"key-title\">Loại Bảo Hành</span>\r\n<div class=\"key-value\">Bằng Thẻ bảo hành và Hóa đơn</div>\r\n</li>\r\n<li class=\"key-li\"><span class=\"key-title\">Thời gian bảo hành</span>\r\n<div class=\"key-value\">2 Năm</div>\r\n</li>\r\n</ul>\r\n</div>\r\n</li>\r\n</ul>', 599000, 529000, 177, '[\"20\"]', 1, 0, NULL, 5, 3, '2023-01-25 16:45:22', '2023-01-27 10:02:25', 0),
(91, 'Nồi nhôm chống dính nắp thủy tinh Lock&Lock 24cm', 'Nồi nhôm chống dính nắp thủy tinh Lock&amp;Lock 24cm', 5, 5, 'Lock&Lock', '<ul>\r\n<li>CCA202 - Nồi nhôm chống dính nắp thủy tinh nhãn hiệu Lock&amp;Lock, 24cm, màu Mint. Thiết kế trang nhã, hiện đại, thuộc dòng đồ dùng nhà bếp cao cấp, chịu nhiệt tốt. Hàng chính hãng</li>\r\n<li>Sản phẩm có thiết kế trang nhã, hiện đại, thuộc dòng đồ dùng nhà bếp cao cấp.</li>\r\n<li>Nắp thủy tinh chịu nhiệt lên đến 380 độ C, cho phép bạn quan sát thức ăn đang nấu trong sản phẩm.</li>\r\n<li>Sản phẩm chủ yếu được làm bằng hợp kim nhôm có độ dẫn nhiệt tốt, mật độ nhỏ và cường độ lớn, khả năng chống ăn mòn và chống oxy hóa tốt.</li>\r\n<li>Sản phẩm có thiết kế đẹp, thanh lịch, phá vỡ ranh giới thiết kế của dụng cụ nấu ăn thông thường chỉ ở dạng hình tròn hoặc hình vuông.</li>\r\n<li>Tay cầm bằng nhựa bakelite giả gỗ không chỉ cách nhiệt mà còn mới lạ, thời trang, tinh tế và thẩm mỹ, giúp bạn sử dụng thoải mái, mang lại niềm vui khi nấu ăn tại nhà.</li>\r\n<li>Dòng sản phẩm này gồm 3 nồi và 2 chảo rán thích hợp cho nhiều mục đích sử dụng khác nhau.</li>\r\n<li>Màu sắc tươi mới, phù hợp thị hiếu người tiêu dùng.</li>\r\n<li>Lòng sản phẩm phủ chống dính chất lượng cao, mang lại khả năng chống dính, chống mài mòn/ ăn mòn tốt và dễ làm sạch. Bên ngoài sản phẩm là lớp sơn chịu nhiệt, chống oxy hóa tốt.</li>\r\n<li>Đế nhiễm từ làm bằng inox 430, dẫn nhiệt tốt. Sản phẩm có thể sử dụng trên nhiều nguồn nhiệt khác nhau như bếp ga, bếp điện, bếp từ, bếp hồng ngoại.<br />\r\n<p class=\"pdp-mod-section-title\"><strong>Đặc tính sản phẩm CCA202 - Nồi nhôm chống dính nắp thủy tinh nhãn hiệu Lock&amp;Lock 24cm màu Mint. Thiết kế trang nhã hiện đại thuộc dòng đồ dùng nhà bếp cao cấp chịu nhiệt tốt. Hàng chính hãng</strong></p>\r\n<div class=\"pdp-general-features\">\r\n<ul class=\"specification-keys\">\r\n<li class=\"key-li\"><span class=\"key-title\">Thương hiệu</span>\r\n<div class=\"key-value\">Lock&amp;Lock</div>\r\n</li>\r\n<li class=\"key-li\"><span class=\"key-title\">SKU</span>\r\n<div class=\"key-value\">342990241_VNAMZ-554834763</div>\r\n</li>\r\n<li class=\"key-li\"><span class=\"key-title\">Loại Sản Phẩm Chảo</span>\r\n<div class=\"key-value\">Chảo</div>\r\n</li>\r\n<li class=\"key-li\"><span class=\"key-title\">Vật Liệu Sản Phẩm</span>\r\n<div class=\"key-value\">Aluminium</div>\r\n</li>\r\n<li class=\"key-li\"><span class=\"key-title\">Tính Tương Thích Của Sản Phẩm</span>\r\n<div class=\"key-value\">Infrared,Điện,Induction Ready</div>\r\n</li>\r\n<li class=\"key-li\"><span class=\"key-title\">Đặc Trưng Sản Phẩm</span>\r\n<div class=\"key-value\">Chống dính,Nắp thủy tinh,Bao gồm nắp,Dùng được cho máy rửa chén,Tay cầm phụ,Không chứa PFOA,Thân thiện với môi trường</div>\r\n</li>\r\n<li class=\"key-li\"><span class=\"key-title\">Xuất xứ</span>\r\n<div class=\"key-value\">Korean</div>\r\n</li>\r\n<li class=\"key-li\"><span class=\"key-title\">Mẫu Mã</span>\r\n<div class=\"key-value\">CCA202</div>\r\n</li>\r\n<li class=\"key-li\"><span class=\"key-title\">Đường Kính Của Sản Phẩm</span>\r\n<div class=\"key-value\">24</div>\r\n</li>\r\n<li class=\"key-li\"><span class=\"key-title\">Loại Bảo Hành</span>\r\n<div class=\"key-value\">Không bảo hành</div>\r\n</li>\r\n</ul>\r\n</div>\r\n</li>\r\n</ul>', 1299000, 960000, 482, '[\"15\"]', 1, 1, NULL, 4, 3, '2022-12-31 17:00:00', '2023-01-27 10:02:37', 0),
(92, 'Hoàng Tử Bé (Tái Bản 2019)', 'Hoàng Tử Bé (Tái Bản 2019)', 11, 6, 'Fahasa', '<p>Hoàng tử bé được viết ở New York trong những ngày tác giả sống lưu vong và được xuất bản lần đầu tiên tại New York vào năm 1943, rồi đến năm 1946 mới được xuất bản tại Pháp. Không nghi ngờ gì, đây là tác phẩm nổi tiếng nhất, được đọc nhiều nhất và cũng được yêu mến nhất của Saint-Exupéry. Cuốn sách được bình chọn là tác phẩm hay nhất thế kỉ 20 ở Pháp, đồng thời cũng là cuốn sách Pháp được dịch và được đọc nhiều nhất trên thế giới. Với 250 ngôn ngữ dịch khác nhau kể cả phương ngữ cùng hơn 200 triệu bản in trên toàn thế giới, Hoàng tử bé được coi là một trong những tác phẩm bán chạy nhất của nhân loại.</p>\r\n<table style=\"border-collapse:collapse;width:100%;border-width:2px;border-spacing:8px;border-color:#169179;\" border=\"1\"><colgroup><col style=\"width:50%;\" /><col style=\"width:50%;\" /></colgroup>\r\n<tbody>\r\n<tr>\r\n<td style=\"border-width:2px;border-color:rgb(22,145,121);padding:8px;\"><strong>Công ty phát hành</strong></td>\r\n<td style=\"border-width:2px;border-color:rgb(22,145,121);padding:8px;\">Nhã Nam</td>\r\n</tr>\r\n<tr>\r\n<td style=\"border-width:2px;border-color:rgb(22,145,121);padding:8px;\"><strong>Ngày xuất bản</strong></td>\r\n<td style=\"border-width:2px;border-color:rgb(22,145,121);padding:8px;\">2019-05-01</td>\r\n</tr>\r\n<tr>\r\n<td style=\"border-width:2px;border-color:rgb(22,145,121);padding:8px;\"><strong>Kích thước</strong></td>\r\n<td style=\"border-width:2px;border-color:rgb(22,145,121);padding:8px;\">15 x 23 cm</td>\r\n</tr>\r\n<tr>\r\n<td style=\"border-width:2px;border-color:rgb(22,145,121);padding:8px;\"><strong>Dịch Giả</strong></td>\r\n<td style=\"border-width:2px;border-color:rgb(22,145,121);padding:8px;\">Trác Phong</td>\r\n</tr>\r\n<tr>\r\n<td style=\"border-width:2px;border-color:rgb(22,145,121);padding:8px;\"><strong>Số trang</strong></td>\r\n<td style=\"border-width:2px;border-color:rgb(22,145,121);padding:8px;\">102</td>\r\n</tr>\r\n</tbody>\r\n</table>\r\n<p>Ở Việt Nam, Hoàng tử bé được dịch và xuất bản khá sớm. Từ năm 1966 đã có đồng thời hai bản dịch: Hoàng tử bé của Bùi Giáng do An Tiêm xuất bản và Cậu hoàng con của Trần Thiện Đạo do Khai Trí xuất bản. Từ đó đến nay đã có thêm nhiều bản dịch Hoàng tử bé mới của các dịch giả khác nhau. Bản dịch Hoàng tử bé lần này, xuất bản nhân dịp kỷ niệm 70 năm Hoàng tử bé ra đời, cũng là ấn bản đầu tiên được Gallimard chính thức chuyển nhượng bản quyền tại Việt Nam, hy vọng sẽ góp phần làm phong phú thêm việc dịch và tiếp nhận tác phẩm quan trọng này với các thế hệ độc giả.<br /><br />Tôi cứ sống cô độc như vậy, chẳng có một ai để chuyện trò thật sự, cho tới một lần gặp nạn ở sa mạc Sahara cách đây sáu năm. Có thứ gì đó bị vỡ trong động cơ máy bay. Và vì ở bên cạnh chẳng có thợ máy cũng như hành khách nào nên một mình tôi sẽ phải cố mà sửa cho bằng được vụ hỏng hóc nan giải này. Với tôi đó thật là một việc sống còn. Tôi chỉ có vừa đủ nước để uống trong tám ngày.<br /><br />Thế là đêm đầu tiên tôi ngủ trên cát, cách mọi chốn có người ở cả nghìn dặm xa. Tôi cô đơn hơn cả một kẻ đắm tàu sống sót trên bè giữa đại dương. Thế nên các bạn cứ tưởng tượng tôi đã ngạc nhiên làm sao, khi ánh ngày vừa rạng, thì một giọng nói nhỏ nhẹ lạ lùng đã đánh thức tôi.</p>\r\n<p>Giọng ấy nói:</p>\r\n<p>“Ông làm ơn… vẽ cho tôi một con cừu!”</p>\r\n<p>- Trích \"Hoàng tử bé\"</p>\r\n<p><strong>Nhận định</strong></p>\r\n<p>“Đây là một câu chuyện tự nó đã rất đáng yêu, ẩn giấu một triết lý quá đỗi nhẹ nhàng và thi vị.”  - The New York Times</p>\r\n<p>Giá sản phẩm trên Tiki đã bao gồm thuế theo luật hiện hành. Bên cạnh đó, tuỳ vào loại sản phẩm, hình thức và địa chỉ giao hàng mà có thể phát sinh thêm chi phí khác như phí vận chuyển, phụ phí hàng cồng kềnh, thuế nhập khẩu (đối với đơn hàng giao từ nước ngoài có giá trị trên 1 triệu đồng).....</p>', 75000, 51000, 477, '[]', 1, 0, NULL, 4, 3, '2023-01-26 07:31:47', '2023-01-27 10:09:23', 0),
(93, 'Hãy Khiến Tương Lai Biết Ơn Vì Hiện Tại Bạn Đã Cố Gắng', 'Hãy Khiến Tương Lai Biết Ơn Vì Hiện Tại Bạn Đã Cố Gắng', 11, 6, 'Fahasa', '<p><strong>Hãy Khiến Tương Lai Biết Ơn Vì Hiện Tại Bạn Đã Cố Gắng Hết Mình</strong></p>\r\n<p>Cuốn sách dành cho những bạn trẻ chênh vênh và đầy hoang mang nhưng không ngừng theo đuổi sự nỗ lực</p>\r\n<p>Từng được đón đọc bởi 1 triệu độc giả khắp Trung Quốc, 4 chương sách tổng hợp 50 lời khuyên chất lượng nhất dành cho thế hệ trẻ:</p>\r\n<table style=\"border-collapse:collapse;width:100%;border-width:2px;border-spacing:8px;border-color:rgb(22,145,121);\" border=\"1\"><colgroup><col style=\"width:50%;\" /><col style=\"width:50%;\" /></colgroup>\r\n<tbody>\r\n<tr>\r\n<td style=\"border-width:2px;padding:8px;border-color:rgb(22,145,121);\"><strong>Công ty phát hành</strong></td>\r\n<td style=\"border-width:2px;padding:8px;border-color:rgb(22,145,121);\">Peachbooks</td>\r\n</tr>\r\n<tr>\r\n<td style=\"border-width:2px;padding:8px;border-color:rgb(22,145,121);\"><strong>Ngày xuất bản</strong></td>\r\n<td>2021-03-01</td>\r\n</tr>\r\n<tr>\r\n<td style=\"border-width:2px;padding:8px;border-color:rgb(22,145,121);\"><strong>Kích thước</strong></td>\r\n<td>14.5 x 20.5</td>\r\n</tr>\r\n<tr>\r\n<td style=\"border-width:2px;padding:8px;border-color:rgb(22,145,121);\"><strong>Dịch Giả</strong></td>\r\n<td>Cao Bích Thủy</td>\r\n</tr>\r\n<tr>\r\n<td style=\"border-width:2px;padding:8px;border-color:rgb(22,145,121);\"><strong>Số trang</strong></td>\r\n<td>320</td>\r\n</tr>\r\n</tbody>\r\n</table>\r\n<p>Với chính mình: Bạn hiểu rằng mình cần cải thiện rất nhiều nhưng sự đánh giá của người khác không quan trọng bằng sự ghi nhận của chính bản thân</p>\r\n<p>Với tình yêu: Khi ta là chính mình ở phiên bản tốt nhất, ta sẽ được ở cạnh sự lựa chọn tốt nhất</p>\r\n<p>Với các mối quan hệ:</p>\r\n<p>- Bạn bè chân chính là dù không có điều kiện nói chuyện nhiều nhưng vẫn hiểu nhau. Lúc nào bạn cần giúp đỡ, họ luôn là người có mặt.</p>\r\n<p>- Thời gian dành cho bố mẹ là quý giá nhất. Hiếu kính là điều không thể trì hoãn.</p>\r\n<p>- Những người trẻ tuổi, khi tài năng và kinh nghiệm có hạn nhưng luôn muốn có trọn vẹn mọi thứ trong tay: tiền bạc, sự nghiệp, gia đình, bạn bè và cả tình yêu. Đồng cảm với mong muốn đó, 320 trang của cuốn sách này truyền đi thông điệp cổ vũ \"Chỉ cần bạn nỗ lực cố gắng hết mình ngay bây giờ thì tương lai chính là thời khắc bạn có được tất cả những điều bạn muốn\"</p>\r\n<p>Nỗ lực sớm, thành công sớm. Cố gắng bao nhiêu, có được bấy nhiêu. Không bỏ ra chút công sức nào, thứ bạn có duy nhất, chắc chắn là sự HỐI TIẾC.</p>\r\n<p><strong>MỘT SỐ TRÍCH DẪN HAY TRONG SÁCH</strong></p>\r\n<p>“Hoặc là bạn định hướng cuộc sống, hoặc là cuộc sống điều khiển bạn, thái độ của bạn sẽ quyết định ai là người cầm lái, ai là người bị lái.”</p>\r\n<p>“Trong cuộc sống, chúng ta đều sẽ gặp phải hình mẫu \"con nhà người ta\" khiến bạn rối tinh rối mù vì không ngừng so sánh chính mình, nhưng nghĩ kĩ lại, có thể chính bạn cũng là \"con nhà người ta\" với một ai đó khác. Nên quan trọng, người cần phải so sách, không phải là ai đó ngoài kia, mà là chính bạn. Sự cố gắng của bạn, sẽ không bao giờ đem lại được sự xuất sắc giống hệt người ta, nhưng bạn có thể dựa vào sự nỗ lực đó để tìm ra giá trị riêng cho bản thân mình</p>\r\n<p>Nếu một ngày nào đó chúng ta chìm trong biển người và sống một cuộc đời tầm thường, hẳn là chúng ta đã không làm việc chăm chỉ để có một cuộc sống sung túc.”</p>\r\n<p>“Nếu ngay bây giờ bạn có một ước mơ, hãy im lặng, dốc toàn lực để hành động. Hãy nhớ rằng, nếu hôm nay không đi nhanh một chút, có thể ngày mai sẽ phải chạy, ngày kia có thể không thấy rõ phương hướng phía trước nữa. Sao cứ phải bận tâm ước mơ có thành hiện thực hay không? Hãy cứ tiến lên phía trước, chạy nhanh lên phía trước là được rồi!”</p>\r\n<p>Giá sản phẩm trên Tiki đã bao gồm thuế theo luật hiện hành. Bên cạnh đó, tuỳ vào loại sản phẩm, hình thức và địa chỉ giao hàng mà có thể phát sinh thêm chi phí khác như phí vận chuyển, phụ phí hàng cồng kềnh, thuế nhập khẩu (đối với đơn hàng giao từ nước ngoài có giá trị trên 1 triệu đồng).....</p>', 99000, 72000, 868, '[]', 1, 1, NULL, 5, 3, '2022-12-31 17:00:00', '2023-01-26 16:27:40', 0),
(94, 'Chiến Binh Cầu Vồng (Tái Bản 2020)', 'Chiến Binh Cầu Vồng (Tái Bản 2020)', 11, 6, 'Fahasa', '<p><strong>Chiến Binh Cầu Vồng (Tái Bản 2020)</strong></p>\r\n<p>Một tác phẩm có tầm ảnh hưởng sâu rộng nhất Indonesia<br /><br />“Thầy Harfan và cô Mus nghèo khổ đã mang đến cho tôi tuổi thơ đẹp nhất, tình bạn đẹp nhất, và tâm hồn phong phú, một thứ gì đó vô giá, thậm chí còn có giá trị hơn những khao khát mơ ước. Có thể tôi lầm, nhưng theo ý tôi, đây thật sự là hơi thở của giáo dục và linh hồn của một chốn được gọi là trường học.”- (Trích tác phẩm)</p>\r\n<table style=\"border-collapse:collapse;width:100%;border-width:2px;border-spacing:8px;border-color:rgb(22,145,121);\" border=\"1\"><colgroup><col style=\"width:50%;\" /><col style=\"width:50%;\" /></colgroup>\r\n<tbody>\r\n<tr>\r\n<td style=\"border-width:2px;padding:8px;border-color:rgb(22,145,121);\"><strong>Công ty phát hành</strong></td>\r\n<td style=\"border-width:2px;padding:8px;border-color:rgb(22,145,121);\">Nhã Nam</td>\r\n</tr>\r\n<tr>\r\n<td style=\"border-width:2px;padding:8px;border-color:rgb(22,145,121);\"><strong>Ngày xuất bản</strong></td>\r\n<td>2020-04-01</td>\r\n</tr>\r\n<tr>\r\n<td style=\"border-width:2px;padding:8px;border-color:rgb(22,145,121);\"><strong>Kích thước</strong></td>\r\n<td>14 x 20.5 cm</td>\r\n</tr>\r\n<tr>\r\n<td style=\"border-width:2px;padding:8px;border-color:rgb(22,145,121);\"><strong>Dịch Giả</strong></td>\r\n<td>Trác Phong</td>\r\n</tr>\r\n<tr>\r\n<td style=\"border-width:2px;padding:8px;border-color:rgb(22,145,121);\"><strong>Số trang</strong></td>\r\n<td>428</td>\r\n</tr>\r\n</tbody>\r\n</table>\r\n<p>Trong ngày khai giảng, nhờ sự xuất hiện vào phút chót của cậu bé thiểu năng trí tuệ Harun, trường Muhammadiyah may mắn thoát khỏi nguy cơ đóng cửa. Nhưng ước mơ dạy và học trong ngôi trường Hồi giáo ấy liệu sẽ đi về đâu, khi ngôi trường xập xệ dường như sẵn sàng sụp xuống bất cứ lúc nào, khi lời đe dọa đóng cửa từ viên thanh tra giáo dục luôn lơ lửng trên đầu, khi những cỗ máy xúc hung dữ đang chực chờ xới tung ngôi trường để dò mạch thiếc…? Và liệu niềm đam mê học tập của những Chiến binh Cầu vồng đó có đủ sức chinh phục quãng đường ngày ngày đạp xe bốn mươi cây số, rồi đầm cá sấu lúc nhúc bọn ăn thịt người, chưa kể sự mê hoặc từ những chuyến phiêu lưu chết người theo tiếng gọi của ngài pháp sư bí ẩn trên đảo Hải Tặc, cùng sức cám dỗ khôn cưỡng từ những đồng tiền còm kiếm được nhờ công việc cu li toàn thời gian<br /><br />Chiến binh Cầu vồng có cả tình yêu trong sáng tuổi học trò lẫn những trò đùa tinh quái, cả nước mắt lẫn tiếng cười – một bức tranh chân thực về hố sâu ngăn cách giàu nghèo, một tác phẩm văn học cảm động truyền tải sâu sắc nhất ý nghĩa đích thực của việc làm thầy, việc làm trò và việc học.<br /><br />Tác phẩm đã bán được trên năm triệu bản, được dịch ra 26 thứ tiếng, là một trong những đại diện xuất sắc nhất của văn học Indonesia hiện đại.</p>\r\n<p>Giá sản phẩm trên Tiki đã bao gồm thuế theo luật hiện hành. Bên cạnh đó, tuỳ vào loại sản phẩm, hình thức và địa chỉ giao hàng mà có thể phát sinh thêm chi phí khác như phí vận chuyển, phụ phí hàng cồng kềnh, thuế nhập khẩu (đối với đơn hàng giao từ nước ngoài có giá trị trên 1 triệu đồng).....</p>', 109000, 98000, 877, '[]', 1, 0, NULL, 5, 3, '2023-01-26 07:35:24', '2023-01-26 16:27:38', 0),
(95, 'Tâm Lý Học Biểu Cảm', 'Tâm Lý Học Biểu Cảm', 11, 6, 'Fahasa', '<p style=\"line-height:2;text-align:justify;\">TÂM LÝ HỌC BIỂU CẢM</p>\r\n<p style=\"line-height:2;text-align:justify;\">Cuốn sách dạy bạn cách nhìn thấu người khác một cách rõ ràng nhất và chân thực nhất</p>\r\n<p style=\"line-height:2;text-align:justify;\">Từ gương mặt đến bước chân, từ ngôn ngữ đến cơ thể, từ biểu cảm bên ngoài đến nội tâm bên trong.</p>\r\n<p style=\"line-height:2;text-align:justify;\">Giúp bạn nắm bắt tính cách đối phương, thấu hiểu trái tim con người.</p>\r\n<table style=\"border-collapse:collapse;width:100%;border-width:2px;border-spacing:8px;border-color:#169179;\" border=\"1\"><colgroup><col style=\"width:50%;\" /><col style=\"width:50%;\" /></colgroup>\r\n<tbody>\r\n<tr>\r\n<td style=\"border-width:2px;padding:8px;border-color:rgb(22,145,121);\"><strong>Công ty phát hành</strong></td>\r\n<td style=\"border-width:2px;padding:8px;border-color:rgb(22,145,121);\">Mintbooks</td>\r\n</tr>\r\n<tr>\r\n<td style=\"border-width:2px;padding:8px;border-color:rgb(22,145,121);\"><strong>Ngày xuất bản</strong></td>\r\n<td style=\"border-width:2px;padding:8px;border-color:rgb(22,145,121);\">2021-04-01</td>\r\n</tr>\r\n<tr>\r\n<td style=\"border-width:2px;padding:8px;border-color:rgb(22,145,121);\"><strong>Kích thước</strong></td>\r\n<td style=\"border-width:2px;padding:8px;border-color:rgb(22,145,121);\">14.5 x 20.5 cm</td>\r\n</tr>\r\n<tr>\r\n<td style=\"border-width:2px;padding:8px;border-color:rgb(22,145,121);\"><strong>Dịch Giả</strong></td>\r\n<td style=\"border-width:2px;padding:8px;border-color:rgb(22,145,121);\">Phi Tường</td>\r\n</tr>\r\n<tr>\r\n<td style=\"border-width:2px;padding:8px;border-color:rgb(22,145,121);\"><strong>Số trang</strong></td>\r\n<td style=\"border-width:2px;padding:8px;border-color:rgb(22,145,121);\">252</td>\r\n</tr>\r\n</tbody>\r\n</table>\r\n<p style=\"line-height:2;text-align:justify;\">Nhắc đến biểu cảm siêu nhỏ, đa số chúng ta đều cho rằng đó chỉ là những biểu hiện cảm xúc từ ngũ quan trên khuôn mặt. Tuy nhiên, phạm vi của biểu cảm siêu nhỏ không chỉ gói gọn trên khuôn mặt một người, mà còn bao gồm những biểu cảm trên cơ thể, trong ngôn ngữ và hành vi của người đó.<br /><br />Ví dụ, một người vừa nói chuyện vừa dùng tay xoa mũi, lúc này rất có khả năng họ đang nói dối; hay trong một cuộc trò chuyện đối phương không ngừng rung chân, điều này cho thấy cảm xúc của họ đang thay đổi hoặc lời nói của bạn vừa tác động đến họ theo một cách nào đó.<br /><br />Cuốn sách này giới thiệu tới bạn đọc các kiến thức về biểu cảm khuôn mặt, biểu cảm cơ thể, biểu cảm ngôn ngữ và biểu cảm hành vi, nhằm mục đích giúp bạn đọc dễ dàng nhìn thấu nội tâm cũng như tính cách của người khác.</p>\r\n<p style=\"line-height:2;text-align:justify;\">Giá sản phẩm trên Tiki đã bao gồm thuế theo luật hiện hành. Bên cạnh đó, tuỳ vào loại sản phẩm, hình thức và địa chỉ giao hàng mà có thể phát sinh thêm chi phí khác như phí vận chuyển, phụ phí hàng cồng kềnh, thuế nhập khẩu (đối với đơn hàng giao từ nước ngoài có giá trị trên 1 triệu đồng).....</p>', 98000, 69000, 821, '[]', 1, 0, NULL, 4, 3, '2023-01-26 07:37:09', '2023-01-26 16:27:37', 0),
(96, 'Lâu Đài Bay Của Pháp Sư Howl (Tái Bản 2020)', 'Lâu Đài Bay Của Pháp Sư Howl (Tái Bản 2020)', 11, 6, 'Fahasa', '<p style=\"text-align:justify;\">Cô gái Sophie Hatter đang sống và làm việc yên ổn trong cửa hiệu bán mũ của bố mẹ ở Ingary, xứ sở của những đôi ủng bảy lý và áo tàng hình thì bỗng một ngày, mụ phù thuỷ xứ Waste xuất hiện biến cô thành bà già xấu xí. Quyết tâm giải cứu bản thân mình, Sophie đi tới lâu đài bay tìm kiếm sự giúp đỡ của Pháp sư Howl - kẻ vốn bị đồn là khoái “ăn tươi nuốt sống” trái tim của những cô gái trẻ.</p>\r\n<table style=\"border-collapse:collapse;width:100%;border-width:2px;border-spacing:8px;border-color:#169179;\" border=\"1\"><colgroup><col style=\"width:50%;\" /><col style=\"width:50%;\" /></colgroup>\r\n<tbody>\r\n<tr>\r\n<td style=\"border-width:2px;border-color:rgb(22,145,121);padding:8px;\"><strong>Công ty phát hành</strong></td>\r\n<td style=\"border-width:2px;border-color:rgb(22,145,121);padding:8px;\">Nhã Nam</td>\r\n</tr>\r\n<tr>\r\n<td style=\"border-width:2px;border-color:rgb(22,145,121);padding:8px;\"><strong>Ngày xuất bản</strong></td>\r\n<td style=\"border-width:2px;border-color:rgb(22,145,121);padding:8px;\">2020-03-06</td>\r\n</tr>\r\n<tr>\r\n<td style=\"border-width:2px;border-color:rgb(22,145,121);padding:8px;\"><strong>Kích thước</strong></td>\r\n<td style=\"border-width:2px;border-color:rgb(22,145,121);padding:8px;\">13 x 20.5 cm</td>\r\n</tr>\r\n<tr>\r\n<td style=\"border-width:2px;border-color:rgb(22,145,121);padding:8px;\"><strong>Dịch Giả</strong></td>\r\n<td style=\"border-width:2px;border-color:rgb(22,145,121);padding:8px;\">Trác Phong</td>\r\n</tr>\r\n<tr>\r\n<td style=\"border-width:2px;border-color:rgb(22,145,121);padding:8px;\"><strong>Số trang</strong></td>\r\n<td style=\"border-width:2px;border-color:rgb(22,145,121);padding:8px;\">400</td>\r\n</tr>\r\n</tbody>\r\n</table>\r\n<p style=\"text-align:justify;\">“…Sophie ngậm ngón tay bị bỏng nhẹ và lấy tay kia nhặt những lát thịt ba chỉ xông khói rơi trên váy, mắt chằm chằm nhìn Calcifer. Lão đang quật từ bên này sang bên kia lò sưởi. Những bộ mặt xanh lơ của lão gần như trắng bệch. Trong khoảnh khắc, lão có vô số những con mắt da cam, rồi khoảnh khắc sau đó đã có hàng dãy những con mắt bạc sáng như sao. Cô chưa bao giờ hình dung ra cái gì giống như thế.</p>\r\n<p style=\"text-align:justify;\">Có cái gì đó quét qua trên đầu với một phát nổ và tiếng đùng làm rung chuyển mọi thứ trong phòng. Một cái gì đó thứ hai theo sau, với tiếng rống dài chói tai. Calcifer rung lên gần như xanh đen, và da Sophie xèo xèo vì tàn lửa từ phép thần thông đó…”</p>\r\n<p style=\"text-align:justify;\">Giá sản phẩm trên Tiki đã bao gồm thuế theo luật hiện hành. Bên cạnh đó, tuỳ vào loại sản phẩm, hình thức và địa chỉ giao hàng mà có thể phát sinh thêm chi phí khác như phí vận chuyển, phụ phí hàng cồng kềnh, thuế nhập khẩu (đối với đơn hàng giao từ nước ngoài có giá trị trên 1 triệu đồng).....</p>', 106000, 89000, 861, '[]', 1, 0, NULL, 4, 3, '2023-01-26 07:39:07', '2023-01-27 10:09:52', 0),
(97, 'Hành Trình Của Linh Hồn (Tái Bản 2020)', 'Hành Trình Của Linh Hồn (Tái Bản 2020)', 11, 6, 'Fahasa', '<p>Bạn có sợ chết không? Bạn có tự hỏi điều gì sẽ xảy ra sau khi bạn chết không? Có thể nào bạn có một linh hồn đến từ đâu đó và sẽ trở về đó sau khi thân xác bạn chết đi, hay đó chỉ là một điều ước ao vì bạn quá sợ hãi?</p>\r\n<table style=\"border-collapse:collapse;width:100%;border-width:2px;border-spacing:8px;border-color:rgb(22,145,121);\" border=\"1\"><colgroup><col style=\"width:50%;\" /><col style=\"width:50%;\" /></colgroup>\r\n<tbody>\r\n<tr>\r\n<td style=\"border-width:2px;padding:8px;border-color:rgb(22,145,121);\"><strong>Công ty phát hành</strong></td>\r\n<td style=\"border-width:2px;padding:8px;border-color:rgb(22,145,121);\">Thái Hà</td>\r\n</tr>\r\n<tr>\r\n<td style=\"border-width:2px;padding:8px;border-color:rgb(22,145,121);\"><strong>Ngày xuất bản</strong></td>\r\n<td>2020-11-15</td>\r\n</tr>\r\n<tr>\r\n<td style=\"border-width:2px;padding:8px;border-color:rgb(22,145,121);\"><strong>Kích thước</strong></td>\r\n<td>15.5 x 24 cm</td>\r\n</tr>\r\n<tr>\r\n<td style=\"border-width:2px;padding:8px;border-color:rgb(22,145,121);\"><strong>Dịch Giả</strong></td>\r\n<td>Thanh Huyền</td>\r\n</tr>\r\n<tr>\r\n<td style=\"border-width:2px;padding:8px;border-color:rgb(22,145,121);\"><strong>Số trang</strong></td>\r\n<td>430</td>\r\n</tr>\r\n</tbody>\r\n</table>\r\n<p>Có một nghịch lý rằng con người, duy nhất trong mọi tạo vật trên Trái đất, phải kìm nén nỗi sợ cái chết để sống bình thường. Nhưng bản năng sinh học của chúng ta không bao giờ cho ta quên nỗi nguy hiểm tối cao này của sự tồn tại của chúng ta. Khi chúng ta già đi, bóng ma của cái chết cũng lớn dần lên trong tâm trí chúng ta. Thậm chí cả những người theo tôn giáo cũng sợ cái chết là sự kết thúc của mỗi cá nhân. Nỗi sợ lớn nhất đối với cái chết đem đến những suy nghĩ về sự vô nghĩa của cái chết, điều kết thúc mọi mối liên hệ với gia đình và bạn bè. Cái chết làm cho mọi mục đích thực tiễn của chúng ta trở nên phù phiếm.<br /><br />Nếu cái chết là sự kết thúc mọi điều của chúng ta thì cuộc sống quả thật thực là vô nghĩa. Tuy nhiên, một sức mạnh nào đó trong chúng ta cho phép con người suy tưởng về sự tiếp tục sau đó và cảm nhận được mối liên hệ với một thế lực cao hơn và thậm chí là linh hồn bất tử. Nếu chúng ta thật sự có linh hồn thì nó sẽ đi về đâu sau khi chúng ta chết? Có thực sự có một loại thiên đường chứa đầy những linh hồn thông thái ở bên ngoài thế giới vật lý của chúng ta? Nó trông ra sao? Chúng ta sẽ làm gì khi tới được đó? Có một thực thể tối cao chịu trách nhiệm về thiên đường đó? Những câu hỏi này xưa như chính loài người và vẫn là một bí ẩn với đa số chúng ta.<br /><br />Những câu trả lời đích thực cho đời sống sau cái chết vẫn được đóng kín sau cánh cửa tâm linh đối với đa số mọi người. Đó là bởi vì ở trong chúng ta vốn sẵn có khả năng quên đi danh tính của linh hồn chúng ta, điều mà ở mức độ nhận thức, sẽ giúp cho sự hợp nhất của linh hồn và bộ não con người. Những năm gần đây, công chúng đã được nghe về những người chết tạm thời và sau đó sống lại nói về một đường hầm dài, ánh sáng rực rỡ và thậm chí những gặp gỡ ngắn ngủi với những linh hồn thân thiện. Nhưng không có một ấn phẩm nào trong số các cuốn sách đã được viết mang đến cho người đọc nhiều hơn một cái nhìn thoáng qua về tất cả những gì cần biết về cuộc đời sau cái chết.<br /><br />Cuốn sách này là một cuốn nhật ký gần gũi về thế giới linh hồn. Nó trình bày một loạt các trường hợp thể hiện chi tiết, rõ ràng về những gì xảy ra cho chúng ta khi cuộc sống trên Trái đất kết thúc. Bạn sẽ được dẫn qua đường hầm tâm linh để đến với chính thế giới linh hồn để tìm hiểu về những biến đổi đối với linh hồn trước khi chúng cuối cùng trở lại trên Trái đất trong một cuộc sống mới.<br /><br />Tôi là một người bản chất hay nghi ngờ, mặc dù nếu xét theo nội dung cuốn sách này thì không có vẻ như vậy. Là một cố vấn và là nhà thôi miên, tôi chuyên nghiên cứu về sự thay đổi cách cư xử để điều trị những rối loạn tâm lý. Một phần lớn trong công việc của tôi bao gồm tái cấu trúc nhận thức ngắn hạn với các bệnh nhân bằng cách giúp họ kết nối những suy nghĩ và cảm xúc để khuyến khích những hành vi lành mạnh. Chúng tôi cùng nhau khơi gợi những ý nghĩa, chức năng và kết quả của những niềm tin của họ vì tôi tin rằng không có một vấn đề tâm lý nào là tưởng tượng.<br /><br />Trong những ngày đầu mới hành nghề, tôi phản đối những đề nghị đi về kiếp trước của mọi người vì khuynh hướng truyền thống của tôi trong phương pháp điều trị. Trong khi tôi sử dụng các kỹ thuật thôi miên và khôi phục ký ức quá khứ để xác định nguồn gốc của các ký ức khó chịu và những tổn thương của tuổi thơ, tôi có cảm giác mọi cố gắng để đạt đến kiếp trước là không chính thống và không lâm sàng. Sự quan tâm của tôi đối với sự tái sinh và siêu hình học chỉ là sự tò mò lý trí cho đến khi tôi làm việc với một thanh niên trẻ về điều khiển nỗi đau.<br /><br />Bệnh nhân này than phiền về cảm giác đau đớn kinh niên suốt đời ở phía bên phải. Một trong những công cụ của điều trị bằng thôi miên để điều khiển nỗi đau là hướng dẫn đối tượng làm cho nỗi đau tệ hơn để người đó có thể học cách làm giảm nỗi đau và đạt được kiểm soát. Trong một trong những lần chữa trị có sử dụng cách làm tăng nỗi đau, thanh niên này sử dụng cách tưởng tượng bị đâm để tạo ra sự hành hạ của anh ta. Tìm kiếm nguồn gốc của tưởng tượng này, tôi cuối cùng phát hiện ra kiếp trước anh ta là một người lính trong Thế chiến I và bị giết chết bởi một lưỡi lê ở Pháp, và chúng tôi đã hoàn toàn chiến thắng nỗi đau.<br /><br />Với sự cổ vũ từ các bệnh nhân, tôi bắt đầu thử nghiệm đưa một số trong số họ đi xa hơn vào thời kỳ trước khi họ tái sinh lần gần nhất trên Trái đất. Ban đầu tôi lo ngại rằng sự nhất quán của nhu cầu hiện tại, niềm tin và sự sợ hãi có thể tạo ra những tưởng tượng rằng điều đó được nhớ lại. Tuy nhiên không lâu sau tôi nhận ra ký ức sâu sắc của chúng ta đưa ra một loạt những trải nghiệm quá khứ quá thực và quá liên quan để có thể bỏ qua. Tôi dần dần thực sự nhìn nhận rõ mối quan hệ giữa các thân xác cùng các sự kiện trong các kiếp quá khứ với con người chúng ta hôm nay có ý nghĩa quan trọng trong điều trị đến thế nào.<br /><br />Sau đó tôi khám phá ra một phần quan trọng nữa. Tôi tìm ra rằng có thể nhìn vào thế giới linh hồn qua cặp mắt tâm trí của đối tượng bị thôi miên, người có thể thuật lại cho tôi về cuộc đời giữa các kiếp trên Trái đất.<br /><br />Trường hợp mở cánh cửa vào thế giới linh hồn cho tôi là một phụ nữ trung niên, một đối tượng bị thôi miên rất nhạy bén. Bà vẫn luôn nói với tôi về cảm giác cô đơn và xa cách của mình trong giai đoạn tinh tế khi bà kết thúc việc nhớ lại cuộc đời gần nhất. Nhân vật đặc biệt này gần như tự mình đi vào trạng thái biến đổi ý thức cao nhất. Không nhận ra rằng tôi đã đưa ra mệnh lệnh quá ngắn gọn cho hành động này, tôi đề nghị bà đi tới nguồn gốc của sự mất mát cảm giác được bầu bạn của bà. Ngay khi đó, tôi vô tình sử dụng một trong các từ kích thích ký ức tâm linh. Tôi cũng hỏi bà có nhóm bạn đặc biệt nào mà bà nhớ tiếc không.<br /><br />Bệnh nhân của tôi bất ngờ bật khóc. Khi tôi hướng dẫn bà trả lời tôi xem có gì không phải, bà bật ra: “Tôi nhớ một số những người bạn trong nhóm và vì thế tôi cảm thấy thật cô đơn trên Trái đất.” Tôi lúng túng và hỏi bà tiếp tục nhóm những người bạn này thực ra ở đâu. “Ở đây, ở ngôi nhà vĩnh cửu của tôi” bà trả lời đơn giản, “và tôi đang nhìn thấy tất cả bọn họ ngay lúc này!”<br /><br />Sau khi kết thúc với bệnh nhân này và xem lại các băng ghi âm của bà, tôi nhận ra rằng việc tìm thấy thế giới linh hồn liên quan đến sự mở rộng hơn của quá trình nhớ lại kiếp trước. Có nhiều cuốn sách viết về các kiếp đã qua, nhưng tôi không tìm được cuốn sách nào nói về cuộc đời của chúng ta dưới dạng linh hồn, hoặc làm cách nào để tiếp cận một cách đúng đắn những hồi ức tâm linh của mọi người. Tôi quyết định tự mình nghiên cứu và với thực tế, tôi dần có được những kỹ năng rộng lớn hơn trong việc đi vào thế giới linh hồn thông qua các đối tượng của mình.<br /><br />Tôi cũng nhận thấy rằng đối với mọi người, tìm được vị trí của họ trong thế giới linh hồn có ý nghĩa quan trọng hơn nhiều so với việc nhớ lại các kiếp trước.<br /><br />Làm sao có thể chạm được đến linh hồn thông qua thôi miên? Hãy hình dung tâm trí chúng ta có ba lớp vòng tròn đồng tâm, mỗi vòng nhỏ hơn vòng kế tiếp và nằm trong vòng kế tiếp, ngăn cách với nhau chỉ bởi các lớp liên kết tâm trí-ý thức. Lớp ngoài cùng được đặc trưng bởi tâm ý thức, là nguồn gốc cho các phân tích, phê bình. Lớp thứ hai là tiềm thức, nơi chúng ta đi vào thôi miên để xâm nhập vào bộ nhớ của tất cả những ký ức về những gì đã xảy ra cho chúng ta ở cuộc đời này và những kiếp trước. Lớp thứ ba, lớp cốt lõi sâu kín nhất, là những gì chúng ta gọi là siêu tâm thức. Mức độ này thể hiện trung tâm cao nhất của Bản ngã, nơi chúng ta là biểu hiện của một thế lực cao hơn.<br /><br />Siêu tâm thức chứa đựng danh tính thực của chúng ta, được nâng lên bởi tiềm thức, nơi chứa đựng những ký ức của những bản ngã đã bị biến đổi trong chúng ta trong những thân xác con người đã qua. Siêu ý thức có thể hoàn toàn không phải là một mức độ, mà là chính linh hồn. Tâm trí siêu ý thức là trung tâm cao nhất của sự thông thái và triển vọng của chúng ta, và tất cả các thông tin về cuộc đời sau cái chết của tôi xuất hiện từ nguồn năng lượng trí năng này.</p>\r\n<p><strong>Giới thiệu tác giả</strong><br /><br /><strong>Michael Duff Newton</strong><br /><br />Michael Duff Newton giữ học vị tiến sĩ về cố vấn tâm lý, là nhà thôi miên có bằng cấp và là thành viên của Hiệp hội Cố vấn Mỹ. Ông là giảng viên trong các trường đại học, đồng thời hành nghề tư tại Los Angeles. Tiến sĩ Newton phát triển kỹ thuật khôi phục lại ký ức quá khứ để có thể đưa các đối tượng bị thôi miên vượt qua các ký ức của kiếp trước một cách có hiệu quả để đến với các trải nghiệm có ý nghĩa hơn giữa các kiếp của linh hồn. Tác giả được coi là người đi tiên phong trong việc khám phá các bí mật về cuộc sống của chúng ta ở thế giới linh hồn, lần đầu tiên được thuật lại trong cuốn sách bán chạy nhất này.</p>\r\n<p> </p>', 129000, 102000, 447, '[]', 1, 0, NULL, 5, 3, '2023-01-26 07:47:19', '2023-01-26 16:27:44', 0);
INSERT INTO `products` (`id`, `name`, `tittle`, `category_id`, `seller_id`, `brand`, `description`, `original_price`, `selling_price`, `qty`, `attributes`, `status`, `trending`, `other_attribute`, `average_star`, `sold`, `created_at`, `updated_at`, `del_flag`) VALUES
(98, 'Hackers Ielts: Writing', 'Hackers Ielts: Writing', 11, 6, 'Fahasa', '<p>Bộ sách luyện thi IELTS đầu tiên có kèm giải thích đáp án chi tiết và hướng dẫn cách tự nâng band điểm.<br />IELTS là cánh cửa giúp các bạn thí sinh hiện thực hóa ước mơ vươn ra thế giới. Chính vì vậy, ngay từ bây giờ, hãy nỗ lực luyện tập và chuẩn bị cho bài thi quan trọng này. Viện Ngôn ngữ Hackers đã biên soạn bộ sách HACKERS IELTS gồm 4 cuốn tương đương với 4 kỹ năng nhằm giới thiệu tới các bạn phương pháp luyện thi phù hợp nhất để có thể đạt điểm cao trong bài thi này.<br />Luyện từng dạng bài một cách có hệ thống!</p>\r\n<table style=\"border-collapse:collapse;width:100%;border-width:2px;border-spacing:8px;border-color:rgb(22,145,121);\" border=\"1\"><colgroup><col style=\"width:50%;\" /><col style=\"width:50%;\" /></colgroup>\r\n<tbody>\r\n<tr>\r\n<td style=\"border-width:2px;padding:8px;border-color:rgb(22,145,121);\"><strong>Công ty phát hành</strong></td>\r\n<td style=\"border-width:2px;padding:8px;border-color:rgb(22,145,121);\">Alphabooks</td>\r\n</tr>\r\n<tr>\r\n<td style=\"border-width:2px;padding:8px;border-color:rgb(22,145,121);\"><strong>Ngày xuất bản</strong></td>\r\n<td>2019-01-08</td>\r\n</tr>\r\n<tr>\r\n<td style=\"border-width:2px;padding:8px;border-color:rgb(22,145,121);\"><strong>Kích thước</strong></td>\r\n<td>16 x 24 cm</td>\r\n</tr>\r\n<tr>\r\n<td style=\"border-width:2px;padding:8px;border-color:rgb(22,145,121);\"><strong>Loại bìa</strong></td>\r\n<td>Bìa mềm</td>\r\n</tr>\r\n<tr>\r\n<td style=\"border-width:2px;padding:8px;border-color:rgb(22,145,121);\"><strong>Số trang</strong></td>\r\n<td>452</td>\r\n</tr>\r\n</tbody>\r\n</table>\r\n<p>Bộ sách được thiết kế nhằm giúp người học nâng cao kỹ năng đọc hiểu thông qua quá trình luyện tập từng dạng bài một cách có hệ thống. Ngoài ra, đối với từng dạng bài, bạn còn được cung cấp những chiến lược làm bài cụ thể.<br />Luyện tập theo xu hướng ra đề mới nhất!<br />Các chủ đề trong bộ sách HACKERS IELTS được biên soạn dựa trên xu hướng ra đề mới nhất, nhờ vậy mà bạn có thể chuẩn bị tốt nhất cho bài thi thật. Các bài Actual Test cũng được biên soạn chính xác theo hình thức đề thi thật mới nhất. Vì vậy, bạn đã có trong tay đầy đủ tài liệu để có thể chuẩn bị kỹ lưỡng cho bài thi IELTS.<br />Tài liệu đặc biệt giúp bạn đạt điểm cao!<br />Đặc biệt, HACKERS IELTS còn có phần tổng kết từ vựng “khủng” sau từng chương và thêm phần phụ lục về sự khác biệt giữa tiếng Anh Mỹ và tiếng Anh Anh. Ngoài ra, file MP3 đi kèm cung cấp cho người học các từ vựng xuất hiện trong các bài đọc.<br />Chúng tôi hi vọng rằng HACKERS IELTS sẽ trở thành cuốn cẩm nang hữu ích giúp bạn đạt được điểm số mong muốn trong bài thi IELTS và là người bạn đồng hành đáng tin cậy của bạn trên con đường chinh phục ước mơ.</p>\r\n<p>Giá sản phẩm trên Tiki đã bao gồm thuế theo luật hiện hành. Bên cạnh đó, tuỳ vào loại sản phẩm, hình thức và địa chỉ giao hàng mà có thể phát sinh thêm chi phí khác như phí vận chuyển, phụ phí hàng cồng kềnh, thuế nhập khẩu (đối với đơn hàng giao từ nước ngoài có giá trị trên 1 triệu đồng).....</p>', 22000, 160000, 499, '[]', 1, 0, NULL, 5, 3, '2023-01-01 07:49:08', '2023-01-26 16:27:43', 0),
(99, 'Trưởng Thành Sau Ngàn Lần Tranh Đấu (Tái Bản)', 'Trưởng Thành Sau Ngàn Lần Tranh Đấu (Tái Bản)', 11, 6, 'Fahasa', '<p><strong>Trưởng Thành Sau Ngàn Lần Tranh Đấu (Tái Bản)</strong></p>\r\n<p>Không chao đảo thì không phải là người lớn, phải ngàn lần tranh đấu mới có thể trưởng thành. Có đau đớn mới là tuổi trẻ? Nếu vậy thì có chao đảo mới trở thành người lớn. Đúng vậy, có chao đảo một chút cũng không sao, sự dao động của bạn và của tôi là hành trình hết sức tự nhiên mang tên \"trưởng thành\".</p>\r\n<table style=\"border-collapse:collapse;width:100%;border-width:2px;border-spacing:8px;border-color:#169179;\" border=\"1\"><colgroup><col style=\"width:50%;\" /><col style=\"width:50%;\" /></colgroup>\r\n<tbody>\r\n<tr>\r\n<td style=\"border-width:2px;border-color:rgb(22,145,121);padding:8px;\"><strong>Công ty phát hành</strong></td>\r\n<td style=\"border-width:2px;border-color:rgb(22,145,121);padding:8px;\">Nhã Nam</td>\r\n</tr>\r\n<tr>\r\n<td style=\"border-width:2px;border-color:rgb(22,145,121);padding:8px;\"><strong>Ngày xuất bản</strong></td>\r\n<td style=\"border-width:2px;border-color:rgb(22,145,121);padding:8px;\">2018-09-11</td>\r\n</tr>\r\n<tr>\r\n<td style=\"border-width:2px;border-color:rgb(22,145,121);padding:8px;\"><strong>Kích thước</strong></td>\r\n<td style=\"border-width:2px;border-color:rgb(22,145,121);padding:8px;\">14 x 20.5 cm</td>\r\n</tr>\r\n<tr>\r\n<td style=\"border-width:2px;border-color:rgb(22,145,121);padding:8px;\"><strong>Dịch Giả</strong></td>\r\n<td style=\"border-width:2px;border-color:rgb(22,145,121);padding:8px;\">Trác Phong</td>\r\n</tr>\r\n<tr>\r\n<td style=\"border-width:2px;border-color:rgb(22,145,121);padding:8px;\"><strong>Số trang</strong></td>\r\n<td style=\"border-width:2px;border-color:rgb(22,145,121);padding:8px;\">560</td>\r\n</tr>\r\n</tbody>\r\n</table>\r\n<p>Cuốn sách này được viết cho bạn - người đang chao đảo bên ngưỡng cửa trưởng thành. Tôi trưởng thành sớm hơn bạn một chút, đôi khi vẫn còn hành xử chưa ra dáng người lớn lắm, tôi viết cuốn sách này để ‘lắng nghe’ câu chuyện của bạn. Hẳn bạn sẽ lấy làm lạ, sách là phương tiện để ‘nói’, vậy mà tôi lại muốn thông qua sách để ‘lắng nghe’? Đúng vậy, tôi không muốn đơn phương lên lớp về những bí quyết trưởng thành. Tôi chỉ muốn làm một thính giả chân tình và cởi mở, giúp bạn đích thân cất lời, nói ra những vấn đề của bản thân. Đọc chỉ giúp bạn rút ra kết luận mà thôi, nhưng một khi nói ra, bạn sẽ tìm ra cách chữa trị cho chính mình. Vậy nên, cùng với cuốn sách này, bạn hãy bắt đầu câu chuyện đè nén, chất chứa trong lòng bấy lâu nay…”</p>\r\n<p>Giá sản phẩm trên Tiki đã bao gồm thuế theo luật hiện hành. Bên cạnh đó, tuỳ vào loại sản phẩm, hình thức và địa chỉ giao hàng mà có thể phát sinh thêm chi phí khác như phí vận chuyển, phụ phí hàng cồng kềnh, thuế nhập khẩu (đối với đơn hàng giao từ nước ngoài có giá trị trên 1 triệu đồng).....</p>', 95000, 89000, 897, '[]', 1, 0, NULL, 4, 3, '2023-01-26 07:50:14', '2023-01-27 10:10:21', 0),
(100, 'Người Bà Tài Giỏi Vùng Saga', 'Người Bà Tài Giỏi Vùng Saga', 11, 6, 'Fahasa', '<table style=\"border-collapse:collapse;width:100%;border-width:2px;border-spacing:8px;border-color:#169179;\" border=\"1\"><colgroup><col style=\"width:50%;\" /><col style=\"width:50%;\" /></colgroup>\r\n<tbody>\r\n<tr>\r\n<td style=\"border-width:2px;padding:8px;border-color:rgb(22,145,121);\"><strong>Công ty phát hành</strong></td>\r\n<td style=\"border-width:2px;padding:8px;border-color:rgb(22,145,121);\">Huy Hoàng Bookstore</td>\r\n</tr>\r\n<tr>\r\n<td style=\"border-width:2px;padding:8px;border-color:rgb(22,145,121);\"><strong>Ngày xuất bản</strong></td>\r\n<td style=\"border-width:2px;padding:8px;border-color:rgb(22,145,121);\">2021-05-01</td>\r\n</tr>\r\n<tr>\r\n<td style=\"border-width:2px;padding:8px;border-color:rgb(22,145,121);\"><strong>Kích thước</strong></td>\r\n<td style=\"border-width:2px;padding:8px;border-color:rgb(22,145,121);\">13 x 18.5 cm</td>\r\n</tr>\r\n<tr>\r\n<td style=\"border-width:2px;padding:8px;border-color:rgb(22,145,121);\"><strong>Dịch Giả</strong></td>\r\n<td style=\"border-width:2px;padding:8px;border-color:rgb(22,145,121);\">Bảo Lam Anh</td>\r\n</tr>\r\n<tr>\r\n<td style=\"border-width:2px;padding:8px;border-color:rgb(22,145,121);\"><strong>Số trang</strong></td>\r\n<td style=\"border-width:2px;padding:8px;border-color:rgb(22,145,121);\">216</td>\r\n</tr>\r\n</tbody>\r\n</table>\r\n<p>Hạnh phúc không phải là thứ được định đoạt bằng tiền. Hạnh phúc phải được định đoạt bằng tâm thế của mỗi chúng ta</p>\r\n<p>Giá sản phẩm trên Tiki đã bao gồm thuế theo luật hiện hành. Bên cạnh đó, tuỳ vào loại sản phẩm, hình thức và địa chỉ giao hàng mà có thể phát sinh thêm chi phí khác như phí vận chuyển, phụ phí hàng cồng kềnh, thuế nhập khẩu (đối với đơn hàng giao từ nước ngoài có giá trị trên 1 triệu đồng).....</p>', 129000, 109000, 871, '[]', 1, 0, NULL, 4, 3, '2022-12-31 17:00:00', '2023-01-27 10:08:30', 0),
(101, 'Tìm Em Nơi Anh - André Aciman', 'Tìm Em Nơi Anh - André Aciman', 11, 6, 'Fahasa', '<p style=\"text-align:justify;line-height:2;\">Đây là cuốn tiếp theo sau \"Gọi em bằng tên anh\" (Call me by your name). Những nhân vật gặp lại, và câu chuyện nhiều năm sau, khi họ đều đã lớn tuổi hơn và có những ngã rẽ riêng trong cuộc đời mình.</p>\r\n<table style=\"border-collapse:collapse;width:100%;border-width:2px;border-spacing:8px;border-color:rgb(22,145,121);\" border=\"1\"><colgroup><col style=\"width:50%;\" /><col style=\"width:50%;\" /></colgroup>\r\n<tbody>\r\n<tr>\r\n<td style=\"border-width:2px;border-color:rgb(22,145,121);padding:8px;\"><strong>Công ty phát hành</strong></td>\r\n<td style=\"border-width:2px;border-color:rgb(22,145,121);padding:8px;\">NXB Trẻ</td>\r\n</tr>\r\n<tr>\r\n<td style=\"border-width:2px;border-color:rgb(22,145,121);padding:8px;\"><strong>Ngày xuất bản</strong></td>\r\n<td style=\"border-width:2px;border-color:rgb(22,145,121);padding:8px;\">2021-03-15</td>\r\n</tr>\r\n<tr>\r\n<td style=\"border-width:2px;border-color:rgb(22,145,121);padding:8px;\"><strong>Kích thước</strong></td>\r\n<td style=\"border-width:2px;border-color:rgb(22,145,121);padding:8px;\">13 x 20 cm</td>\r\n</tr>\r\n<tr>\r\n<td style=\"border-width:2px;border-color:rgb(22,145,121);padding:8px;\"><strong>Dịch Giả</strong></td>\r\n<td style=\"border-width:2px;border-color:rgb(22,145,121);padding:8px;\">Serena Dang</td>\r\n</tr>\r\n<tr>\r\n<td style=\"border-width:2px;border-color:rgb(22,145,121);padding:8px;\"><strong>Số trang</strong></td>\r\n<td style=\"border-width:2px;border-color:rgb(22,145,121);padding:8px;\">332</td>\r\n</tr>\r\n</tbody>\r\n</table>\r\n<p style=\"text-align:justify;line-height:2;\">Tác giả chia sẻ thêm về quyết định viết tiếp câu chuyện: \"Tôi vẫn luôn đau đáu về câu chuyện dang dở trong Gọi em bằng tên anh. Dù là người tạo nên các nhân vật và cuộc đời họ, tôi không thể ngờ rằng chính các nhân vật lại khiến tôi trăn trở về những xao động của tình yêu - điều mà tôi không hay biết cho đến khi hoàn thiện cuốn sách. Bộ phim điện ảnh chuyển thể từ cuốn tiểu thuyết đã giúp tôi nhận ra rằng mình muốn được trở lại với Elio và Oliver và tiếp tục đồng hành với 2 con người ấy\".<br />Find Me được chia làm bốn phần: Tempo, Cadenza, Capriccio và Da Capo, như một bản nhạc lôi cuốn có nhịp điệu và hơi thở riêng, cùng những đoạn phóng túng ngẫu hứng nói lên tiếng lòng người chơi.<br /><strong>Tempo</strong><br />Phần đầu tiên được thuật lại bởi lời của Samuel \"Sami\" Perlman, cha của Elio Perlman. Mười năm sau các sự kiện của Call Me By Your Name, Sami Perlman gặp một người phụ nữ trẻ tuổi tên là Miranda khi đi tàu đến Rome. Hai người nhanh chóng trở nên thân thiết và bắt đầu một mối quan hệ lãng mạn. Trong khi ở Rome, cặp đôi đến thăm người cha ốm yếu của Miranda, tham dự một buổi thuyết trình công khai do Sami tổ chức và gặp được Elio.<br /><strong>Cadenza</strong></p>\r\n<p style=\"text-align:justify;line-height:2;\">Phần thứ hai được thuật lại bởi lời của Elio. Năm năm sau, Elio làm giáo viên dạy piano ở Paris. Tại một buổi hòa nhạc, anh gặp một người đàn ông lớn tuổi tên là Michel, và họ bắt đầu một mối quan hệ lãng mạn. Họ đến thăm ngôi nhà thời thơ ấu của Michel ở vùng nông thôn nước Pháp, và kết thúc mối quan hệ vài tuần sau đó bởi cuối cùng, người cũ trong trái tim anh không thể thay thế.</p>\r\n<p style=\"text-align:justify;line-height:2;\"><strong>Capriccio</strong></p>\r\n<p style=\"text-align:justify;line-height:2;\">Phần thứ ba được thuật lại bởi lời của Oliver. Vài năm sau, Oliver làm giáo sư tại một trường cao đẳng ở New Hampshire. Anh ấy đã lập gia đình và có con, nhưng trong thâm tâm lại nuôi dưỡng nỗi nhớ về khoảng thời gian anh ấy ở bên Elio khi còn là sinh viên đại học. Anh ấy đoàn tụ với Elio ở Ý, và họ kết nối lại một cách lãng mạn. Mặc dù cha của Elio đã chết, ông vẫn có một đứa con với Miranda, đặt tên theo Oliver - Ollie Nhỏ.</p>\r\n<p style=\"text-align:justify;line-height:2;\"><strong>Da Capo</strong></p>\r\n<p style=\"text-align:justify;line-height:2;\">Phần cuối cùng được thuật lại bởi lời của Elio. Elio và Oliver lại ở cùng nhau, cùng nuôi dưỡng Ollie Nhỏ, em trai cùng cha khác mẹ của Elio. Phần kết này diễn ra không lâu sau các sự kiện trong Capriccio.</p>\r\n<p style=\"text-align:justify;line-height:2;\">Giá sản phẩm trên Tiki đã bao gồm thuế theo luật hiện hành. Bên cạnh đó, tuỳ vào loại sản phẩm, hình thức và địa chỉ giao hàng mà có thể phát sinh thêm chi phí khác như phí vận chuyển, phụ phí hàng cồng kềnh, thuế nhập khẩu (đối với đơn hàng giao từ nước ngoài có giá trị trên 1 triệu đồng).....</p>', 119000, 109000, 891, '[]', 1, 0, NULL, 5, 3, '2023-01-26 17:00:00', '2023-01-27 11:40:03', 0);

-- --------------------------------------------------------

--
-- Cấu trúc bảng cho bảng `product_images`
--

CREATE TABLE `product_images` (
  `id` bigint(20) UNSIGNED NOT NULL,
  `product_id` bigint(20) UNSIGNED NOT NULL,
  `image` varchar(255) COLLATE utf8_unicode_ci DEFAULT 'img/giftbox.png',
  `created_at` timestamp NULL DEFAULT NULL,
  `updated_at` timestamp NULL DEFAULT NULL
) ENGINE=InnoDB DEFAULT CHARSET=utf8 COLLATE=utf8_unicode_ci;

--
-- Đang đổ dữ liệu cho bảng `product_images`
--

INSERT INTO `product_images` (`id`, `product_id`, `image`, `created_at`, `updated_at`) VALUES
(4, 1, 'assets/uploads/product/202301242150051.jfif', '2023-01-24 14:50:05', '2023-01-24 14:50:05'),
(5, 1, 'assets/uploads/product/202301242150052.jfif', '2023-01-24 14:50:05', '2023-01-24 14:50:05'),
(6, 1, 'assets/uploads/product/202301242150053.jfif', '2023-01-24 14:50:05', '2023-01-24 14:50:05'),
(7, 1, 'assets/uploads/product/202301242150054.jfif', '2023-01-24 14:50:05', '2023-01-24 14:50:05'),
(8, 2, 'assets/uploads/product/202301242208281.jfif', '2023-01-24 15:08:28', '2023-01-24 15:08:28'),
(9, 2, 'assets/uploads/product/202301242208292.jfif', '2023-01-24 15:08:29', '2023-01-24 15:08:29'),
(10, 2, 'assets/uploads/product/202301242208293.jfif', '2023-01-24 15:08:29', '2023-01-24 15:08:29'),
(11, 3, 'assets/uploads/product/202301242216131.png', '2023-01-24 15:16:13', '2023-01-24 15:16:13'),
(12, 3, 'assets/uploads/product/202301242216132.jfif', '2023-01-24 15:16:13', '2023-01-24 15:16:13'),
(13, 3, 'assets/uploads/product/202301242216133.jfif', '2023-01-24 15:16:13', '2023-01-24 15:16:13'),
(14, 3, 'assets/uploads/product/202301242216134.jfif', '2023-01-24 15:16:13', '2023-01-24 15:16:13'),
(15, 4, 'assets/uploads/product/202301242223051.jfif', '2023-01-24 15:23:05', '2023-01-24 15:23:05'),
(16, 4, 'assets/uploads/product/202301242223052.jfif', '2023-01-24 15:23:05', '2023-01-24 15:23:05'),
(17, 4, 'assets/uploads/product/202301242223053.jfif', '2023-01-24 15:23:05', '2023-01-24 15:23:05'),
(18, 5, 'assets/uploads/product/202301242228261.jfif', '2023-01-24 15:28:26', '2023-01-24 15:28:26'),
(19, 5, 'assets/uploads/product/202301242228262.jfif', '2023-01-24 15:28:26', '2023-01-24 15:28:26'),
(20, 6, 'assets/uploads/product/202301242249171.jfif', '2023-01-24 15:49:17', '2023-01-24 15:49:17'),
(21, 6, 'assets/uploads/product/202301242249172.jfif', '2023-01-24 15:49:17', '2023-01-24 15:49:17'),
(22, 6, 'assets/uploads/product/202301242249183.jfif', '2023-01-24 15:49:18', '2023-01-24 15:49:18'),
(23, 6, 'assets/uploads/product/202301242249184.jfif', '2023-01-24 15:49:18', '2023-01-24 15:49:18'),
(24, 7, 'assets/uploads/product/202301242252581.jfif', '2023-01-24 15:52:58', '2023-01-24 15:52:58'),
(25, 7, 'assets/uploads/product/202301242252582.jfif', '2023-01-24 15:52:58', '2023-01-24 15:52:58'),
(26, 7, 'assets/uploads/product/202301242252583.jfif', '2023-01-24 15:52:58', '2023-01-24 15:52:58'),
(27, 7, 'assets/uploads/product/202301242252584.jfif', '2023-01-24 15:52:58', '2023-01-24 15:52:58'),
(28, 8, 'assets/uploads/product/202301242256261.jfif', '2023-01-24 15:56:26', '2023-01-24 15:56:26'),
(29, 8, 'assets/uploads/product/202301242256262.jfif', '2023-01-24 15:56:26', '2023-01-24 15:56:26'),
(30, 8, 'assets/uploads/product/202301242256263.jfif', '2023-01-24 15:56:26', '2023-01-24 15:56:26'),
(31, 8, 'assets/uploads/product/202301242256264.jfif', '2023-01-24 15:56:26', '2023-01-24 15:56:26'),
(32, 9, 'assets/uploads/product/202301242300461.jfif', '2023-01-24 16:00:46', '2023-01-24 16:00:46'),
(33, 9, 'assets/uploads/product/202301242300462.jfif', '2023-01-24 16:00:46', '2023-01-24 16:00:46'),
(34, 9, 'assets/uploads/product/202301242300463.jfif', '2023-01-24 16:00:46', '2023-01-24 16:00:46'),
(35, 9, 'assets/uploads/product/202301242300474.jfif', '2023-01-24 16:00:47', '2023-01-24 16:00:47'),
(36, 10, 'assets/uploads/product/202301242302331.jfif', '2023-01-24 16:02:33', '2023-01-24 16:02:33'),
(37, 10, 'assets/uploads/product/202301242302332.jfif', '2023-01-24 16:02:33', '2023-01-24 16:02:33'),
(38, 10, 'assets/uploads/product/202301242302333.jfif', '2023-01-24 16:02:33', '2023-01-24 16:02:33'),
(39, 10, 'assets/uploads/product/202301242302334.jfif', '2023-01-24 16:02:33', '2023-01-24 16:02:33'),
(40, 11, 'assets/uploads/product/202301251454261.jfif', '2023-01-25 07:54:26', '2023-01-25 07:54:26'),
(41, 11, 'assets/uploads/product/202301251454262.jfif', '2023-01-25 07:54:26', '2023-01-25 07:54:26'),
(42, 11, 'assets/uploads/product/202301251454273.jfif', '2023-01-25 07:54:27', '2023-01-25 07:54:27'),
(43, 11, 'assets/uploads/product/202301251454274.jfif', '2023-01-25 07:54:27', '2023-01-25 07:54:27'),
(44, 12, 'assets/uploads/product/202301251500011.jfif', '2023-01-25 08:00:01', '2023-01-25 08:00:01'),
(45, 12, 'assets/uploads/product/202301251500012.jfif', '2023-01-25 08:00:01', '2023-01-25 08:00:01'),
(46, 13, 'assets/uploads/product/202301251502331.jfif', '2023-01-25 08:02:33', '2023-01-25 08:02:33'),
(47, 13, 'assets/uploads/product/202301251502332.jfif', '2023-01-25 08:02:33', '2023-01-25 08:02:33'),
(48, 13, 'assets/uploads/product/202301251502333.jfif', '2023-01-25 08:02:33', '2023-01-25 08:02:33'),
(55, 16, 'assets/uploads/product/202301251520401.jfif', '2023-01-25 08:20:40', '2023-01-25 08:20:40'),
(56, 16, 'assets/uploads/product/202301251520402.png', '2023-01-25 08:20:40', '2023-01-25 08:20:40'),
(57, 16, 'assets/uploads/product/202301251520413.png', '2023-01-25 08:20:41', '2023-01-25 08:20:41'),
(61, 18, 'assets/uploads/product/202301251525311.jpg', '2023-01-25 08:25:31', '2023-01-25 08:25:31'),
(62, 18, 'assets/uploads/product/202301251525312.jpg', '2023-01-25 08:25:31', '2023-01-25 08:25:31'),
(63, 18, 'assets/uploads/product/202301251525313.jpg', '2023-01-25 08:25:31', '2023-01-25 08:25:31'),
(64, 19, 'assets/uploads/product/202301251527421.png', '2023-01-25 08:27:42', '2023-01-25 08:27:42'),
(65, 19, 'assets/uploads/product/202301251527422.png', '2023-01-25 08:27:42', '2023-01-25 08:27:42'),
(66, 19, 'assets/uploads/product/202301251527423.png', '2023-01-25 08:27:42', '2023-01-25 08:27:42'),
(70, 14, 'assets/uploads/product/202301251534541.jpg', '2023-01-25 08:34:54', '2023-01-25 08:34:54'),
(71, 14, 'assets/uploads/product/202301251534542.png', '2023-01-25 08:34:55', '2023-01-25 08:34:55'),
(72, 14, 'assets/uploads/product/202301251534553.png', '2023-01-25 08:34:55', '2023-01-25 08:34:55'),
(73, 17, 'assets/uploads/product/202301251537151.png', '2023-01-25 08:37:15', '2023-01-25 08:37:15'),
(74, 17, 'assets/uploads/product/202301251537152.png', '2023-01-25 08:37:15', '2023-01-25 08:37:15'),
(75, 17, 'assets/uploads/product/202301251537153.png', '2023-01-25 08:37:15', '2023-01-25 08:37:15'),
(76, 15, 'assets/uploads/product/202301251545231.jpg', '2023-01-25 08:45:23', '2023-01-25 08:45:23'),
(77, 15, 'assets/uploads/product/202301251545232.jpg', '2023-01-25 08:45:23', '2023-01-25 08:45:23'),
(78, 15, 'assets/uploads/product/202301251545233.jpg', '2023-01-25 08:45:23', '2023-01-25 08:45:23'),
(83, 20, 'assets/uploads/product/202301251548132.png', '2023-01-25 08:48:13', '2023-01-25 08:48:13'),
(84, 20, 'assets/uploads/product/202301251548133.png', '2023-01-25 08:48:13', '2023-01-25 08:48:13'),
(85, 20, 'assets/uploads/product/202301251549081.png', '2023-01-25 08:49:08', '2023-01-25 08:49:08'),
(87, 21, 'assets/uploads/product/202301251649451.jfif', '2023-01-25 09:49:45', '2023-01-25 09:49:45'),
(88, 21, 'assets/uploads/product/202301251649452.jfif', '2023-01-25 09:49:45', '2023-01-25 09:49:45'),
(89, 21, 'assets/uploads/product/202301251649453.jfif', '2023-01-25 09:49:45', '2023-01-25 09:49:45'),
(90, 23, 'assets/uploads/product/202301251654001.jfif', '2023-01-25 09:54:00', '2023-01-25 09:54:00'),
(91, 23, 'assets/uploads/product/202301251654002.jfif', '2023-01-25 09:54:00', '2023-01-25 09:54:00'),
(92, 23, 'assets/uploads/product/202301251654003.jfif', '2023-01-25 09:54:00', '2023-01-25 09:54:00'),
(93, 24, 'assets/uploads/product/202301251658171.jfif', '2023-01-25 09:58:17', '2023-01-25 09:58:17'),
(94, 24, 'assets/uploads/product/202301251658172.jfif', '2023-01-25 09:58:17', '2023-01-25 09:58:17'),
(95, 24, 'assets/uploads/product/202301251658173.jfif', '2023-01-25 09:58:17', '2023-01-25 09:58:17'),
(96, 25, 'assets/uploads/product/202301251703131.jfif', '2023-01-25 10:03:13', '2023-01-25 10:03:13'),
(97, 25, 'assets/uploads/product/202301251703132.jfif', '2023-01-25 10:03:13', '2023-01-25 10:03:13'),
(98, 26, 'assets/uploads/product/202301251713261.jfif', '2023-01-25 10:13:26', '2023-01-25 10:13:26'),
(99, 26, 'assets/uploads/product/202301251713262.jfif', '2023-01-25 10:13:26', '2023-01-25 10:13:26'),
(100, 27, 'assets/uploads/product/202301251717191.jfif', '2023-01-25 10:17:19', '2023-01-25 10:17:19'),
(101, 27, 'assets/uploads/product/202301251717192.jfif', '2023-01-25 10:17:19', '2023-01-25 10:17:19'),
(102, 27, 'assets/uploads/product/202301251717193.jfif', '2023-01-25 10:17:19', '2023-01-25 10:17:19'),
(103, 28, 'assets/uploads/product/202301251719501.jfif', '2023-01-25 10:19:50', '2023-01-25 10:19:50'),
(104, 28, 'assets/uploads/product/202301251719502.jfif', '2023-01-25 10:19:50', '2023-01-25 10:19:50'),
(105, 28, 'assets/uploads/product/202301251719503.jfif', '2023-01-25 10:19:50', '2023-01-25 10:19:50'),
(106, 29, 'assets/uploads/product/202301251721331.jfif', '2023-01-25 10:21:33', '2023-01-25 10:21:33'),
(107, 29, 'assets/uploads/product/202301251721332.jfif', '2023-01-25 10:21:33', '2023-01-25 10:21:33'),
(108, 29, 'assets/uploads/product/202301251721333.jfif', '2023-01-25 10:21:33', '2023-01-25 10:21:33'),
(109, 30, 'assets/uploads/product/202301251723021.jfif', '2023-01-25 10:23:02', '2023-01-25 10:23:02'),
(110, 30, 'assets/uploads/product/202301251723022.jfif', '2023-01-25 10:23:02', '2023-01-25 10:23:02'),
(111, 30, 'assets/uploads/product/202301251723023.jfif', '2023-01-25 10:23:02', '2023-01-25 10:23:02'),
(112, 22, 'assets/uploads/product/202301251725181.jfif', '2023-01-25 10:25:18', '2023-01-25 10:25:18'),
(113, 22, 'assets/uploads/product/202301251725182.jfif', '2023-01-25 10:25:18', '2023-01-25 10:25:18'),
(114, 22, 'assets/uploads/product/202301251725183.jfif', '2023-01-25 10:25:18', '2023-01-25 10:25:18'),
(115, 31, 'assets/uploads/product/202301251738411.jfif', '2023-01-25 10:38:41', '2023-01-25 10:38:41'),
(116, 31, 'assets/uploads/product/202301251738412.jfif', '2023-01-25 10:38:41', '2023-01-25 10:38:41'),
(117, 31, 'assets/uploads/product/202301251738413.jfif', '2023-01-25 10:38:41', '2023-01-25 10:38:41'),
(118, 32, 'assets/uploads/product/202301251742411.jfif', '2023-01-25 10:42:41', '2023-01-25 10:42:41'),
(119, 32, 'assets/uploads/product/202301251742412.jfif', '2023-01-25 10:42:41', '2023-01-25 10:42:41'),
(120, 32, 'assets/uploads/product/202301251742413.jfif', '2023-01-25 10:42:41', '2023-01-25 10:42:41'),
(121, 33, 'assets/uploads/product/202301251747291.jfif', '2023-01-25 10:47:29', '2023-01-25 10:47:29'),
(122, 33, 'assets/uploads/product/202301251747302.jfif', '2023-01-25 10:47:30', '2023-01-25 10:47:30'),
(123, 33, 'assets/uploads/product/202301251747303.jfif', '2023-01-25 10:47:30', '2023-01-25 10:47:30'),
(124, 34, 'assets/uploads/product/202301251750381.jfif', '2023-01-25 10:50:38', '2023-01-25 10:50:38'),
(125, 34, 'assets/uploads/product/202301251750382.jfif', '2023-01-25 10:50:38', '2023-01-25 10:50:38'),
(126, 34, 'assets/uploads/product/202301251750393.jfif', '2023-01-25 10:50:39', '2023-01-25 10:50:39'),
(130, 36, 'assets/uploads/product/202301251753311.jfif', '2023-01-25 10:53:31', '2023-01-25 10:53:31'),
(131, 36, 'assets/uploads/product/202301251753312.jfif', '2023-01-25 10:53:31', '2023-01-25 10:53:31'),
(132, 36, 'assets/uploads/product/202301251753313.jfif', '2023-01-25 10:53:31', '2023-01-25 10:53:31'),
(133, 37, 'assets/uploads/product/202301251806281.jfif', '2023-01-25 11:06:28', '2023-01-25 11:06:28'),
(134, 37, 'assets/uploads/product/202301251806292.jfif', '2023-01-25 11:06:29', '2023-01-25 11:06:29'),
(135, 37, 'assets/uploads/product/202301251806293.jfif', '2023-01-25 11:06:29', '2023-01-25 11:06:29'),
(136, 37, 'assets/uploads/product/202301251806294.jfif', '2023-01-25 11:06:29', '2023-01-25 11:06:29'),
(137, 38, 'assets/uploads/product/202301251811371.jfif', '2023-01-25 11:11:37', '2023-01-25 11:11:37'),
(138, 38, 'assets/uploads/product/202301251811372.jfif', '2023-01-25 11:11:37', '2023-01-25 11:11:37'),
(139, 38, 'assets/uploads/product/202301251811373.jfif', '2023-01-25 11:11:37', '2023-01-25 11:11:37'),
(140, 39, 'assets/uploads/product/202301251814311.jfif', '2023-01-25 11:14:31', '2023-01-25 11:14:31'),
(141, 39, 'assets/uploads/product/202301251814312.jfif', '2023-01-25 11:14:31', '2023-01-25 11:14:31'),
(142, 39, 'assets/uploads/product/202301251814323.jfif', '2023-01-25 11:14:32', '2023-01-25 11:14:32'),
(143, 40, 'assets/uploads/product/202301251817571.jfif', '2023-01-25 11:17:57', '2023-01-25 11:17:57'),
(144, 40, 'assets/uploads/product/202301251817572.jfif', '2023-01-25 11:17:57', '2023-01-25 11:17:57'),
(145, 40, 'assets/uploads/product/202301251817573.jfif', '2023-01-25 11:17:57', '2023-01-25 11:17:57'),
(146, 41, 'assets/uploads/product/202301251820011.jfif', '2023-01-25 11:20:01', '2023-01-25 11:20:01'),
(147, 41, 'assets/uploads/product/202301251820012.jfif', '2023-01-25 11:20:01', '2023-01-25 11:20:01'),
(148, 41, 'assets/uploads/product/202301251820013.jfif', '2023-01-25 11:20:01', '2023-01-25 11:20:01'),
(149, 42, 'assets/uploads/product/202301252014111.jfif', '2023-01-25 13:14:11', '2023-01-25 13:14:11'),
(150, 42, 'assets/uploads/product/202301252014112.jfif', '2023-01-25 13:14:11', '2023-01-25 13:14:11'),
(151, 42, 'assets/uploads/product/202301252014113.jfif', '2023-01-25 13:14:11', '2023-01-25 13:14:11'),
(152, 43, 'assets/uploads/product/202301252017451.jfif', '2023-01-25 13:17:45', '2023-01-25 13:17:45'),
(153, 43, 'assets/uploads/product/202301252017452.jfif', '2023-01-25 13:17:45', '2023-01-25 13:17:45'),
(154, 43, 'assets/uploads/product/202301252017453.jfif', '2023-01-25 13:17:45', '2023-01-25 13:17:45'),
(155, 44, 'assets/uploads/product/202301252037111.jfif', '2023-01-25 13:37:11', '2023-01-25 13:37:11'),
(156, 44, 'assets/uploads/product/202301252037112.jfif', '2023-01-25 13:37:11', '2023-01-25 13:37:11'),
(157, 44, 'assets/uploads/product/202301252037113.jfif', '2023-01-25 13:37:11', '2023-01-25 13:37:11'),
(158, 45, 'assets/uploads/product/202301252040331.jfif', '2023-01-25 13:40:33', '2023-01-25 13:40:33'),
(159, 45, 'assets/uploads/product/202301252040342.jfif', '2023-01-25 13:40:34', '2023-01-25 13:40:34'),
(160, 46, 'assets/uploads/product/202301252042561.jfif', '2023-01-25 13:42:56', '2023-01-25 13:42:56'),
(161, 46, 'assets/uploads/product/202301252042562.jfif', '2023-01-25 13:42:56', '2023-01-25 13:42:56'),
(162, 47, 'assets/uploads/product/202301252055001.jfif', '2023-01-25 13:55:00', '2023-01-25 13:55:00'),
(163, 47, 'assets/uploads/product/202301252055002.jfif', '2023-01-25 13:55:00', '2023-01-25 13:55:00'),
(164, 47, 'assets/uploads/product/202301252055003.jfif', '2023-01-25 13:55:00', '2023-01-25 13:55:00'),
(165, 48, 'assets/uploads/product/202301252056141.jfif', '2023-01-25 13:56:14', '2023-01-25 13:56:14'),
(166, 48, 'assets/uploads/product/202301252056142.jfif', '2023-01-25 13:56:14', '2023-01-25 13:56:14'),
(167, 48, 'assets/uploads/product/202301252056143.jfif', '2023-01-25 13:56:14', '2023-01-25 13:56:14'),
(168, 49, 'assets/uploads/product/202301252057101.jfif', '2023-01-25 13:57:10', '2023-01-25 13:57:10'),
(169, 49, 'assets/uploads/product/202301252057102.jfif', '2023-01-25 13:57:10', '2023-01-25 13:57:10'),
(170, 49, 'assets/uploads/product/202301252057103.jfif', '2023-01-25 13:57:10', '2023-01-25 13:57:10'),
(171, 50, 'assets/uploads/product/202301252058551.jfif', '2023-01-25 13:58:55', '2023-01-25 13:58:55'),
(172, 50, 'assets/uploads/product/202301252058552.jfif', '2023-01-25 13:58:55', '2023-01-25 13:58:55'),
(173, 50, 'assets/uploads/product/202301252058553.jfif', '2023-01-25 13:58:55', '2023-01-25 13:58:55'),
(174, 51, 'assets/uploads/product/202301252100061.jfif', '2023-01-25 14:00:06', '2023-01-25 14:00:06'),
(175, 51, 'assets/uploads/product/202301252100062.jfif', '2023-01-25 14:00:06', '2023-01-25 14:00:06'),
(176, 51, 'assets/uploads/product/202301252100063.jfif', '2023-01-25 14:00:06', '2023-01-25 14:00:06'),
(177, 52, 'assets/uploads/product/202301252124301.jfif', '2023-01-25 14:24:30', '2023-01-25 14:24:30'),
(178, 52, 'assets/uploads/product/202301252124302.jfif', '2023-01-25 14:24:30', '2023-01-25 14:24:30'),
(179, 52, 'assets/uploads/product/202301252124303.jfif', '2023-01-25 14:24:30', '2023-01-25 14:24:30'),
(180, 53, 'assets/uploads/product/202301252126571.jfif', '2023-01-25 14:26:57', '2023-01-25 14:26:57'),
(181, 53, 'assets/uploads/product/202301252126572.jfif', '2023-01-25 14:26:57', '2023-01-25 14:26:57'),
(182, 54, 'assets/uploads/product/202301252128461.jfif', '2023-01-25 14:28:46', '2023-01-25 14:28:46'),
(183, 54, 'assets/uploads/product/202301252128472.jfif', '2023-01-25 14:28:47', '2023-01-25 14:28:47'),
(184, 54, 'assets/uploads/product/202301252128473.jfif', '2023-01-25 14:28:47', '2023-01-25 14:28:47'),
(185, 55, 'assets/uploads/product/202301252130471.jfif', '2023-01-25 14:30:47', '2023-01-25 14:30:47'),
(186, 55, 'assets/uploads/product/202301252130472.jfif', '2023-01-25 14:30:47', '2023-01-25 14:30:47'),
(187, 55, 'assets/uploads/product/202301252130473.jfif', '2023-01-25 14:30:47', '2023-01-25 14:30:47'),
(188, 56, 'assets/uploads/product/202301252132521.jfif', '2023-01-25 14:32:52', '2023-01-25 14:32:52'),
(189, 56, 'assets/uploads/product/202301252132522.jfif', '2023-01-25 14:32:52', '2023-01-25 14:32:52'),
(190, 57, 'assets/uploads/product/202301252140101.jfif', '2023-01-25 14:40:10', '2023-01-25 14:40:10'),
(191, 57, 'assets/uploads/product/202301252140102.jfif', '2023-01-25 14:40:10', '2023-01-25 14:40:10'),
(192, 58, 'assets/uploads/product/202301252141171.jfif', '2023-01-25 14:41:17', '2023-01-25 14:41:17'),
(193, 58, 'assets/uploads/product/202301252141172.jfif', '2023-01-25 14:41:17', '2023-01-25 14:41:17'),
(194, 59, 'assets/uploads/product/202301252142501.jfif', '2023-01-25 14:42:50', '2023-01-25 14:42:50'),
(195, 59, 'assets/uploads/product/202301252142502.jfif', '2023-01-25 14:42:50', '2023-01-25 14:42:50'),
(196, 60, 'assets/uploads/product/202301252144041.jfif', '2023-01-25 14:44:04', '2023-01-25 14:44:04'),
(197, 60, 'assets/uploads/product/202301252144042.jfif', '2023-01-25 14:44:04', '2023-01-25 14:44:04'),
(198, 60, 'assets/uploads/product/202301252144043.jfif', '2023-01-25 14:44:04', '2023-01-25 14:44:04'),
(199, 61, 'assets/uploads/product/202301252145161.jfif', '2023-01-25 14:45:16', '2023-01-25 14:45:16'),
(200, 61, 'assets/uploads/product/202301252145162.jfif', '2023-01-25 14:45:16', '2023-01-25 14:45:16'),
(201, 62, 'assets/uploads/product/202301252203281.jfif', '2023-01-25 15:03:28', '2023-01-25 15:03:28'),
(202, 62, 'assets/uploads/product/202301252203282.jfif', '2023-01-25 15:03:28', '2023-01-25 15:03:28'),
(203, 62, 'assets/uploads/product/202301252203283.jfif', '2023-01-25 15:03:28', '2023-01-25 15:03:28'),
(204, 63, 'assets/uploads/product/202301252205091.jfif', '2023-01-25 15:05:09', '2023-01-25 15:05:09'),
(205, 63, 'assets/uploads/product/202301252205092.jfif', '2023-01-25 15:05:09', '2023-01-25 15:05:09'),
(206, 63, 'assets/uploads/product/202301252205093.jfif', '2023-01-25 15:05:09', '2023-01-25 15:05:09'),
(207, 64, 'assets/uploads/product/202301252206091.jfif', '2023-01-25 15:06:09', '2023-01-25 15:06:09'),
(208, 64, 'assets/uploads/product/202301252206102.jfif', '2023-01-25 15:06:10', '2023-01-25 15:06:10'),
(209, 64, 'assets/uploads/product/202301252206103.jfif', '2023-01-25 15:06:10', '2023-01-25 15:06:10'),
(210, 65, 'assets/uploads/product/202301252206561.jfif', '2023-01-25 15:06:56', '2023-01-25 15:06:56'),
(211, 65, 'assets/uploads/product/202301252206562.jfif', '2023-01-25 15:06:56', '2023-01-25 15:06:56'),
(212, 65, 'assets/uploads/product/202301252206563.jfif', '2023-01-25 15:06:56', '2023-01-25 15:06:56'),
(213, 66, 'assets/uploads/product/202301252208391.jfif', '2023-01-25 15:08:39', '2023-01-25 15:08:39'),
(214, 66, 'assets/uploads/product/202301252208392.jfif', '2023-01-25 15:08:39', '2023-01-25 15:08:39'),
(215, 66, 'assets/uploads/product/202301252208393.jfif', '2023-01-25 15:08:39', '2023-01-25 15:08:39'),
(216, 67, 'assets/uploads/product/202301252220141.jfif', '2023-01-25 15:20:14', '2023-01-25 15:20:14'),
(217, 67, 'assets/uploads/product/202301252220152.jfif', '2023-01-25 15:20:15', '2023-01-25 15:20:15'),
(218, 67, 'assets/uploads/product/202301252220153.jfif', '2023-01-25 15:20:15', '2023-01-25 15:20:15'),
(219, 68, 'assets/uploads/product/202301252221581.jfif', '2023-01-25 15:21:58', '2023-01-25 15:21:58'),
(220, 68, 'assets/uploads/product/202301252221582.jfif', '2023-01-25 15:21:58', '2023-01-25 15:21:58'),
(221, 68, 'assets/uploads/product/202301252221583.jfif', '2023-01-25 15:21:58', '2023-01-25 15:21:58'),
(222, 69, 'assets/uploads/product/202301252223021.jfif', '2023-01-25 15:23:02', '2023-01-25 15:23:02'),
(223, 69, 'assets/uploads/product/202301252223022.jfif', '2023-01-25 15:23:02', '2023-01-25 15:23:02'),
(224, 69, 'assets/uploads/product/202301252223023.jfif', '2023-01-25 15:23:02', '2023-01-25 15:23:02'),
(225, 70, 'assets/uploads/product/202301252224341.jfif', '2023-01-25 15:24:34', '2023-01-25 15:24:34'),
(226, 70, 'assets/uploads/product/202301252224342.jfif', '2023-01-25 15:24:34', '2023-01-25 15:24:34'),
(227, 70, 'assets/uploads/product/202301252224343.jfif', '2023-01-25 15:24:34', '2023-01-25 15:24:34'),
(228, 71, 'assets/uploads/product/202301252226101.jfif', '2023-01-25 15:26:10', '2023-01-25 15:26:10'),
(229, 71, 'assets/uploads/product/202301252226102.jfif', '2023-01-25 15:26:10', '2023-01-25 15:26:10'),
(230, 71, 'assets/uploads/product/202301252226103.jfif', '2023-01-25 15:26:10', '2023-01-25 15:26:10'),
(231, 72, 'assets/uploads/product/202301252239131.jfif', '2023-01-25 15:39:13', '2023-01-25 15:39:13'),
(232, 72, 'assets/uploads/product/202301252239132.jfif', '2023-01-25 15:39:13', '2023-01-25 15:39:13'),
(233, 73, 'assets/uploads/product/202301252241071.jfif', '2023-01-25 15:41:07', '2023-01-25 15:41:07'),
(234, 73, 'assets/uploads/product/202301252241072.jfif', '2023-01-25 15:41:07', '2023-01-25 15:41:07'),
(238, 76, 'assets/uploads/product/202301252247451.jfif', '2023-01-25 15:47:45', '2023-01-25 15:47:45'),
(239, 76, 'assets/uploads/product/202301252247452.jfif', '2023-01-25 15:47:45', '2023-01-25 15:47:45'),
(240, 76, 'assets/uploads/product/202301252247453.jfif', '2023-01-25 15:47:45', '2023-01-25 15:47:45'),
(241, 77, 'assets/uploads/product/202301252255431.jfif', '2023-01-25 15:55:43', '2023-01-25 15:55:43'),
(242, 77, 'assets/uploads/product/202301252255432.jfif', '2023-01-25 15:55:43', '2023-01-25 15:55:43'),
(243, 78, 'assets/uploads/product/202301252257251.jfif', '2023-01-25 15:57:25', '2023-01-25 15:57:25'),
(244, 78, 'assets/uploads/product/202301252257252.jfif', '2023-01-25 15:57:25', '2023-01-25 15:57:25'),
(245, 79, 'assets/uploads/product/202301252258391.jfif', '2023-01-25 15:58:39', '2023-01-25 15:58:39'),
(246, 79, 'assets/uploads/product/202301252258392.jfif', '2023-01-25 15:58:39', '2023-01-25 15:58:39'),
(247, 80, 'assets/uploads/product/202301252259271.jfif', '2023-01-25 15:59:27', '2023-01-25 15:59:27'),
(248, 80, 'assets/uploads/product/202301252259272.jfif', '2023-01-25 15:59:27', '2023-01-25 15:59:27'),
(249, 80, 'assets/uploads/product/202301252259273.jfif', '2023-01-25 15:59:27', '2023-01-25 15:59:27'),
(250, 81, 'assets/uploads/product/202301252301491.jfif', '2023-01-25 16:01:49', '2023-01-25 16:01:49'),
(251, 81, 'assets/uploads/product/202301252301492.jfif', '2023-01-25 16:01:49', '2023-01-25 16:01:49'),
(252, 81, 'assets/uploads/product/202301252301493.jfif', '2023-01-25 16:01:49', '2023-01-25 16:01:49'),
(253, 82, 'assets/uploads/product/202301252319531.jfif', '2023-01-25 16:19:53', '2023-01-25 16:19:53'),
(254, 82, 'assets/uploads/product/202301252319532.jfif', '2023-01-25 16:19:53', '2023-01-25 16:19:53'),
(255, 82, 'assets/uploads/product/202301252319533.jfif', '2023-01-25 16:19:53', '2023-01-25 16:19:53'),
(256, 83, 'assets/uploads/product/202301252321581.jfif', '2023-01-25 16:21:58', '2023-01-25 16:21:58'),
(257, 83, 'assets/uploads/product/202301252321582.jfif', '2023-01-25 16:21:58', '2023-01-25 16:21:58'),
(258, 83, 'assets/uploads/product/202301252321583.jfif', '2023-01-25 16:21:58', '2023-01-25 16:21:58'),
(259, 84, 'assets/uploads/product/202301252324361.jfif', '2023-01-25 16:24:36', '2023-01-25 16:24:36'),
(260, 84, 'assets/uploads/product/202301252324362.jfif', '2023-01-25 16:24:36', '2023-01-25 16:24:36'),
(261, 84, 'assets/uploads/product/202301252324363.jfif', '2023-01-25 16:24:36', '2023-01-25 16:24:36'),
(262, 85, 'assets/uploads/product/202301252325431.jfif', '2023-01-25 16:25:43', '2023-01-25 16:25:43'),
(263, 85, 'assets/uploads/product/202301252325432.jfif', '2023-01-25 16:25:43', '2023-01-25 16:25:43'),
(264, 85, 'assets/uploads/product/202301252325433.jfif', '2023-01-25 16:25:43', '2023-01-25 16:25:43'),
(265, 86, 'assets/uploads/product/202301252327491.jfif', '2023-01-25 16:27:49', '2023-01-25 16:27:49'),
(266, 86, 'assets/uploads/product/202301252327492.jfif', '2023-01-25 16:27:49', '2023-01-25 16:27:49'),
(267, 86, 'assets/uploads/product/202301252327493.jfif', '2023-01-25 16:27:49', '2023-01-25 16:27:49'),
(268, 87, 'assets/uploads/product/202301252339511.jfif', '2023-01-25 16:39:51', '2023-01-25 16:39:51'),
(269, 87, 'assets/uploads/product/202301252339512.jfif', '2023-01-25 16:39:51', '2023-01-25 16:39:51'),
(270, 87, 'assets/uploads/product/202301252339513.jfif', '2023-01-25 16:39:51', '2023-01-25 16:39:51'),
(271, 88, 'assets/uploads/product/202301252341501.jfif', '2023-01-25 16:41:50', '2023-01-25 16:41:50'),
(272, 88, 'assets/uploads/product/202301252341502.jfif', '2023-01-25 16:41:50', '2023-01-25 16:41:50'),
(273, 88, 'assets/uploads/product/202301252341503.jfif', '2023-01-25 16:41:50', '2023-01-25 16:41:50'),
(274, 89, 'assets/uploads/product/202301252343231.jfif', '2023-01-25 16:43:23', '2023-01-25 16:43:23'),
(275, 89, 'assets/uploads/product/202301252343232.jfif', '2023-01-25 16:43:23', '2023-01-25 16:43:23'),
(276, 89, 'assets/uploads/product/202301252343233.jfif', '2023-01-25 16:43:23', '2023-01-25 16:43:23'),
(277, 91, 'assets/uploads/product/202301252346471.jfif', '2023-01-25 16:46:47', '2023-01-25 16:46:47'),
(278, 91, 'assets/uploads/product/202301252346472.jfif', '2023-01-25 16:46:47', '2023-01-25 16:46:47'),
(279, 91, 'assets/uploads/product/202301252346473.jfif', '2023-01-25 16:46:47', '2023-01-25 16:46:47'),
(280, 90, 'assets/uploads/product/202301252352281.jfif', '2023-01-25 16:52:28', '2023-01-25 16:52:28'),
(281, 90, 'assets/uploads/product/202301252352282.jfif', '2023-01-25 16:52:28', '2023-01-25 16:52:28'),
(282, 90, 'assets/uploads/product/202301252352283.jfif', '2023-01-25 16:52:28', '2023-01-25 16:52:28'),
(283, 74, 'assets/uploads/product/202301252357101.png', '2023-01-25 16:57:10', '2023-01-25 16:57:10'),
(284, 74, 'assets/uploads/product/202301252357102.jfif', '2023-01-25 16:57:10', '2023-01-25 16:57:10'),
(285, 74, 'assets/uploads/product/202301252357103.jfif', '2023-01-25 16:57:10', '2023-01-25 16:57:10'),
(286, 75, 'assets/uploads/product/202301252358021.jfif', '2023-01-25 16:58:02', '2023-01-25 16:58:02'),
(287, 75, 'assets/uploads/product/202301252358022.jfif', '2023-01-25 16:58:02', '2023-01-25 16:58:02'),
(288, 75, 'assets/uploads/product/202301252358023.jfif', '2023-01-25 16:58:02', '2023-01-25 16:58:02'),
(289, 92, 'assets/uploads/product/202301261431471.jpg', '2023-01-26 07:31:47', '2023-01-26 07:31:47'),
(290, 92, 'assets/uploads/product/202301261431472.jpg', '2023-01-26 07:31:47', '2023-01-26 07:31:47'),
(291, 92, 'assets/uploads/product/202301261431483.jpg', '2023-01-26 07:31:48', '2023-01-26 07:31:48'),
(292, 93, 'assets/uploads/product/202301261433451.jpg', '2023-01-26 07:33:45', '2023-01-26 07:33:45'),
(293, 93, 'assets/uploads/product/202301261433452.jpg', '2023-01-26 07:33:45', '2023-01-26 07:33:45'),
(294, 93, 'assets/uploads/product/202301261433453.jpg', '2023-01-26 07:33:45', '2023-01-26 07:33:45'),
(295, 94, 'assets/uploads/product/202301261435241.jpg', '2023-01-26 07:35:24', '2023-01-26 07:35:24'),
(296, 94, 'assets/uploads/product/202301261435242.jpg', '2023-01-26 07:35:24', '2023-01-26 07:35:24'),
(297, 94, 'assets/uploads/product/202301261435243.jpg', '2023-01-26 07:35:24', '2023-01-26 07:35:24'),
(298, 95, 'assets/uploads/product/202301261437091.jpg', '2023-01-26 07:37:09', '2023-01-26 07:37:09'),
(299, 95, 'assets/uploads/product/202301261437092.jpg', '2023-01-26 07:37:09', '2023-01-26 07:37:09'),
(300, 96, 'assets/uploads/product/202301261439071.jpg', '2023-01-26 07:39:07', '2023-01-26 07:39:07'),
(301, 96, 'assets/uploads/product/202301261439072.jpg', '2023-01-26 07:39:07', '2023-01-26 07:39:07'),
(302, 96, 'assets/uploads/product/202301261439073.jpg', '2023-01-26 07:39:07', '2023-01-26 07:39:07'),
(303, 97, 'assets/uploads/product/202301261447191.jpg', '2023-01-26 07:47:19', '2023-01-26 07:47:19'),
(304, 97, 'assets/uploads/product/202301261447192.jpg', '2023-01-26 07:47:19', '2023-01-26 07:47:19'),
(305, 98, 'assets/uploads/product/202301261449081.jpg', '2023-01-26 07:49:08', '2023-01-26 07:49:08'),
(306, 98, 'assets/uploads/product/202301261449082.jpg', '2023-01-26 07:49:08', '2023-01-26 07:49:08'),
(307, 99, 'assets/uploads/product/202301261450141.jpg', '2023-01-26 07:50:14', '2023-01-26 07:50:14'),
(308, 99, 'assets/uploads/product/202301261450142.jpg', '2023-01-26 07:50:14', '2023-01-26 07:50:14'),
(309, 100, 'assets/uploads/product/202301261451231.jpg', '2023-01-26 07:51:23', '2023-01-26 07:51:23'),
(310, 100, 'assets/uploads/product/202301261451232.jpg', '2023-01-26 07:51:23', '2023-01-26 07:51:23'),
(311, 100, 'assets/uploads/product/202301261451233.jpg', '2023-01-26 07:51:23', '2023-01-26 07:51:23'),
(312, 101, 'assets/uploads/product/202301261452491.jpg', '2023-01-26 07:52:49', '2023-01-26 07:52:49'),
(313, 101, 'assets/uploads/product/202301261452492.jpg', '2023-01-26 07:52:49', '2023-01-26 07:52:49'),
(314, 101, 'assets/uploads/product/202301261452503.jpg', '2023-01-26 07:52:50', '2023-01-26 07:52:50');

-- --------------------------------------------------------

--
-- Cấu trúc bảng cho bảng `profile_users`
--

CREATE TABLE `profile_users` (
  `id` bigint(20) UNSIGNED NOT NULL,
  `user_id` bigint(20) UNSIGNED NOT NULL,
  `phone` varchar(255) COLLATE utf8_unicode_ci DEFAULT NULL,
  `address` varchar(255) COLLATE utf8_unicode_ci DEFAULT NULL,
  `created_at` timestamp NULL DEFAULT NULL,
  `updated_at` timestamp NULL DEFAULT NULL
) ENGINE=InnoDB DEFAULT CHARSET=utf8 COLLATE=utf8_unicode_ci;

--
-- Đang đổ dữ liệu cho bảng `profile_users`
--

INSERT INTO `profile_users` (`id`, `user_id`, `phone`, `address`, `created_at`, `updated_at`) VALUES
(1, 1, '0909888999', 'Quận 8, TP.HCM', NULL, '2023-01-24 16:04:55'),
(2, 2, '0918938851', 'Quận 1, TP.HCM', NULL, '2023-01-24 14:32:40'),
(3, 3, '0918938852', 'Quận 2, TP.HCM', NULL, '2023-01-25 10:28:19'),
(4, 4, '0918938853', 'Quận 3, TP.HCM', NULL, '2023-01-25 14:05:58'),
(5, 5, '0918938854', 'Quận 8, TP.HCM', NULL, '2023-01-26 07:09:15'),
(6, 6, '0918938855', 'Quận 9, TP.HCM', NULL, '2023-01-26 07:27:45'),
(7, 7, '0918938856', 'Quận 6, TP.HCM', NULL, '2023-01-27 10:21:22'),
(8, 8, '0988999888', 'Bình Chánh, TP.HCM', NULL, '2023-01-28 08:16:20'),
(9, 9, '0123456789', 'acb agb abg', NULL, NULL),
(10, 10, '0123456789', 'acb agb abg aff', NULL, NULL),
(11, 12, '0918938859', 'Tân Châu, An Giang', '2023-01-27 10:18:25', '2023-01-28 10:04:45'),
(12, 11, '0918938888', 'Phước Kiểng, Nhà Bè, HCM', '2023-01-27 10:50:08', '2023-01-27 10:50:08');

-- --------------------------------------------------------

--
-- Cấu trúc bảng cho bảng `ratings`
--

CREATE TABLE `ratings` (
  `id` bigint(20) UNSIGNED NOT NULL,
  `user_id` bigint(20) NOT NULL,
  `product_id` bigint(20) NOT NULL,
  `stars_rated` tinyint(4) NOT NULL,
  `user_review` text COLLATE utf8_unicode_ci DEFAULT NULL,
  `created_at` timestamp NULL DEFAULT NULL,
  `updated_at` timestamp NULL DEFAULT NULL
) ENGINE=InnoDB DEFAULT CHARSET=utf8 COLLATE=utf8_unicode_ci;

--
-- Đang đổ dữ liệu cho bảng `ratings`
--

INSERT INTO `ratings` (`id`, `user_id`, `product_id`, `stars_rated`, `user_review`, `created_at`, `updated_at`) VALUES
(1, 8, 28, 5, 'Chiếc băng cổ tay tennis này rất vừa với tôi. Rất hài lòng.', '2023-01-26 16:32:17', '2023-01-26 16:32:17'),
(2, 8, 1, 4, 'Sản phẩm giao nhanh, y như hình ạ. Sẽ ủng hộ shop tiếp', '2023-01-26 09:32:17', '2023-01-26 09:32:17'),
(3, 8, 2, 4, 'Sản phẩm giao nhanh, y như hình ạ. Sẽ ủng hộ shop tiếp', '2023-01-26 09:32:17', '2023-01-26 09:32:17'),
(4, 8, 3, 4, 'Sản phẩm giao nhanh, y như hình ạ. Sẽ ủng hộ shop tiếp', '2023-01-26 09:32:17', '2023-01-26 09:32:17'),
(5, 8, 4, 4, 'Sản phẩm giao nhanh, y như hình ạ. Sẽ ủng hộ shop tiếp', '2023-01-26 09:32:17', '2023-01-26 09:32:17'),
(6, 8, 5, 4, 'Sản phẩm giao nhanh, y như hình ạ. Sẽ ủng hộ shop tiếp', '2023-01-26 09:32:17', '2023-01-26 09:32:17'),
(7, 8, 6, 4, 'Sản phẩm giao nhanh, y như hình ạ. Sẽ ủng hộ shop tiếp', '2023-01-26 09:32:17', '2023-01-26 09:32:17'),
(8, 8, 7, 4, 'Sản phẩm giao nhanh, y như hình ạ. Sẽ ủng hộ shop tiếp', '2023-01-26 09:32:17', '2023-01-26 09:32:17'),
(9, 8, 8, 4, 'Sản phẩm giao nhanh, y như hình ạ. Sẽ ủng hộ shop tiếp', '2023-01-26 09:32:17', '2023-01-26 09:32:17'),
(10, 8, 9, 4, 'Sản phẩm giao nhanh, y như hình ạ. Sẽ ủng hộ shop tiếp.', '2023-01-26 09:32:17', '2023-01-26 09:32:17'),
(11, 8, 10, 4, 'Sản phẩm giao nhanh, y như hình ạ. Sẽ ủng hộ shop tiếp.', '2023-01-26 09:32:17', '2023-01-26 09:32:17'),
(12, 8, 11, 4, 'Sản phẩm giao nhanh, y như hình ạ. Sẽ ủng hộ shop tiếp.', '2023-01-26 09:32:17', '2023-01-26 09:32:17'),
(13, 8, 12, 4, 'Sản phẩm giao nhanh, y như hình ạ. Sẽ ủng hộ shop tiếp.', '2023-01-26 09:32:17', '2023-01-26 09:32:17'),
(14, 8, 13, 4, 'Sản phẩm giao nhanh, y như hình ạ. Sẽ ủng hộ shop tiếp.', '2023-01-26 09:32:17', '2023-01-26 09:32:17'),
(15, 8, 14, 4, 'Sản phẩm giao nhanh, y như hình ạ. Sẽ ủng hộ shop tiếp.', '2023-01-26 09:32:17', '2023-01-26 09:32:17'),
(16, 8, 15, 4, 'Sản phẩm giao nhanh, y như hình ạ. Sẽ ủng hộ shop tiếp.', '2023-01-26 09:32:17', '2023-01-26 09:32:17'),
(17, 8, 16, 4, 'Sản phẩm giao nhanh, y như hình ạ. Sẽ ủng hộ shop tiếp.', '2023-01-26 09:32:17', '2023-01-26 09:32:17'),
(18, 8, 17, 4, 'Sản phẩm giao nhanh, y như hình ạ. Sẽ ủng hộ shop tiếp.', '2023-01-26 09:32:17', '2023-01-26 09:32:17'),
(19, 8, 18, 4, 'Sản phẩm giao nhanh, y như hình ạ. Sẽ ủng hộ shop tiếp.', '2023-01-26 09:32:17', '2023-01-26 09:32:17'),
(20, 8, 19, 4, 'Shop rep hơi chậm nhưng mà hàng oke lắm ạ', '2023-01-26 09:32:17', '2023-01-26 09:32:17'),
(21, 8, 20, 4, 'Shop rep hơi chậm nhưng mà hàng oke lắm ạ', '2023-01-26 09:32:17', '2023-01-26 09:32:17'),
(22, 8, 21, 4, 'Shop rep hơi chậm nhưng mà hàng oke lắm ạ', '2023-01-26 09:32:17', '2023-01-26 09:32:17'),
(23, 8, 22, 4, 'Shop rep hơi chậm nhưng mà hàng oke lắm ạ', '2023-01-26 09:32:17', '2023-01-26 09:32:17'),
(24, 8, 23, 4, 'Shop rep hơi chậm nhưng mà hàng oke lắm ạ', '2023-01-26 09:32:17', '2023-01-26 09:32:17'),
(25, 8, 24, 4, 'Shop rep hơi chậm nhưng mà hàng oke lắm ạ', '2023-01-26 09:32:17', '2023-01-26 09:32:17'),
(26, 8, 25, 4, 'Shop rep hơi chậm nhưng mà hàng oke lắm ạ', '2023-01-26 09:32:17', '2023-01-26 09:32:17'),
(27, 8, 26, 4, 'Shop rep hơi chậm nhưng mà hàng oke lắm ạ', '2023-01-26 09:32:17', '2023-01-26 09:32:17'),
(28, 8, 27, 4, 'Shop rep hơi chậm nhưng mà hàng oke lắm ạ', '2023-01-26 09:32:17', '2023-01-26 09:32:17'),
(29, 8, 29, 4, 'Shop rep hơi chậm nhưng mà hàng oke lắm ạ', '2023-01-26 09:32:17', '2023-01-26 09:32:17'),
(30, 8, 30, 4, 'Shop rep hơi chậm nhưng mà hàng oke lắm ạ', '2023-01-26 09:32:17', '2023-01-26 09:32:17'),
(31, 8, 31, 4, 'Shop rep hơi chậm nhưng mà hàng oke lắm ạ', '2023-01-26 09:32:17', '2023-01-26 09:32:17'),
(32, 8, 32, 4, 'Shop rep hơi chậm nhưng mà hàng oke lắm ạ', '2023-01-26 09:32:17', '2023-01-26 09:32:17'),
(33, 8, 33, 4, 'Shop rep hơi chậm nhưng mà hàng oke lắm ạ', '2023-01-26 09:32:17', '2023-01-26 09:32:17'),
(34, 8, 34, 4, 'Shop rep hơi chậm nhưng mà hàng oke lắm ạ', '2023-01-26 09:32:17', '2023-01-26 09:32:17'),
(35, 8, 36, 4, 'Hài lòng.', '2023-01-26 09:32:17', '2023-01-26 09:32:17'),
(36, 8, 37, 5, 'Sản phẩm giao nhanh, y như hình ạ. Sẽ ủng hộ shop tiếp.', '2023-01-26 09:32:17', '2023-01-28 08:14:47'),
(37, 8, 38, 4, 'Hài lòng.', '2023-01-26 09:32:17', '2023-01-26 09:32:17'),
(38, 8, 39, 4, 'Hài lòng.', '2023-01-26 09:32:17', '2023-01-26 09:32:17'),
(39, 8, 40, 4, 'Hài lòng.', '2023-01-26 09:32:17', '2023-01-26 09:32:17'),
(40, 8, 41, 4, 'Hài lòng.', '2023-01-26 09:32:17', '2023-01-26 09:32:17'),
(41, 8, 42, 4, 'Hài lòng.', '2023-01-26 09:32:17', '2023-01-26 09:32:17'),
(42, 8, 43, 4, 'Hài lòng.', '2023-01-26 09:32:17', '2023-01-26 09:32:17'),
(43, 8, 44, 4, 'Hài lòng.', '2023-01-26 09:32:17', '2023-01-26 09:32:17'),
(44, 8, 45, 4, 'Hài lòng.', '2023-01-26 09:32:17', '2023-01-26 09:32:17'),
(45, 8, 46, 4, 'Hài lòng.', '2023-01-26 09:32:17', '2023-01-26 09:32:17'),
(46, 8, 47, 4, 'Hài lòng.', '2023-01-26 09:32:17', '2023-01-26 09:32:17'),
(47, 8, 48, 4, 'Hài lòng.', '2023-01-26 09:32:17', '2023-01-26 09:32:17'),
(48, 8, 49, 4, 'Hài lòng.', '2023-01-26 09:32:17', '2023-01-26 09:32:17'),
(49, 8, 50, 4, 'Hài lòng.', '2023-01-26 09:32:17', '2023-01-26 09:32:17'),
(50, 8, 51, 4, 'Hài lòng.', '2023-01-26 09:32:17', '2023-01-26 09:32:17'),
(51, 8, 52, 4, 'Hài lòng.', '2023-01-26 09:32:17', '2023-01-26 09:32:17'),
(52, 8, 53, 4, 'Hài lòng.', '2023-01-26 09:32:17', '2023-01-26 09:32:17'),
(53, 8, 54, 4, 'Hài lòng.', '2023-01-26 09:32:17', '2023-01-26 09:32:17'),
(54, 8, 55, 4, 'Hài lòng.', '2023-01-26 09:32:17', '2023-01-26 09:32:17'),
(55, 8, 56, 4, 'Hài lòng.', '2023-01-26 09:32:17', '2023-01-26 09:32:17'),
(56, 8, 57, 4, 'Hài lòng.', '2023-01-26 09:32:17', '2023-01-26 09:32:17'),
(57, 8, 58, 4, 'Hài lòng.', '2023-01-26 09:32:17', '2023-01-26 09:32:17'),
(58, 8, 59, 4, 'Hài lòng.', '2023-01-26 09:32:17', '2023-01-26 09:32:17'),
(59, 8, 60, 4, 'Hài lòng.', '2023-01-26 09:32:17', '2023-01-26 09:32:17'),
(60, 8, 61, 4, 'Hài lòng.', '2023-01-26 09:32:17', '2023-01-26 09:32:17'),
(61, 8, 62, 4, 'Hài lòng.', '2023-01-26 09:32:17', '2023-01-26 09:32:17'),
(62, 8, 63, 4, 'Hài lòng.', '2023-01-26 09:32:17', '2023-01-26 09:32:17'),
(63, 8, 64, 4, 'Hài lòng.', '2023-01-26 09:32:17', '2023-01-26 09:32:17'),
(64, 8, 65, 4, 'Hài lòng.', '2023-01-26 09:32:17', '2023-01-26 09:32:17'),
(65, 8, 66, 4, 'Hài lòng.', '2023-01-26 09:32:17', '2023-01-26 09:32:17'),
(66, 8, 67, 4, 'Mình xem Như Ý Truyện khóc quá trời mà cũng không trôi phấn nữa, sản phẩm tốt quá chừng ạ. \nĐúng là bổn cung không tốn công lấy tiền lì xì mua mua mà.', '2023-01-26 09:32:17', '2023-01-26 09:32:17'),
(67, 8, 68, 4, 'Mình xem Như Ý Truyện khóc quá trời mà cũng không trôi phấn nữa, sản phẩm tốt quá chừng ạ. \nĐúng là bổn cung không tốn công lấy tiền lì xì mua mua mà.', '2023-01-26 09:32:17', '2023-01-26 09:32:17'),
(68, 8, 69, 5, 'Rất hài lòng.', '2023-01-26 09:32:17', '2023-01-26 09:32:17'),
(69, 8, 70, 5, 'Rất hài lòng.', '2023-01-26 09:32:17', '2023-01-26 09:32:17'),
(70, 8, 71, 5, 'Rất hài lòng.', '2023-01-26 09:32:17', '2023-01-26 09:32:17'),
(71, 8, 72, 5, 'Rất hài lòng.', '2023-01-26 09:32:17', '2023-01-26 09:32:17'),
(72, 8, 73, 5, 'Rất hài lòng.', '2023-01-26 09:32:17', '2023-01-26 09:32:17'),
(73, 8, 74, 5, 'Rất hài lòng.', '2023-01-26 09:32:17', '2023-01-26 09:32:17'),
(74, 8, 75, 4, 'Hài lòng.', '2023-01-26 09:32:17', '2023-01-26 09:32:17'),
(75, 8, 76, 4, 'Hài lòng.', '2023-01-26 09:32:17', '2023-01-26 09:32:17'),
(76, 8, 77, 5, 'Rất hài lòng.', '2023-01-26 09:32:17', '2023-01-26 09:32:17'),
(77, 8, 78, 5, 'Rất hài lòng.', '2023-01-26 09:32:17', '2023-01-26 09:32:17'),
(78, 8, 79, 4, 'Hài lòng.', '2023-01-26 09:32:17', '2023-01-26 09:32:17'),
(79, 8, 80, 4, 'Hài lòng.', '2023-01-26 09:32:17', '2023-01-26 09:32:17'),
(80, 8, 81, 5, 'Rất hài lòng.', '2023-01-26 09:32:17', '2023-01-26 09:32:17'),
(81, 8, 82, 5, 'Rất hài lòng.', '2023-01-26 09:32:17', '2023-01-26 09:32:17'),
(82, 8, 83, 4, 'Hài lòng.', '2023-01-26 09:32:17', '2023-01-26 09:32:17'),
(83, 8, 84, 4, 'Hài lòng.', '2023-01-26 09:32:17', '2023-01-26 09:32:17'),
(84, 8, 85, 5, 'Rất hài lòng.', '2023-01-26 09:32:17', '2023-01-26 09:32:17'),
(85, 8, 86, 5, 'Rất hài lòng.', '2023-01-26 09:32:17', '2023-01-26 09:32:17'),
(86, 8, 87, 4, 'Hài lòng.', '2023-01-26 09:32:17', '2023-01-26 09:32:17'),
(87, 8, 88, 4, 'Hài lòng.', '2023-01-26 09:32:17', '2023-01-26 09:32:17'),
(88, 8, 89, 5, 'Rất hài lòng.', '2023-01-26 09:32:17', '2023-01-26 09:32:17'),
(89, 8, 90, 5, 'Rất hài lòng.', '2023-01-26 09:32:17', '2023-01-26 09:32:17'),
(90, 8, 91, 4, 'Hài lòng.', '2023-01-26 09:32:17', '2023-01-26 09:32:17'),
(91, 8, 92, 4, 'Hài lòng.', '2023-01-26 09:32:17', '2023-01-26 09:32:17'),
(92, 8, 93, 5, 'Rất hài lòng.', '2023-01-26 09:32:17', '2023-01-26 09:32:17'),
(93, 8, 94, 5, 'Rất hài lòng.', '2023-01-26 09:32:17', '2023-01-26 09:32:17'),
(94, 8, 95, 4, 'Hài lòng.', '2023-01-26 09:32:17', '2023-01-26 09:32:17'),
(95, 8, 96, 4, 'Hài lòng.', '2023-01-26 09:32:17', '2023-01-26 09:32:17'),
(96, 8, 97, 5, 'Rất hài lòng.', '2023-01-26 09:32:17', '2023-01-26 09:32:17'),
(97, 8, 98, 5, 'Rất hài lòng.', '2023-01-26 09:32:17', '2023-01-26 09:32:17'),
(98, 8, 99, 4, 'Hài lòng.', '2023-01-26 09:32:17', '2023-01-26 09:32:17'),
(99, 8, 100, 4, 'Hài lòng.', '2023-01-26 09:32:17', '2023-01-26 09:32:17'),
(100, 8, 101, 5, 'Rất hài lòng.', '2023-01-26 09:32:17', '2023-01-26 09:32:17'),
(101, 9, 28, 5, 'Chiếc băng cổ tay tennis này hợp với tôi lắm.', '2023-01-26 09:32:17', '2023-01-26 09:32:17'),
(102, 9, 1, 4, 'Shop đông khách quá hay sao giao lộn cho mình 1 một món rồi này, hên được shop gửi lại', '2023-01-26 02:32:17', '2023-01-26 02:32:17'),
(103, 9, 2, 4, 'Shop đông khách quá hay sao giao lộn cho mình 1 một món rồi này, hên được shop gửi lại', '2023-01-26 02:32:17', '2023-01-26 02:32:17'),
(104, 9, 3, 4, 'Hài lòng.', '2023-01-26 02:32:17', '2023-01-26 02:32:17'),
(105, 9, 4, 4, 'Hài lòng.', '2023-01-26 02:32:17', '2023-01-26 02:32:17'),
(106, 9, 5, 4, 'Hài lòng.', '2023-01-26 02:32:17', '2023-01-26 02:32:17'),
(107, 9, 6, 4, 'Hài lòng.', '2023-01-26 02:32:17', '2023-01-26 02:32:17'),
(108, 9, 7, 4, 'Hài lòng.', '2023-01-26 02:32:17', '2023-01-26 02:32:17'),
(109, 9, 8, 4, 'Hài lòng.', '2023-01-26 02:32:17', '2023-01-26 02:32:17'),
(110, 9, 9, 4, 'Hài lòng.', '2023-01-26 02:32:17', '2023-01-26 02:32:17'),
(111, 9, 10, 4, 'Hài lòng.', '2023-01-26 02:32:17', '2023-01-26 02:32:17'),
(112, 9, 11, 4, 'Hài lòng.', '2023-01-26 02:32:17', '2023-01-26 02:32:17'),
(113, 9, 12, 4, 'Hài lòng.', '2023-01-26 02:32:17', '2023-01-26 02:32:17'),
(114, 9, 13, 4, 'Hài lòng.', '2023-01-26 02:32:17', '2023-01-26 02:32:17'),
(115, 9, 14, 4, 'Hài lòng.', '2023-01-26 02:32:17', '2023-01-26 02:32:17'),
(116, 9, 15, 4, 'Hài lòng.', '2023-01-26 02:32:17', '2023-01-26 02:32:17'),
(117, 9, 16, 4, 'Hài lòng.', '2023-01-26 02:32:17', '2023-01-26 02:32:17'),
(118, 9, 17, 4, 'Hài lòng.', '2023-01-26 02:32:17', '2023-01-26 02:32:17'),
(119, 9, 18, 4, 'Hài lòng.', '2023-01-26 02:32:17', '2023-01-26 02:32:17'),
(120, 9, 19, 4, 'Hài lòng.', '2023-01-26 02:32:17', '2023-01-26 02:32:17'),
(121, 9, 20, 4, 'Hài lòng.', '2023-01-26 02:32:17', '2023-01-26 02:32:17'),
(122, 9, 21, 4, 'Hài lòng.', '2023-01-26 02:32:17', '2023-01-26 02:32:17'),
(123, 9, 22, 4, 'Hài lòng.', '2023-01-26 02:32:17', '2023-01-26 02:32:17'),
(124, 9, 23, 4, 'Hài lòng.', '2023-01-26 02:32:17', '2023-01-26 02:32:17'),
(125, 9, 24, 4, 'Hài lòng.', '2023-01-26 02:32:17', '2023-01-26 02:32:17'),
(126, 9, 25, 4, 'Hài lòng.', '2023-01-26 02:32:17', '2023-01-26 02:32:17'),
(127, 9, 26, 4, 'Hài lòng.', '2023-01-26 02:32:17', '2023-01-26 02:32:17'),
(128, 9, 27, 4, 'Hài lòng.', '2023-01-26 02:32:17', '2023-01-26 02:32:17'),
(129, 9, 29, 4, 'Hài lòng.', '2023-01-26 02:32:17', '2023-01-26 02:32:17'),
(130, 9, 30, 4, 'Hài lòng.', '2023-01-26 02:32:17', '2023-01-26 02:32:17'),
(131, 9, 31, 4, 'Hài lòng.', '2023-01-26 02:32:17', '2023-01-26 02:32:17'),
(132, 9, 32, 4, 'Hài lòng.', '2023-01-26 02:32:17', '2023-01-26 02:32:17'),
(133, 9, 33, 4, 'Hài lòng.', '2023-01-26 02:32:17', '2023-01-26 02:32:17'),
(134, 9, 34, 4, 'Hài lòng.', '2023-01-26 02:32:17', '2023-01-26 02:32:17'),
(135, 9, 36, 4, 'Shop đông khách quá hay sao giao lộn cho mình 1 một món rồi này, hên được shop gửi lại', '2023-01-26 02:32:17', '2023-01-26 02:32:17'),
(136, 9, 37, 4, 'Shop tư vấn nhiệt tình, đóng gói hàng khá nhanh.', '2023-01-26 02:32:17', '2023-01-26 02:32:17'),
(137, 9, 38, 4, 'Shop đông khách quá hay sao giao lộn cho mình 1 một món rồi này, hên được shop gửi lại', '2023-01-26 02:32:17', '2023-01-26 02:32:17'),
(138, 9, 39, 4, 'Shop đông khách quá hay sao giao lộn cho mình 1 một món rồi này, hên được shop gửi lại', '2023-01-26 02:32:17', '2023-01-26 02:32:17'),
(139, 9, 40, 4, 'Shop đông khách quá hay sao giao lộn cho mình 1 một món rồi này, hên được shop gửi lại', '2023-01-26 02:32:17', '2023-01-26 02:32:17'),
(140, 9, 41, 4, 'Shop đông khách quá hay sao giao lộn cho mình 1 một món rồi này, hên được shop gửi lại', '2023-01-26 02:32:17', '2023-01-26 02:32:17'),
(141, 9, 42, 4, 'Shop đông khách quá hay sao giao lộn cho mình 1 một món rồi này, hên được shop gửi lại', '2023-01-26 02:32:17', '2023-01-26 02:32:17'),
(142, 9, 43, 4, 'Shop đông khách quá hay sao giao lộn cho mình 1 một món rồi này, hên được shop gửi lại', '2023-01-26 02:32:17', '2023-01-26 02:32:17'),
(143, 9, 44, 4, 'Shop đông khách quá hay sao giao lộn cho mình 1 một món rồi này, hên được shop gửi lại', '2023-01-26 02:32:17', '2023-01-26 02:32:17'),
(144, 9, 45, 4, 'Shop đông khách quá hay sao giao lộn cho mình 1 một món rồi này, hên được shop gửi lại', '2023-01-26 02:32:17', '2023-01-26 02:32:17'),
(145, 9, 46, 4, 'Shop đông khách quá hay sao giao lộn cho mình 1 một món rồi này, hên được shop gửi lại', '2023-01-26 02:32:17', '2023-01-26 02:32:17'),
(146, 9, 47, 4, 'Shop đông khách quá hay sao giao lộn cho mình 1 một món rồi này, hên được shop gửi lại', '2023-01-26 02:32:17', '2023-01-26 02:32:17'),
(147, 9, 48, 4, 'Shop đông khách quá hay sao giao lộn cho mình 1 một món rồi này, hên được shop gửi lại', '2023-01-26 02:32:17', '2023-01-26 02:32:17'),
(148, 9, 49, 4, 'Shop đông khách quá hay sao giao lộn cho mình 1 một món rồi này, hên được shop gửi lại', '2023-01-26 02:32:17', '2023-01-26 02:32:17'),
(149, 9, 50, 4, 'Shop đông khách quá hay sao giao lộn cho mình 1 một món rồi này, hên được shop gửi lại', '2023-01-26 02:32:17', '2023-01-26 02:32:17'),
(150, 9, 51, 4, 'Shop đông khách quá hay sao giao lộn cho mình 1 một món rồi này, hên được shop gửi lại', '2023-01-26 02:32:17', '2023-01-26 02:32:17'),
(151, 9, 52, 4, 'Shop đông khách quá hay sao giao lộn cho mình 1 một món rồi này, hên được shop gửi lại', '2023-01-26 02:32:17', '2023-01-26 02:32:17'),
(152, 9, 53, 4, 'Shop đông khách quá hay sao giao lộn cho mình 1 một món rồi này, hên được shop gửi lại', '2023-01-26 02:32:17', '2023-01-26 02:32:17'),
(153, 9, 54, 4, 'Shop đông khách quá hay sao giao lộn cho mình 1 một món rồi này, hên được shop gửi lại', '2023-01-26 02:32:17', '2023-01-26 02:32:17'),
(154, 9, 55, 4, 'Shop đông khách quá hay sao giao lộn cho mình 1 một món rồi này, hên được shop gửi lại', '2023-01-26 02:32:17', '2023-01-26 02:32:17'),
(155, 9, 56, 4, 'Shop đông khách quá hay sao giao lộn cho mình 1 một món rồi này, hên được shop gửi lại', '2023-01-26 02:32:17', '2023-01-26 02:32:17'),
(156, 9, 57, 4, 'Shop đông khách quá hay sao giao lộn cho mình 1 một món rồi này, hên được shop gửi lại', '2023-01-26 02:32:17', '2023-01-26 02:32:17'),
(157, 9, 58, 4, 'Shop đông khách quá hay sao giao lộn cho mình 1 một món rồi này, hên được shop gửi lại', '2023-01-26 02:32:17', '2023-01-26 02:32:17'),
(158, 9, 59, 4, 'Shop đông khách quá hay sao giao lộn cho mình 1 một món rồi này, hên được shop gửi lại', '2023-01-26 02:32:17', '2023-01-26 02:32:17'),
(159, 9, 60, 4, 'Shop đông khách quá hay sao giao lộn cho mình 1 một món rồi này, hên được shop gửi lại', '2023-01-26 02:32:17', '2023-01-26 02:32:17'),
(160, 9, 61, 4, 'Shop đông khách quá hay sao giao lộn cho mình 1 một món rồi này, hên được shop gửi lại', '2023-01-26 02:32:17', '2023-01-26 02:32:17'),
(161, 9, 62, 4, 'Shop đông khách quá hay sao giao lộn cho mình 1 một món rồi này, hên được shop gửi lại', '2023-01-26 02:32:17', '2023-01-26 02:32:17'),
(162, 9, 63, 4, 'Shop đông khách quá hay sao giao lộn cho mình 1 một món rồi này, hên được shop gửi lại', '2023-01-26 02:32:17', '2023-01-26 02:32:17'),
(163, 9, 64, 4, 'Shop đông khách quá hay sao giao lộn cho mình 1 một món rồi này, hên được shop gửi lại', '2023-01-26 02:32:17', '2023-01-26 02:32:17'),
(164, 9, 65, 4, 'Shop đông khách quá hay sao giao lộn cho mình 1 một món rồi này, hên được shop gửi lại', '2023-01-26 02:32:17', '2023-01-26 02:32:17'),
(165, 9, 66, 4, 'Shop đông khách quá hay sao giao lộn cho mình 1 một món rồi này, hên được shop gửi lại', '2023-01-26 02:32:17', '2023-01-26 02:32:17'),
(166, 9, 67, 4, 'Hài lòng.', '2023-01-26 02:32:17', '2023-01-26 02:32:17'),
(167, 9, 68, 4, 'Hài lòng.', '2023-01-26 02:32:17', '2023-01-26 02:32:17'),
(168, 9, 69, 5, 'Rất hài lòng.', '2023-01-26 02:32:17', '2023-01-26 02:32:17'),
(169, 9, 70, 5, 'Rất hài lòng.', '2023-01-26 02:32:17', '2023-01-26 02:32:17'),
(170, 9, 71, 5, 'Rất hài lòng.', '2023-01-26 02:32:17', '2023-01-26 02:32:17'),
(171, 9, 72, 5, 'Rất hài lòng.', '2023-01-26 02:32:17', '2023-01-26 02:32:17'),
(172, 9, 73, 5, 'Rất hài lòng.', '2023-01-26 02:32:17', '2023-01-26 02:32:17'),
(173, 9, 74, 5, 'Rất hài lòng.', '2023-01-26 02:32:17', '2023-01-26 02:32:17'),
(174, 9, 75, 4, 'Hài lòng.', '2023-01-26 02:32:17', '2023-01-26 02:32:17'),
(175, 9, 76, 4, 'Hài lòng.', '2023-01-26 02:32:17', '2023-01-26 02:32:17'),
(176, 9, 77, 5, 'Rất hài lòng.', '2023-01-26 02:32:17', '2023-01-26 02:32:17'),
(177, 9, 78, 5, 'Rất hài lòng.', '2023-01-26 02:32:17', '2023-01-26 02:32:17'),
(178, 9, 79, 4, 'Hài lòng.', '2023-01-26 02:32:17', '2023-01-26 02:32:17'),
(179, 9, 80, 4, 'Hài lòng.', '2023-01-26 02:32:17', '2023-01-26 02:32:17'),
(180, 9, 81, 5, 'Rất hài lòng.', '2023-01-26 02:32:17', '2023-01-26 02:32:17'),
(181, 9, 82, 5, 'Rất hài lòng.', '2023-01-26 02:32:17', '2023-01-26 02:32:17'),
(182, 9, 83, 4, 'Hài lòng.', '2023-01-26 02:32:17', '2023-01-26 02:32:17'),
(183, 9, 84, 4, 'Hài lòng.', '2023-01-26 02:32:17', '2023-01-26 02:32:17'),
(184, 9, 85, 5, 'Rất hài lòng.', '2023-01-26 02:32:17', '2023-01-26 02:32:17'),
(185, 9, 86, 5, 'Rất hài lòng.', '2023-01-26 02:32:17', '2023-01-26 02:32:17'),
(186, 9, 87, 4, 'Hài lòng.', '2023-01-26 02:32:17', '2023-01-26 02:32:17'),
(187, 9, 88, 4, 'Hài lòng.', '2023-01-26 02:32:17', '2023-01-26 02:32:17'),
(188, 9, 89, 5, 'Rất hài lòng.', '2023-01-26 02:32:17', '2023-01-26 02:32:17'),
(189, 9, 90, 5, 'Rất hài lòng.', '2023-01-26 02:32:17', '2023-01-26 02:32:17'),
(190, 9, 91, 4, 'Hài lòng.', '2023-01-26 02:32:17', '2023-01-26 02:32:17'),
(191, 9, 92, 4, 'Hài lòng.', '2023-01-26 02:32:17', '2023-01-26 02:32:17'),
(192, 9, 93, 5, 'Rất hài lòng.', '2023-01-26 02:32:17', '2023-01-26 02:32:17'),
(193, 9, 94, 5, 'Rất hài lòng.', '2023-01-26 02:32:17', '2023-01-26 02:32:17'),
(194, 9, 95, 4, 'Hài lòng.', '2023-01-26 02:32:17', '2023-01-26 02:32:17'),
(195, 9, 96, 4, 'Hài lòng.', '2023-01-26 02:32:17', '2023-01-26 02:32:17'),
(196, 9, 97, 5, 'Rất hài lòng.', '2023-01-26 02:32:17', '2023-01-26 02:32:17'),
(197, 9, 98, 5, 'Rất hài lòng.', '2023-01-26 02:32:17', '2023-01-26 02:32:17'),
(198, 9, 99, 4, 'Hài lòng.', '2023-01-26 02:32:17', '2023-01-26 02:32:17'),
(199, 9, 100, 4, 'Hài lòng.', '2023-01-26 02:32:17', '2023-01-26 02:32:17'),
(200, 9, 101, 5, 'Rất hài lòng.', '2023-01-26 02:32:17', '2023-01-26 02:32:17'),
(201, 10, 28, 5, 'Chiếc băng cổ tay tennis vừa đẹp lại vừa rẻ.', '2023-01-26 09:32:17', '2023-01-26 09:32:17'),
(202, 10, 1, 4, 'Hài lòng.', '2023-01-26 02:32:17', '2023-01-26 02:32:17'),
(203, 10, 2, 4, 'Hài lòng.', '2023-01-26 02:32:17', '2023-01-26 02:32:17'),
(204, 10, 3, 4, 'Hài lòng.', '2023-01-26 02:32:17', '2023-01-26 02:32:17'),
(205, 10, 4, 4, 'Hài lòng.', '2023-01-26 02:32:17', '2023-01-26 02:32:17'),
(206, 10, 5, 4, 'Hài lòng.', '2023-01-26 02:32:17', '2023-01-26 02:32:17'),
(207, 10, 6, 4, 'Hài lòng.', '2023-01-26 02:32:17', '2023-01-26 02:32:17'),
(208, 10, 7, 4, 'Hài lòng.', '2023-01-26 02:32:17', '2023-01-26 02:32:17'),
(209, 10, 8, 4, 'Hài lòng.', '2023-01-26 02:32:17', '2023-01-26 02:32:17'),
(210, 10, 9, 4, 'Hài lòng.', '2023-01-26 02:32:17', '2023-01-26 02:32:17'),
(211, 10, 10, 4, 'Hài lòng.', '2023-01-26 02:32:17', '2023-01-26 02:32:17'),
(212, 10, 11, 4, 'Hài lòng.', '2023-01-26 02:32:17', '2023-01-26 02:32:17'),
(213, 10, 12, 4, 'Hài lòng.', '2023-01-26 02:32:17', '2023-01-26 02:32:17'),
(214, 10, 13, 4, 'Hài lòng.', '2023-01-26 02:32:17', '2023-01-26 02:32:17'),
(215, 10, 14, 4, 'Hài lòng.', '2023-01-26 02:32:17', '2023-01-26 02:32:17'),
(216, 10, 15, 4, 'Hài lòng.', '2023-01-26 02:32:17', '2023-01-26 02:32:17'),
(217, 10, 16, 4, 'Hài lòng.', '2023-01-26 02:32:17', '2023-01-26 02:32:17'),
(218, 10, 17, 4, 'Hài lòng.', '2023-01-26 02:32:17', '2023-01-26 02:32:17'),
(219, 10, 18, 4, 'Hài lòng.', '2023-01-26 02:32:17', '2023-01-26 02:32:17'),
(220, 10, 19, 4, 'Hài lòng.', '2023-01-26 02:32:17', '2023-01-26 02:32:17'),
(221, 10, 20, 4, 'Hài lòng.', '2023-01-26 02:32:17', '2023-01-26 02:32:17'),
(222, 10, 21, 4, 'Hài lòng.', '2023-01-26 02:32:17', '2023-01-26 02:32:17'),
(223, 10, 22, 4, 'Hài lòng.', '2023-01-26 02:32:17', '2023-01-26 02:32:17'),
(224, 10, 23, 4, 'Hài lòng.', '2023-01-26 02:32:17', '2023-01-26 02:32:17'),
(225, 10, 24, 4, 'Hài lòng.', '2023-01-26 02:32:17', '2023-01-26 02:32:17'),
(226, 10, 25, 4, 'Hài lòng.', '2023-01-26 02:32:17', '2023-01-26 02:32:17'),
(227, 10, 26, 4, 'Hài lòng.', '2023-01-26 02:32:17', '2023-01-26 02:32:17'),
(228, 10, 27, 4, 'Hài lòng.', '2023-01-26 02:32:17', '2023-01-26 02:32:17'),
(229, 10, 29, 4, 'Hài lòng.', '2023-01-26 02:32:17', '2023-01-26 02:32:17'),
(230, 10, 30, 4, 'Hài lòng.', '2023-01-26 02:32:17', '2023-01-26 02:32:17'),
(231, 10, 31, 4, 'Hài lòng.', '2023-01-26 02:32:17', '2023-01-26 02:32:17'),
(232, 10, 32, 4, 'Hài lòng.', '2023-01-26 02:32:17', '2023-01-26 02:32:17'),
(233, 10, 33, 4, 'Hài lòng.', '2023-01-26 02:32:17', '2023-01-26 02:32:17'),
(234, 10, 34, 4, 'Hài lòng.', '2023-01-26 02:32:17', '2023-01-26 02:32:17'),
(235, 10, 36, 4, 'Hài lòng.', '2023-01-26 02:32:17', '2023-01-26 02:32:17'),
(236, 10, 37, 4, 'Shop rep hơi chậm nhưng mà hàng oke lắm ạ lại còn giá rẻ với tặng thêm nhiều đồ nữa.', '2023-01-26 02:32:17', '2023-01-26 02:32:17'),
(237, 10, 38, 4, 'Hài lòng.', '2023-01-26 02:32:17', '2023-01-26 02:32:17'),
(238, 10, 39, 4, 'Hài lòng.', '2023-01-26 02:32:17', '2023-01-26 02:32:17'),
(239, 10, 40, 4, 'Hài lòng.', '2023-01-26 02:32:17', '2023-01-26 02:32:17'),
(240, 10, 41, 4, 'Hài lòng.', '2023-01-26 02:32:17', '2023-01-26 02:32:17'),
(241, 10, 42, 4, 'Hài lòng.', '2023-01-26 02:32:17', '2023-01-26 02:32:17'),
(242, 10, 43, 4, 'Hài lòng.', '2023-01-26 02:32:17', '2023-01-26 02:32:17'),
(243, 10, 44, 4, 'Hài lòng.', '2023-01-26 02:32:17', '2023-01-26 02:32:17'),
(244, 10, 45, 4, 'Hài lòng.', '2023-01-26 02:32:17', '2023-01-26 02:32:17'),
(245, 10, 46, 4, 'Hài lòng.', '2023-01-26 02:32:17', '2023-01-26 02:32:17'),
(246, 10, 47, 4, 'Hài lòng.', '2023-01-26 02:32:17', '2023-01-26 02:32:17'),
(247, 10, 48, 4, 'Hài lòng.', '2023-01-26 02:32:17', '2023-01-26 02:32:17'),
(248, 10, 49, 4, 'Hài lòng.', '2023-01-26 02:32:17', '2023-01-26 02:32:17'),
(249, 10, 50, 4, 'Hài lòng.', '2023-01-26 02:32:17', '2023-01-26 02:32:17'),
(250, 10, 51, 4, 'Hài lòng.', '2023-01-26 02:32:17', '2023-01-26 02:32:17'),
(251, 10, 52, 4, 'Hài lòng.', '2023-01-26 02:32:17', '2023-01-26 02:32:17'),
(252, 10, 53, 4, 'Hài lòng.', '2023-01-26 02:32:17', '2023-01-26 02:32:17'),
(253, 10, 54, 4, 'Hài lòng.', '2023-01-26 02:32:17', '2023-01-26 02:32:17'),
(254, 10, 55, 4, 'Hài lòng.', '2023-01-26 02:32:17', '2023-01-26 02:32:17'),
(255, 10, 56, 4, 'Hài lòng.', '2023-01-26 02:32:17', '2023-01-26 02:32:17'),
(256, 10, 57, 4, 'Hài lòng.', '2023-01-26 02:32:17', '2023-01-26 02:32:17'),
(257, 10, 58, 4, 'Hài lòng.', '2023-01-26 02:32:17', '2023-01-26 02:32:17'),
(258, 10, 59, 4, 'Hài lòng.', '2023-01-26 02:32:17', '2023-01-26 02:32:17'),
(259, 10, 60, 4, 'Hài lòng.', '2023-01-26 02:32:17', '2023-01-26 02:32:17'),
(260, 10, 61, 4, 'Hài lòng.', '2023-01-26 02:32:17', '2023-01-26 02:32:17'),
(261, 10, 62, 4, 'Hài lòng.', '2023-01-26 02:32:17', '2023-01-26 02:32:17'),
(262, 10, 63, 4, 'Hài lòng.', '2023-01-26 02:32:17', '2023-01-26 02:32:17'),
(263, 10, 64, 4, 'Hài lòng.', '2023-01-26 02:32:17', '2023-01-26 02:32:17'),
(264, 10, 65, 4, 'Shop rep hơi chậm nhưng mà hàng oke lắm ạ', '2023-01-26 02:32:17', '2023-01-26 02:32:17'),
(265, 10, 66, 4, 'Shop rep hơi chậm nhưng mà hàng oke lắm ạ', '2023-01-26 02:32:17', '2023-01-26 02:32:17'),
(266, 10, 67, 4, 'Shop tư vấn nhiệt tình, đóng gói hàng nhanh, y như hình, sẽ ủng hộ shop tiếp.', '2023-01-26 02:32:17', '2023-01-26 02:32:17'),
(267, 10, 68, 4, 'Shop tư vấn nhiệt tình, đóng gói hàng nhanh, y như hình, sẽ ủng hộ shop tiếp.', '2023-01-26 02:32:17', '2023-01-26 02:32:17'),
(268, 10, 69, 5, 'Shop tư vấn nhiệt tình, đóng gói hàng nhanh, y như hình, sẽ ủng hộ shop tiếp.Shop tư vấn nhiệt tình, đóng gói hàng nhanh, y như hình, sẽ ủng hộ shop tiếp.', '2023-01-26 02:32:17', '2023-01-26 02:32:17'),
(269, 10, 70, 5, 'Shop tư vấn nhiệt tình, đóng gói hàng nhanh, y như hình, sẽ ủng hộ shop tiếp.', '2023-01-26 02:32:17', '2023-01-26 02:32:17'),
(270, 10, 71, 5, 'Shop tư vấn nhiệt tình, đóng gói hàng nhanh, y như hình, sẽ ủng hộ shop tiếp.', '2023-01-26 02:32:17', '2023-01-26 02:32:17'),
(271, 10, 72, 5, 'Shop tư vấn nhiệt tình, đóng gói hàng nhanh, y như hình, sẽ ủng hộ shop tiếp.', '2023-01-26 02:32:17', '2023-01-26 02:32:17'),
(272, 10, 73, 5, 'Shop tư vấn nhiệt tình, đóng gói hàng nhanh, y như hình, sẽ ủng hộ shop tiếp.', '2023-01-26 02:32:17', '2023-01-26 02:32:17'),
(273, 10, 74, 5, 'Rất hài lòng.', '2023-01-26 02:32:17', '2023-01-26 02:32:17'),
(274, 10, 75, 4, 'Shop đông khách quá hay sao giao lộn cho mình 1 một món rồi này, hên được shop gửi lại', '2023-01-26 02:32:17', '2023-01-26 02:32:17'),
(275, 10, 76, 4, 'Shop đông khách quá hay sao giao lộn cho mình 1 một món rồi này, hên được shop gửi lại', '2023-01-26 02:32:17', '2023-01-26 02:32:17'),
(276, 10, 77, 5, 'Shop tư vấn nhiệt tình, đóng gói hàng nhanh, y như hình, sẽ ủng hộ shop tiếp.', '2023-01-26 02:32:17', '2023-01-26 02:32:17'),
(277, 10, 78, 5, 'Shop tư vấn nhiệt tình, đóng gói hàng nhanh, y như hình, sẽ ủng hộ shop tiếp.', '2023-01-26 02:32:17', '2023-01-26 02:32:17'),
(278, 10, 79, 4, 'Shop đông khách quá hay sao giao lộn cho mình 1 một món rồi này, hên được shop gửi lại', '2023-01-26 02:32:17', '2023-01-26 02:32:17'),
(279, 10, 80, 4, 'Shop đông khách quá hay sao giao lộn cho mình 1 một món rồi này, hên được shop gửi lại', '2023-01-26 02:32:17', '2023-01-26 02:32:17'),
(280, 10, 81, 5, 'Shop tư vấn nhiệt tình, đóng gói hàng nhanh, y như hình, sẽ ủng hộ shop tiếp.', '2023-01-26 02:32:17', '2023-01-26 02:32:17'),
(281, 10, 82, 5, 'Shop tư vấn nhiệt tình, đóng gói hàng nhanh, y như hình, sẽ ủng hộ shop tiếp.', '2023-01-26 02:32:17', '2023-01-26 02:32:17'),
(282, 10, 83, 4, 'Shop đông khách quá hay sao giao lộn cho mình 1 một món rồi này, hên được shop gửi lại', '2023-01-26 02:32:17', '2023-01-26 02:32:17'),
(283, 10, 84, 4, 'Shop đông khách quá hay sao giao lộn cho mình 1 một món rồi này, hên được shop gửi lại', '2023-01-26 02:32:17', '2023-01-26 02:32:17'),
(284, 10, 85, 5, 'Shop tư vấn nhiệt tình, đóng gói hàng nhanh, y như hình, sẽ ủng hộ shop tiếp.', '2023-01-26 02:32:17', '2023-01-26 02:32:17'),
(285, 10, 86, 5, 'Shop tư vấn nhiệt tình, đóng gói hàng nhanh, y như hình, sẽ ủng hộ shop tiếp.', '2023-01-26 02:32:17', '2023-01-26 02:32:17'),
(286, 10, 87, 4, 'Shop đông khách quá hay sao giao lộn cho mình 1 một món rồi này, hên được shop gửi lại', '2023-01-26 02:32:17', '2023-01-26 02:32:17'),
(287, 10, 88, 4, 'Shop đông khách quá hay sao giao lộn cho mình 1 một món rồi này, hên được shop gửi lại', '2023-01-26 02:32:17', '2023-01-26 02:32:17'),
(288, 10, 89, 5, 'Shop tư vấn nhiệt tình, đóng gói hàng nhanh.', '2023-01-26 02:32:17', '2023-01-26 02:32:17'),
(289, 10, 90, 5, 'Shop tư vấn nhiệt tình, đóng gói hàng nhanh.', '2023-01-26 02:32:17', '2023-01-26 02:32:17'),
(290, 10, 91, 4, 'Shop đông khách quá hay sao giao lộn cho mình 1 một món rồi này, hên được shop gửi lại', '2023-01-26 02:32:17', '2023-01-26 02:32:17'),
(291, 10, 92, 4, 'Shop đông khách quá hay sao giao lộn cho mình 1 một món rồi này, hên được shop gửi lại', '2023-01-26 02:32:17', '2023-01-26 02:32:17'),
(292, 10, 93, 5, 'Shop tư vấn nhiệt tình, đóng gói hàng nhanh.', '2023-01-26 02:32:17', '2023-01-26 02:32:17'),
(293, 10, 94, 5, 'Shop tư vấn nhiệt tình, đóng gói hàng nhanh.', '2023-01-26 02:32:17', '2023-01-26 02:32:17'),
(294, 10, 95, 4, 'Shop đông khách quá hay sao giao lộn cho mình 1 một món rồi này, hên được shop gửi lại', '2023-01-26 02:32:17', '2023-01-26 02:32:17'),
(295, 10, 96, 4, 'Shop đông khách quá hay sao giao lộn cho mình 1 một món rồi này, hên được shop gửi lại', '2023-01-26 02:32:17', '2023-01-26 02:32:17'),
(296, 10, 97, 5, 'Shop tư vấn nhiệt tình, đóng gói hàng nhanh.', '2023-01-26 02:32:17', '2023-01-26 02:32:17'),
(297, 10, 98, 5, 'Shop tư vấn nhiệt tình, đóng gói hàng nhanh.', '2023-01-26 02:32:17', '2023-01-26 02:32:17'),
(298, 10, 99, 4, 'Shop đông khách quá hay sao giao lộn cho mình 1 một món rồi này, hên được shop gửi lại', '2023-01-26 02:32:17', '2023-01-26 02:32:17'),
(299, 10, 100, 4, 'Shop đông khách quá hay sao giao lộn cho mình 1 một món rồi này, hên được shop gửi lại', '2023-01-26 02:32:17', '2023-01-26 02:32:17'),
(300, 10, 101, 5, 'Shop tư vấn nhiệt tình, đóng gói hàng nhanh.', '2023-01-26 02:32:17', '2023-01-26 02:32:17'),
(1171, 11, 79, 5, 'Ngon lắm ạ!', '2023-01-28 10:01:52', '2023-01-28 10:02:14'),
(1172, 11, 67, 5, 'Nền kem dịu ạ', '2023-02-11 14:31:57', '2023-02-11 14:31:57'),
(1173, 11, 6, 5, 'Sản phẩm trên cả tuyệt vời', '2023-02-25 09:22:08', '2023-02-25 09:22:08');

-- --------------------------------------------------------

--
-- Cấu trúc bảng cho bảng `sellers`
--

CREATE TABLE `sellers` (
  `id` bigint(20) UNSIGNED NOT NULL,
  `user_id` bigint(20) UNSIGNED NOT NULL,
  `name` varchar(255) COLLATE utf8_unicode_ci NOT NULL,
  `identity_card` varchar(255) COLLATE utf8_unicode_ci NOT NULL,
  `store_name` varchar(255) COLLATE utf8_unicode_ci NOT NULL,
  `slug` varchar(255) COLLATE utf8_unicode_ci NOT NULL,
  `logo` varchar(255) COLLATE utf8_unicode_ci NOT NULL DEFAULT 'img/logoStore.png',
  `address` varchar(255) COLLATE utf8_unicode_ci NOT NULL,
  `phone` varchar(255) COLLATE utf8_unicode_ci NOT NULL,
  `approved` tinyint(1) DEFAULT 0,
  `created_at` timestamp NULL DEFAULT NULL,
  `updated_at` timestamp NULL DEFAULT NULL
) ENGINE=InnoDB DEFAULT CHARSET=utf8 COLLATE=utf8_unicode_ci;

--
-- Đang đổ dữ liệu cho bảng `sellers`
--

INSERT INTO `sellers` (`id`, `user_id`, `name`, `identity_card`, `store_name`, `slug`, `logo`, `address`, `phone`, `approved`, `created_at`, `updated_at`) VALUES
(1, 2, 'Nguyễn Hoa Bưu', '01234567891', 'Fashion One', 'fashion-one', 'assets/uploads/logo/20230127174420.png', 'Quận 1, TP.HCM', '0918938851', 1, '2023-01-20 08:50:15', '2023-01-27 10:44:20'),
(2, 3, 'Nguyễn Văn Điện', '01234567892', 'High Tech', 'high-tech', 'assets/uploads/logo/20230127174523.png', 'Quận 2, TP.HCM', '0918938852', 1, '2023-01-20 08:50:15', '2023-01-27 10:45:29'),
(3, 4, 'La Na Del', '01234567893', 'To be Young', 'to-be-young', 'assets/uploads/logo/20230127174626.png', 'Quận 3, TP.HCM', '0918938854', 1, '2023-01-20 08:50:15', '2023-01-27 10:46:32'),
(4, 5, 'Lưu A Bưu', '01234567894', 'Store Seller 4', 'store-seller-4', 'img/logoStore.png', 'abc Q.4', '0123456789', 1, '2023-01-20 08:50:15', NULL),
(5, 6, 'Nguyên Chén', '01234567895', 'Happy Cook', 'happy-cook', 'assets/uploads/logo/20230127174734.png', 'Quận 8, TP.HCM', '0918938854', 1, '2023-01-20 08:50:15', '2023-01-27 10:47:34'),
(6, 7, 'Nguyễn A Sách', '01234567896', 'Half-B Prince', 'half-b-prince', 'assets/uploads/logo/20230127173830.png', 'Quận 6, TP.HCM', '0918938856', 1, '2023-01-20 08:50:15', '2023-02-23 14:46:44'),
(12, 14, 'Nguyễn Thanh Ân', '3572453453', 'kaito6p', 'kaito6p', '/img/Default_store.png', 'Q7, HCM', '0918938878', 0, '2023-01-28 10:17:23', '2023-01-28 10:17:23');

-- --------------------------------------------------------

--
-- Cấu trúc bảng cho bảng `users`
--

CREATE TABLE `users` (
  `id` bigint(20) UNSIGNED NOT NULL,
  `name` varchar(255) COLLATE utf8_unicode_ci NOT NULL,
  `email` varchar(255) COLLATE utf8_unicode_ci NOT NULL,
  `email_verified_at` timestamp NULL DEFAULT NULL,
  `password` varchar(255) COLLATE utf8_unicode_ci NOT NULL,
  `role` tinyint(4) NOT NULL DEFAULT 0,
  `id_social` varchar(255) COLLATE utf8_unicode_ci DEFAULT NULL,
  `type_login` tinyint(4) NOT NULL DEFAULT 0,
  `remember_token` varchar(100) COLLATE utf8_unicode_ci DEFAULT NULL,
  `created_at` timestamp NULL DEFAULT NULL,
  `updated_at` timestamp NULL DEFAULT NULL,
  `active_status` tinyint(1) NOT NULL DEFAULT 0,
  `avatar` varchar(255) COLLATE utf8_unicode_ci NOT NULL DEFAULT 'default-avatar.png',
  `dark_mode` tinyint(1) NOT NULL DEFAULT 0,
  `messenger_color` varchar(255) COLLATE utf8_unicode_ci NOT NULL DEFAULT '#2180f3'
) ENGINE=InnoDB DEFAULT CHARSET=utf8 COLLATE=utf8_unicode_ci;

--
-- Đang đổ dữ liệu cho bảng `users`
--

INSERT INTO `users` (`id`, `name`, `email`, `email_verified_at`, `password`, `role`, `id_social`, `type_login`, `remember_token`, `created_at`, `updated_at`, `active_status`, `avatar`, `dark_mode`, `messenger_color`) VALUES
(1, 'Admin', 'admin@gmail.com', '2023-01-20 08:43:57', '$2y$10$VRViIq.faN8xvmETtqOd.et5r4V.JkUXAoVDWjbpr6/BrBW1dIaca', 2, NULL, 0, 'PgopKe8VoRt8AzC0JvBVzq3Ld2s7VKMwMprIsaGMGrNN46W6PV3JHztwPfza', '2023-01-20 08:43:58', '2023-01-28 10:21:15', 0, '20230128172115.jpg', 0, '#2180f3'),
(2, 'Fashion One', 'seller1@gmail.com', '2023-01-20 08:43:57', '$2y$10$oYn/xBLUlswZXs6g61js8O1nUd/mnQ.PzW33nIXKQMyIbkAU5uqpC', 1, NULL, 0, 'nEBPOf7jnwIQICoW4axU5pxIktUoF5iM91jIBfYragwG9xJkHtP16ME35CF3', '2023-01-20 08:43:58', '2023-02-25 06:32:06', 0, '20230128174503.png', 0, '#2180f3'),
(3, 'High Tech', 'seller2@gmail.com', '2023-01-20 08:43:57', '$2y$10$QTH5jRI/C61qfBucRE/hq.1jTXDW/3hpskMRiz9yVHJcUJY1Ig/Wi', 1, NULL, 0, 'UUJf8PTOXlGbRU7f7aL1bWjpZJszMkt3zIOhMCMi3hu0QGeAPFLt8KmyuZO8', '2023-01-20 08:43:58', '2023-01-28 10:46:18', 0, '20230128174618.png', 1, '#2180f3'),
(4, 'To be Young', 'seller3@gmail.com', '2023-01-20 08:43:57', '$2y$10$56z8IIUWquT65SoNlqa.ReH.0dwY8nsrkIV.93xEFchC3qJpGaXPO', 1, NULL, 0, 'xthpzY1QVqN6XwgE8nLilVTcDbMJkD69MgKbkNui9qTYhPYH04ondxDAQ6uB', '2023-01-20 08:43:58', '2023-02-11 14:44:27', 0, '20230128174707.png', 1, '#2180f3'),
(5, 'Store Seller 4', 'seller4@gmail.com', '2023-01-20 08:43:57', '$2y$10$F0Q4Wx770ZR/QD5o8bSimuQXm/6FxLa51Eh.kb.PVJ2bUYq3a228a', 1, NULL, 0, 'ZvuBl0fUoXRGv8hMvu3FMA5JNxK569T2bLy883nACCchcSX8YvuOBsntrsgM', '2023-01-20 08:43:58', '2023-01-26 07:09:15', 0, 'default-avatar.png', 0, '#2180f3'),
(6, 'Happy Cook', 'seller5@gmail.com', '2023-01-20 08:43:57', '$2y$10$S.sCEjLlhzzKFfWTt7vCRek0aB3iRFNZX5FfloFbLE6kYh/ya70su', 1, NULL, 0, 'XLO34VUcaxCDn3kdE5mqQ9idtxXY00O78656Iej3Wdt02ExythYMC8MqRR0t', '2023-01-20 08:43:58', '2023-01-28 10:47:39', 0, '20230128174739.png', 0, '#2180f3'),
(7, 'Half-B Prince', 'seller6@gmail.com', '2023-01-20 08:43:57', '$2y$10$jUU6uIK5QA8RGBehTOnY/etyVq29MeS9CQc6VG9/hGfpoAgubRAHq', 1, NULL, 0, 'sELYMovYCvVFkN4miIHZJhA2WjDXzPNJBaRVdb2FjQCrq9q2kw61E6O1FCHi', '2023-01-20 08:43:58', '2023-02-23 14:46:44', 0, '20230128174828.png', 0, '#2180f3'),
(8, 'Nguyễn Thanh Duy', 'user1@gmail.com', '2023-01-20 08:43:57', '$2y$10$1IjPWf.Xp9SttcPmQjn86eAgyaL8MtjLaN/vaA2phyAbizU8CqORq', 0, NULL, 0, 'GeGbidj6eU5pxzEbJgMpTSMppzmMGqdQ69RXkxsqAqxA08DJ8XMQARL5lXhm', '2023-01-20 08:43:58', '2023-02-10 08:04:22', 0, 'default-avatar.png', 0, '#2180f3'),
(9, 'Nguyễn Thanh Phương', 'user2@gmail.com', '2023-01-20 08:43:57', '$2y$10$b2e8eX5GjeK51tb7ZYZWZ.ruEnr7fF4c/Cf6Kui148B1F4dFBvlVa', 0, NULL, 0, 'vLzuE8VKJEPCQkIUAn50mK1vLIYbXi9kEfH3yKsAAlpXzwhRIekApl5VuytM', '2023-01-20 08:43:58', '2023-01-20 08:43:58', 0, 'default-avatar.png', 0, '#2180f3'),
(10, 'Đỗ Kỳ Duyên', 'user3@gmail.com', '2023-01-20 08:43:57', '$2y$10$oy4V9G8rXfGtB7PLJRhr9OccKbhpeiRfiZemTS0cQs7XojKYcPo4G', 0, NULL, 0, 'uFtzofqRtClWpOp3FVfBqqO7nbZI0qyOwKh6kM2hMbNOciitCQSeV0qr7caP', '2023-01-20 08:43:58', '2023-01-24 16:04:21', 0, 'default-avatar.png', 0, '#2180f3'),
(11, 'Thanh Duy', 'nguyenduy01645@gmail.com', '2023-01-21 14:26:21', '$2y$10$gTv6KAVBbeS8ynSYc1IlH.yeNyJtCs9t916Fjw.6Vvxp2kLmQMVb.', 0, '117305488797010910257', 1, '1xbst2Ox1q1QzA9P965QkSxvfyiUOwrnYKl2thMMETNKsOaQbiLgutUf1zYz', '2023-01-21 14:26:21', '2023-02-25 09:25:52', 0, 'Default_store.png', 0, '#2180f3'),
(12, 'Duy Duy', 'webnangcaodth@gmail.com', '2023-01-27 10:17:54', '$2y$10$HyNPMqLohP6kTQpdr4loqOvIGqQoK34ZOkuyWxgIPgkhG/0KQpQ6e', 0, NULL, 0, NULL, '2023-01-27 10:17:25', '2023-01-28 10:04:35', 0, 'default-avatar.png', 0, '#2180f3'),
(13, 'Duy Thanh', 'thanhduyduy1412@gmail.com', '2023-01-28 09:59:40', '$2y$10$JAqbzr0wY29g0NzhyH03j.Pdmzp/hQIPaAzhPGhsu/53LYh.OF7Wi', 0, NULL, 0, NULL, '2023-01-28 09:59:14', '2023-01-28 09:59:40', 0, 'default-avatar.png', 0, '#2180f3'),
(14, 'kaito6p', 'nhosm12bmtt@gmail.com', '2023-01-28 10:16:32', '$2y$10$Apg2oDNAhWaQOQrEqdddeOvNY4ThLbsgVKMJcJVNUY4mn92DwTXQO', 1, NULL, 0, NULL, '2023-01-28 10:15:43', '2023-01-28 10:17:23', 0, 'default-avatar.png', 0, '#2180f3'),
(15, 'Nguyễn Thanh Duy', '51900053@student.tdtu.edu.vn', '2023-02-18 10:45:55', 'eyJpdiI6ImsrVG51V2Q5R2NySlBLbDIwMmNuV0E9PSIsInZhbHVlIjoiTGlrcTlCYUwyYWw1dVl5TlVnUk8yUT09IiwibWFjIjoiN2JlYTEwYzA5ZmE1MWRlZjcwNTNjODA2ZjM5MzEwOTc3NzJmNmI5YTYyYTQ3MTRmOGM5ZTM3MjIyYjU4MjUzYiIsInRhZyI6IiJ9', 0, '105500862482002817952', 1, NULL, '2023-02-18 10:45:55', '2023-02-18 10:45:55', 0, 'default-avatar.png', 0, '#2180f3'),
(16, 'Duy Nguyễn', 'duy01645@gmail.com', '2023-02-25 04:16:45', 'eyJpdiI6IktFQXg1ekQrS0pDQTVpcTVUMWRNcWc9PSIsInZhbHVlIjoiblJQblcwTGZzcU9iU2VBSno5cEhyZz09IiwibWFjIjoiMTgxMTM0MmFiMTI2NGNiM2MxODZhNDdhZWM1ZDhiNTZjMWM5N2I5YjUxNGJmZGEyMWNiZmUyYzMxMWY2NTNhNiIsInRhZyI6IiJ9', 0, '2463394250479423', 2, NULL, '2023-02-25 04:16:44', '2023-02-25 04:16:45', 0, 'default-avatar.png', 0, '#2180f3');

--
-- Chỉ mục cho các bảng đã đổ
--

--
-- Chỉ mục cho bảng `attributes`
--
ALTER TABLE `attributes`
  ADD PRIMARY KEY (`id`);

--
-- Chỉ mục cho bảng `brands`
--
ALTER TABLE `brands`
  ADD PRIMARY KEY (`id`);

--
-- Chỉ mục cho bảng `carts`
--
ALTER TABLE `carts`
  ADD PRIMARY KEY (`id`),
  ADD KEY `carts_user_id_foreign` (`user_id`),
  ADD KEY `carts_product_id_foreign` (`product_id`);

--
-- Chỉ mục cho bảng `categories`
--
ALTER TABLE `categories`
  ADD PRIMARY KEY (`id`),
  ADD UNIQUE KEY `categories_slug_unique` (`slug`);

--
-- Chỉ mục cho bảng `ch_favorites`
--
ALTER TABLE `ch_favorites`
  ADD PRIMARY KEY (`id`);

--
-- Chỉ mục cho bảng `ch_messages`
--
ALTER TABLE `ch_messages`
  ADD PRIMARY KEY (`id`);

--
-- Chỉ mục cho bảng `failed_jobs`
--
ALTER TABLE `failed_jobs`
  ADD PRIMARY KEY (`id`),
  ADD UNIQUE KEY `failed_jobs_uuid_unique` (`uuid`);

--
-- Chỉ mục cho bảng `migrations`
--
ALTER TABLE `migrations`
  ADD PRIMARY KEY (`id`);

--
-- Chỉ mục cho bảng `ontologies`
--
ALTER TABLE `ontologies`
  ADD PRIMARY KEY (`id`);

--
-- Chỉ mục cho bảng `orders`
--
ALTER TABLE `orders`
  ADD PRIMARY KEY (`id`),
  ADD UNIQUE KEY `bill_id` (`bill_id`),
  ADD KEY `orders_user_id_foreign` (`user_id`);

--
-- Chỉ mục cho bảng `order_items`
--
ALTER TABLE `order_items`
  ADD PRIMARY KEY (`id`),
  ADD KEY `order_items_order_id_foreign` (`order_id`),
  ADD KEY `order_items_product_id_foreign` (`product_id`);

--
-- Chỉ mục cho bảng `password_resets`
--
ALTER TABLE `password_resets`
  ADD KEY `password_resets_email_index` (`email`);

--
-- Chỉ mục cho bảng `personal_access_tokens`
--
ALTER TABLE `personal_access_tokens`
  ADD PRIMARY KEY (`id`),
  ADD UNIQUE KEY `personal_access_tokens_token_unique` (`token`),
  ADD KEY `personal_access_tokens_tokenable_type_tokenable_id_index` (`tokenable_type`,`tokenable_id`);

--
-- Chỉ mục cho bảng `products`
--
ALTER TABLE `products`
  ADD PRIMARY KEY (`id`),
  ADD KEY `products_category_id_foreign` (`category_id`),
  ADD KEY `products_seller_id_foreign` (`seller_id`);

--
-- Chỉ mục cho bảng `product_images`
--
ALTER TABLE `product_images`
  ADD PRIMARY KEY (`id`),
  ADD KEY `product_images_product_id_foreign` (`product_id`);

--
-- Chỉ mục cho bảng `profile_users`
--
ALTER TABLE `profile_users`
  ADD PRIMARY KEY (`id`),
  ADD KEY `profile_users_user_id_foreign` (`user_id`);

--
-- Chỉ mục cho bảng `ratings`
--
ALTER TABLE `ratings`
  ADD PRIMARY KEY (`id`);

--
-- Chỉ mục cho bảng `sellers`
--
ALTER TABLE `sellers`
  ADD PRIMARY KEY (`id`),
  ADD UNIQUE KEY `sellers_store_name_unique` (`store_name`),
  ADD KEY `sellers_user_id_foreign` (`user_id`);

--
-- Chỉ mục cho bảng `users`
--
ALTER TABLE `users`
  ADD PRIMARY KEY (`id`),
  ADD UNIQUE KEY `users_email_unique` (`email`),
  ADD UNIQUE KEY `users_id_social_unique` (`id_social`);

--
-- AUTO_INCREMENT cho các bảng đã đổ
--

--
-- AUTO_INCREMENT cho bảng `attributes`
--
ALTER TABLE `attributes`
  MODIFY `id` bigint(20) UNSIGNED NOT NULL AUTO_INCREMENT, AUTO_INCREMENT=71;

--
-- AUTO_INCREMENT cho bảng `brands`
--
ALTER TABLE `brands`
  MODIFY `id` bigint(20) UNSIGNED NOT NULL AUTO_INCREMENT, AUTO_INCREMENT=24;

--
-- AUTO_INCREMENT cho bảng `carts`
--
ALTER TABLE `carts`
  MODIFY `id` bigint(20) UNSIGNED NOT NULL AUTO_INCREMENT, AUTO_INCREMENT=121;

--
-- AUTO_INCREMENT cho bảng `categories`
--
ALTER TABLE `categories`
  MODIFY `id` bigint(20) UNSIGNED NOT NULL AUTO_INCREMENT, AUTO_INCREMENT=14;

--
-- AUTO_INCREMENT cho bảng `failed_jobs`
--
ALTER TABLE `failed_jobs`
  MODIFY `id` bigint(20) UNSIGNED NOT NULL AUTO_INCREMENT;

--
-- AUTO_INCREMENT cho bảng `migrations`
--
ALTER TABLE `migrations`
  MODIFY `id` int(10) UNSIGNED NOT NULL AUTO_INCREMENT, AUTO_INCREMENT=23;

--
-- AUTO_INCREMENT cho bảng `ontologies`
--
ALTER TABLE `ontologies`
  MODIFY `id` bigint(20) UNSIGNED NOT NULL AUTO_INCREMENT, AUTO_INCREMENT=22;

--
-- AUTO_INCREMENT cho bảng `orders`
--
ALTER TABLE `orders`
  MODIFY `id` bigint(20) UNSIGNED NOT NULL AUTO_INCREMENT, AUTO_INCREMENT=41;

--
-- AUTO_INCREMENT cho bảng `order_items`
--
ALTER TABLE `order_items`
  MODIFY `id` bigint(20) UNSIGNED NOT NULL AUTO_INCREMENT, AUTO_INCREMENT=113;

--
-- AUTO_INCREMENT cho bảng `personal_access_tokens`
--
ALTER TABLE `personal_access_tokens`
  MODIFY `id` bigint(20) UNSIGNED NOT NULL AUTO_INCREMENT;

--
-- AUTO_INCREMENT cho bảng `products`
--
ALTER TABLE `products`
  MODIFY `id` bigint(20) UNSIGNED NOT NULL AUTO_INCREMENT, AUTO_INCREMENT=104;

--
-- AUTO_INCREMENT cho bảng `product_images`
--
ALTER TABLE `product_images`
  MODIFY `id` bigint(20) UNSIGNED NOT NULL AUTO_INCREMENT, AUTO_INCREMENT=319;

--
-- AUTO_INCREMENT cho bảng `profile_users`
--
ALTER TABLE `profile_users`
  MODIFY `id` bigint(20) UNSIGNED NOT NULL AUTO_INCREMENT, AUTO_INCREMENT=13;

--
-- AUTO_INCREMENT cho bảng `ratings`
--
ALTER TABLE `ratings`
  MODIFY `id` bigint(20) UNSIGNED NOT NULL AUTO_INCREMENT, AUTO_INCREMENT=1174;

--
-- AUTO_INCREMENT cho bảng `sellers`
--
ALTER TABLE `sellers`
  MODIFY `id` bigint(20) UNSIGNED NOT NULL AUTO_INCREMENT, AUTO_INCREMENT=14;

--
-- AUTO_INCREMENT cho bảng `users`
--
ALTER TABLE `users`
  MODIFY `id` bigint(20) UNSIGNED NOT NULL AUTO_INCREMENT, AUTO_INCREMENT=17;

--
-- Các ràng buộc cho các bảng đã đổ
--

--
-- Các ràng buộc cho bảng `carts`
--
ALTER TABLE `carts`
  ADD CONSTRAINT `carts_product_id_foreign` FOREIGN KEY (`product_id`) REFERENCES `products` (`id`) ON DELETE CASCADE,
  ADD CONSTRAINT `carts_user_id_foreign` FOREIGN KEY (`user_id`) REFERENCES `users` (`id`) ON DELETE CASCADE;

--
-- Các ràng buộc cho bảng `orders`
--
ALTER TABLE `orders`
  ADD CONSTRAINT `orders_user_id_foreign` FOREIGN KEY (`user_id`) REFERENCES `users` (`id`) ON DELETE CASCADE;

--
-- Các ràng buộc cho bảng `order_items`
--
ALTER TABLE `order_items`
  ADD CONSTRAINT `order_items_order_id_foreign` FOREIGN KEY (`order_id`) REFERENCES `orders` (`id`) ON DELETE CASCADE,
  ADD CONSTRAINT `order_items_product_id_foreign` FOREIGN KEY (`product_id`) REFERENCES `products` (`id`) ON DELETE CASCADE;

--
-- Các ràng buộc cho bảng `products`
--
ALTER TABLE `products`
  ADD CONSTRAINT `products_category_id_foreign` FOREIGN KEY (`category_id`) REFERENCES `categories` (`id`) ON DELETE CASCADE,
  ADD CONSTRAINT `products_seller_id_foreign` FOREIGN KEY (`seller_id`) REFERENCES `sellers` (`id`) ON DELETE CASCADE;

--
-- Các ràng buộc cho bảng `product_images`
--
ALTER TABLE `product_images`
  ADD CONSTRAINT `product_images_product_id_foreign` FOREIGN KEY (`product_id`) REFERENCES `products` (`id`) ON DELETE CASCADE;

--
-- Các ràng buộc cho bảng `profile_users`
--
ALTER TABLE `profile_users`
  ADD CONSTRAINT `profile_users_user_id_foreign` FOREIGN KEY (`user_id`) REFERENCES `users` (`id`) ON DELETE CASCADE;

--
-- Các ràng buộc cho bảng `sellers`
--
ALTER TABLE `sellers`
  ADD CONSTRAINT `sellers_user_id_foreign` FOREIGN KEY (`user_id`) REFERENCES `users` (`id`) ON DELETE CASCADE;
COMMIT;

/*!40101 SET CHARACTER_SET_CLIENT=@OLD_CHARACTER_SET_CLIENT */;
/*!40101 SET CHARACTER_SET_RESULTS=@OLD_CHARACTER_SET_RESULTS */;
/*!40101 SET COLLATION_CONNECTION=@OLD_COLLATION_CONNECTION */;
